-- Generated by Craft v2.6.2795 on Jul 11, 2016, 12:28:49 AM.

--
-- Disable foreign key checks and autocommit.
--

SET FOREIGN_KEY_CHECKS = 0;
SET SQL_MODE = "NO_AUTO_VALUE_ON_ZERO";
SET AUTOCOMMIT = 0;
SET NAMES utf8;


DROP TABLE IF EXISTS `craft_assetfiles`;


--
-- Schema for table `craft_assetfiles`
--
CREATE TABLE `craft_assetfiles` (
  `id` int(11) NOT NULL,
  `sourceId` int(11) DEFAULT NULL,
  `folderId` int(11) NOT NULL,
  `filename` varchar(255) COLLATE utf8_unicode_ci NOT NULL,
  `kind` varchar(50) COLLATE utf8_unicode_ci NOT NULL DEFAULT 'unknown',
  `width` int(11) unsigned DEFAULT NULL,
  `height` int(11) unsigned DEFAULT NULL,
  `size` bigint(20) unsigned DEFAULT NULL,
  `dateModified` datetime DEFAULT NULL,
  `dateCreated` datetime NOT NULL,
  `dateUpdated` datetime NOT NULL,
  `uid` char(36) COLLATE utf8_unicode_ci NOT NULL DEFAULT '0',
  PRIMARY KEY (`id`),
  UNIQUE KEY `craft_assetfiles_filename_folderId_unq_idx` (`filename`,`folderId`),
  KEY `craft_assetfiles_sourceId_fk` (`sourceId`),
  KEY `craft_assetfiles_folderId_fk` (`folderId`)
) ENGINE=InnoDB DEFAULT CHARSET=utf8 COLLATE=utf8_unicode_ci;

--
-- Data for table `craft_assetfiles`
--

INSERT INTO `craft_assetfiles` (`id`, `sourceId`, `folderId`, `filename`, `kind`, `width`, `height`, `size`, `dateModified`, `dateCreated`, `dateUpdated`, `uid`) VALUES
 ('7', NULL, '6', 'gecko1.jpg', 'image', '200', '300', '20983', '2016-07-09 17:07:00', '2016-07-09 17:07:00', '2016-07-09 17:07:16', '87435053-9b61-457e-a044-845e06d2b42e'),
 ('10', '2', '8', 'gecko2.jpg', 'image', '200', '133', '9349', '2016-07-09 17:05:37', '2016-07-09 17:47:14', '2016-07-10 21:46:02', 'c3f46210-52c9-4150-979e-e9d8bf28900b'),
 ('11', '2', '8', 'headerBG.png', 'image', '463', '210', '16113', '2016-07-08 18:46:24', '2016-07-09 17:47:14', '2016-07-10 21:46:02', '33e14e88-33f1-4e3e-a6c7-b993d17e0670'),
 ('12', '2', '8', 'leopardgecko.png', 'image', '715', '578', '411637', '2016-07-08 20:06:28', '2016-07-09 17:47:14', '2016-07-10 21:46:02', '7d204081-bc85-4f18-90e8-96cf51aa29dc'),
 ('19', '2', '10', 'gecko1.jpg', 'image', '220', '124', '10603', '2016-07-10 16:45:36', '2016-07-10 16:11:33', '2016-07-10 21:46:02', 'b930812b-c255-4da6-bfe5-907f3dc62986'),
 ('22', '2', '8', 'gecko1.jpg', 'image', '220', '124', '10603', '2016-07-10 16:44:50', '2016-07-10 16:44:51', '2016-07-10 21:46:02', 'f998e63c-f98e-42bd-88f2-0c9a746564c8'),
 ('26', '2', '10', 'alice.jpg', 'image', '220', '121', '14374', '2016-07-10 16:50:51', '2016-07-10 16:50:51', '2016-07-10 21:46:01', '6f316086-97b3-4c0b-9f97-b204c6a3574f'),
 ('27', '2', '10', 'hayday.jpg', 'image', '220', '90', '11032', '2016-07-10 16:51:36', '2016-07-10 16:51:36', '2016-07-10 21:46:02', 'a4272a90-61af-40c1-a3ce-b369a329a8a6'),
 ('28', '2', '10', 'mrcleo.jpg', 'image', '220', '124', '10603', '2016-07-10 16:54:52', '2016-07-10 16:54:53', '2016-07-10 21:46:02', '288a3922-6ff0-4d18-99b5-b0d90fee091f'),
 ('29', '2', '8', 'gecko3.jpg', 'image', '1200', '400', '118773', '2016-07-10 17:30:05', '2016-07-10 17:30:05', '2016-07-10 21:46:02', '247cc9b6-d248-4fa5-9f6e-7116de274233');



DROP TABLE IF EXISTS `craft_assetfolders`;


--
-- Schema for table `craft_assetfolders`
--
CREATE TABLE `craft_assetfolders` (
  `id` int(11) NOT NULL AUTO_INCREMENT,
  `parentId` int(11) DEFAULT NULL,
  `sourceId` int(11) DEFAULT NULL,
  `name` varchar(255) COLLATE utf8_unicode_ci NOT NULL,
  `path` varchar(255) COLLATE utf8_unicode_ci DEFAULT NULL,
  `dateCreated` datetime NOT NULL,
  `dateUpdated` datetime NOT NULL,
  `uid` char(36) COLLATE utf8_unicode_ci NOT NULL DEFAULT '0',
  PRIMARY KEY (`id`),
  UNIQUE KEY `craft_assetfolders_name_parentId_sourceId_unq_idx` (`name`,`parentId`,`sourceId`),
  KEY `craft_assetfolders_parentId_fk` (`parentId`),
  KEY `craft_assetfolders_sourceId_fk` (`sourceId`)
) ENGINE=InnoDB AUTO_INCREMENT=11 DEFAULT CHARSET=utf8 COLLATE=utf8_unicode_ci;

--
-- Data for table `craft_assetfolders`
--

INSERT INTO `craft_assetfolders` (`id`, `parentId`, `sourceId`, `name`, `path`, `dateCreated`, `dateUpdated`, `uid`) VALUES
 ('1', NULL, NULL, 'Temporary source', NULL, '2016-07-09 17:02:46', '2016-07-09 17:02:46', 'eda4e033-ff97-4e92-8780-5900b6df6a71'),
 ('2', '1', NULL, 'user_1', NULL, '2016-07-09 17:02:46', '2016-07-09 17:02:46', 'bf395cab-b6a2-456b-80a1-d34eb381f1c5'),
 ('3', '2', NULL, 'field_6', 'field_6/', '2016-07-09 17:02:46', '2016-07-09 17:02:46', 'aaa98a9c-a401-48af-a1c0-195f8d3847c9'),
 ('4', '1', NULL, 'assets', 'assets/', '2016-07-09 17:07:16', '2016-07-09 17:07:16', '31bf26af-6275-422a-be95-471ce1bf6aa2'),
 ('5', '4', NULL, 'images', 'assets/images/', '2016-07-09 17:07:16', '2016-07-09 17:07:16', '096e4d61-2684-4d71-8dc6-9e6005fb9516'),
 ('6', '5', NULL, 'geckos', 'assets/images/geckos/', '2016-07-09 17:07:16', '2016-07-09 17:07:16', '8c861eb6-b758-4ff1-b69b-f69830c7e10b'),
 ('8', NULL, '2', 'images', '', '2016-07-09 17:30:53', '2016-07-09 17:30:53', '739dc131-7575-4e9d-aaf6-f0befeb770bc'),
 ('9', '8', '2', 'assets', 'assets/', '2016-07-10 16:11:53', '2016-07-10 16:11:53', '6b2d4705-a107-4648-bdfd-a020ffa6545e'),
 ('10', '9', '2', 'images', 'assets/images/', '2016-07-10 16:11:53', '2016-07-10 16:11:53', 'aa0165e3-8710-40af-ac80-39fd1176b01a');



DROP TABLE IF EXISTS `craft_assetindexdata`;


--
-- Schema for table `craft_assetindexdata`
--
CREATE TABLE `craft_assetindexdata` (
  `id` int(11) NOT NULL AUTO_INCREMENT,
  `sessionId` varchar(36) COLLATE utf8_unicode_ci NOT NULL DEFAULT '',
  `sourceId` int(10) NOT NULL,
  `offset` int(10) NOT NULL,
  `uri` varchar(255) COLLATE utf8_unicode_ci DEFAULT NULL,
  `size` varchar(255) COLLATE utf8_unicode_ci DEFAULT NULL,
  `recordId` int(10) DEFAULT NULL,
  `dateCreated` datetime NOT NULL,
  `dateUpdated` datetime NOT NULL,
  `uid` char(36) COLLATE utf8_unicode_ci NOT NULL DEFAULT '0',
  PRIMARY KEY (`id`),
  UNIQUE KEY `craft_assetindexdata_sessionId_sourceId_offset_unq_idx` (`sessionId`,`sourceId`,`offset`),
  KEY `craft_assetindexdata_sourceId_fk` (`sourceId`)
) ENGINE=InnoDB DEFAULT CHARSET=utf8 COLLATE=utf8_unicode_ci;

DROP TABLE IF EXISTS `craft_assetsources`;


--
-- Schema for table `craft_assetsources`
--
CREATE TABLE `craft_assetsources` (
  `id` int(11) NOT NULL AUTO_INCREMENT,
  `name` varchar(255) COLLATE utf8_unicode_ci NOT NULL,
  `handle` varchar(255) COLLATE utf8_unicode_ci NOT NULL,
  `type` varchar(150) COLLATE utf8_unicode_ci NOT NULL,
  `settings` text COLLATE utf8_unicode_ci,
  `sortOrder` smallint(6) unsigned DEFAULT NULL,
  `fieldLayoutId` int(10) DEFAULT NULL,
  `dateCreated` datetime NOT NULL,
  `dateUpdated` datetime NOT NULL,
  `uid` char(36) COLLATE utf8_unicode_ci NOT NULL DEFAULT '0',
  PRIMARY KEY (`id`),
  UNIQUE KEY `craft_assetsources_name_unq_idx` (`name`),
  UNIQUE KEY `craft_assetsources_handle_unq_idx` (`handle`),
  KEY `craft_assetsources_fieldLayoutId_fk` (`fieldLayoutId`)
) ENGINE=InnoDB AUTO_INCREMENT=3 DEFAULT CHARSET=utf8 COLLATE=utf8_unicode_ci;

--
-- Data for table `craft_assetsources`
--

INSERT INTO `craft_assetsources` (`id`, `name`, `handle`, `type`, `settings`, `sortOrder`, `fieldLayoutId`, `dateCreated`, `dateUpdated`, `uid`) VALUES
 ('2', 'images', 'images', 'Local', '{\"path\":\"assets\\/images\\/\",\"publicURLs\":\"1\",\"url\":\"http:\\/\\/localhost:8888\\/assets\\/images\\/\"}', '1', '34', '2016-07-09 17:30:53', '2016-07-10 16:04:50', 'bcfc88e1-0049-42c0-90a4-c8016d1705ef');



DROP TABLE IF EXISTS `craft_assettransformindex`;


--
-- Schema for table `craft_assettransformindex`
--
CREATE TABLE `craft_assettransformindex` (
  `id` int(11) NOT NULL AUTO_INCREMENT,
  `fileId` int(11) NOT NULL,
  `filename` varchar(255) COLLATE utf8_unicode_ci DEFAULT NULL,
  `format` varchar(255) COLLATE utf8_unicode_ci DEFAULT NULL,
  `location` varchar(255) COLLATE utf8_unicode_ci NOT NULL,
  `sourceId` int(11) DEFAULT NULL,
  `fileExists` tinyint(1) DEFAULT NULL,
  `inProgress` tinyint(1) DEFAULT NULL,
  `dateIndexed` datetime DEFAULT NULL,
  `dateCreated` datetime NOT NULL,
  `dateUpdated` datetime NOT NULL,
  `uid` char(36) COLLATE utf8_unicode_ci NOT NULL DEFAULT '0',
  PRIMARY KEY (`id`),
  KEY `craft_assettransformindex_sourceId_fileId_location_idx` (`sourceId`,`fileId`,`location`)
) ENGINE=InnoDB DEFAULT CHARSET=utf8 COLLATE=utf8_unicode_ci;

DROP TABLE IF EXISTS `craft_assettransforms`;


--
-- Schema for table `craft_assettransforms`
--
CREATE TABLE `craft_assettransforms` (
  `id` int(11) NOT NULL AUTO_INCREMENT,
  `name` varchar(255) COLLATE utf8_unicode_ci NOT NULL,
  `handle` varchar(255) COLLATE utf8_unicode_ci NOT NULL,
  `mode` enum('stretch','fit','crop') COLLATE utf8_unicode_ci NOT NULL DEFAULT 'crop',
  `position` enum('top-left','top-center','top-right','center-left','center-center','center-right','bottom-left','bottom-center','bottom-right') COLLATE utf8_unicode_ci NOT NULL DEFAULT 'center-center',
  `height` int(10) DEFAULT NULL,
  `width` int(10) DEFAULT NULL,
  `format` varchar(255) COLLATE utf8_unicode_ci DEFAULT NULL,
  `quality` int(10) DEFAULT NULL,
  `dimensionChangeTime` datetime DEFAULT NULL,
  `dateCreated` datetime NOT NULL,
  `dateUpdated` datetime NOT NULL,
  `uid` char(36) COLLATE utf8_unicode_ci NOT NULL DEFAULT '0',
  PRIMARY KEY (`id`),
  UNIQUE KEY `craft_assettransforms_name_unq_idx` (`name`),
  UNIQUE KEY `craft_assettransforms_handle_unq_idx` (`handle`)
) ENGINE=InnoDB DEFAULT CHARSET=utf8 COLLATE=utf8_unicode_ci;

DROP TABLE IF EXISTS `craft_categories`;


--
-- Schema for table `craft_categories`
--
CREATE TABLE `craft_categories` (
  `id` int(11) NOT NULL,
  `groupId` int(11) NOT NULL,
  `dateCreated` datetime NOT NULL,
  `dateUpdated` datetime NOT NULL,
  `uid` char(36) COLLATE utf8_unicode_ci NOT NULL DEFAULT '0',
  PRIMARY KEY (`id`),
  KEY `craft_categories_groupId_fk` (`groupId`)
) ENGINE=InnoDB DEFAULT CHARSET=utf8 COLLATE=utf8_unicode_ci;

DROP TABLE IF EXISTS `craft_categorygroups`;


--
-- Schema for table `craft_categorygroups`
--
CREATE TABLE `craft_categorygroups` (
  `id` int(11) NOT NULL AUTO_INCREMENT,
  `structureId` int(11) NOT NULL,
  `fieldLayoutId` int(11) DEFAULT NULL,
  `name` varchar(255) COLLATE utf8_unicode_ci NOT NULL,
  `handle` varchar(255) COLLATE utf8_unicode_ci NOT NULL,
  `hasUrls` tinyint(1) unsigned NOT NULL DEFAULT '1',
  `template` varchar(500) COLLATE utf8_unicode_ci DEFAULT NULL,
  `dateCreated` datetime NOT NULL,
  `dateUpdated` datetime NOT NULL,
  `uid` char(36) COLLATE utf8_unicode_ci NOT NULL DEFAULT '0',
  PRIMARY KEY (`id`),
  UNIQUE KEY `craft_categorygroups_name_unq_idx` (`name`),
  UNIQUE KEY `craft_categorygroups_handle_unq_idx` (`handle`),
  KEY `craft_categorygroups_structureId_fk` (`structureId`),
  KEY `craft_categorygroups_fieldLayoutId_fk` (`fieldLayoutId`)
) ENGINE=InnoDB DEFAULT CHARSET=utf8 COLLATE=utf8_unicode_ci;

DROP TABLE IF EXISTS `craft_categorygroups_i18n`;


--
-- Schema for table `craft_categorygroups_i18n`
--
CREATE TABLE `craft_categorygroups_i18n` (
  `id` int(11) NOT NULL AUTO_INCREMENT,
  `groupId` int(11) NOT NULL,
  `locale` char(12) COLLATE utf8_unicode_ci NOT NULL,
  `urlFormat` text COLLATE utf8_unicode_ci,
  `nestedUrlFormat` text COLLATE utf8_unicode_ci,
  `dateCreated` datetime NOT NULL,
  `dateUpdated` datetime NOT NULL,
  `uid` char(36) COLLATE utf8_unicode_ci NOT NULL DEFAULT '0',
  PRIMARY KEY (`id`),
  UNIQUE KEY `craft_categorygroups_i18n_groupId_locale_unq_idx` (`groupId`,`locale`),
  KEY `craft_categorygroups_i18n_locale_fk` (`locale`)
) ENGINE=InnoDB DEFAULT CHARSET=utf8 COLLATE=utf8_unicode_ci;

DROP TABLE IF EXISTS `craft_content`;


--
-- Schema for table `craft_content`
--
CREATE TABLE `craft_content` (
  `id` int(11) NOT NULL AUTO_INCREMENT,
  `elementId` int(11) NOT NULL,
  `locale` char(12) COLLATE utf8_unicode_ci NOT NULL,
  `title` varchar(255) COLLATE utf8_unicode_ci DEFAULT NULL,
  `field_body` text COLLATE utf8_unicode_ci,
  `field_geckoName` text COLLATE utf8_unicode_ci,
  `field_orbheading` varchar(10) COLLATE utf8_unicode_ci DEFAULT NULL,
  `field_orblist` text COLLATE utf8_unicode_ci,
  `field_orbStory` text COLLATE utf8_unicode_ci,
  `dateCreated` datetime NOT NULL,
  `dateUpdated` datetime NOT NULL,
  `uid` char(36) COLLATE utf8_unicode_ci NOT NULL DEFAULT '0',
  PRIMARY KEY (`id`),
  UNIQUE KEY `craft_content_elementId_locale_unq_idx` (`elementId`,`locale`),
  KEY `craft_content_title_idx` (`title`),
  KEY `craft_content_locale_fk` (`locale`)
) ENGINE=InnoDB AUTO_INCREMENT=33 DEFAULT CHARSET=utf8 COLLATE=utf8_unicode_ci;

--
-- Data for table `craft_content`
--

INSERT INTO `craft_content` (`id`, `elementId`, `locale`, `title`, `field_body`, `field_geckoName`, `field_orbheading`, `field_orblist`, `field_orbStory`, `dateCreated`, `dateUpdated`, `uid`) VALUES
 ('1', '1', 'en_us', NULL, NULL, NULL, NULL, NULL, NULL, '2016-07-07 19:23:41', '2016-07-07 19:34:57', '78da33be-39fa-4bb7-962f-80c7c6827292'),
 ('2', '2', 'en_us', 'Welcome to Leo Gecko!', '<p>It’s true, this site doesn’t have a whole lot of content yet, but don’t worry. We have just installed the CMS, and we’re setting things up for the content editors this very moment. Soon Leo Gecko will be an oasis of fresh perspectives, sharp analyses, and astute opinions that will keep you coming back again and again and again!</p>', NULL, NULL, NULL, NULL, '2016-07-07 19:23:43', '2016-07-08 15:32:27', '3d9909ff-78b3-4ed9-9e73-c491d25fd8fc'),
 ('3', '3', 'en_us', 'We just installed Craft!', '<p>Craft is the CMS that’s powering Localhost. It’s beautiful, powerful, flexible, and easy-to-use, and it’s made by Pixel &amp; Tonic. We can’t wait to dive in and see what it’s capable of!</p><!--pagebreak--><p>This is even more captivating content, which you couldn’t see on the News index page because it was entered after a Page Break, and the News index template only likes to show the content on the first page.</p><p>Craft: a nice alternative to Word, if you’re making a website.</p>', NULL, NULL, NULL, NULL, '2016-07-07 19:23:43', '2016-07-07 19:51:00', '33721683-8066-40a9-80b3-cdfb26396a95'),
 ('4', '4', 'en_us', 'About', '<p>There\'s nothing unique about us. In fact, we\'re probably just like you, having a love for reptiles and an overbearing desire to love the oh-so personable leopard gecko. We are not breeders or specialists in any way. We\'ve learned by trial, error and the internet. So much that we like to think our geckos live in a technologically advanced environment. True. I like to tap a camera that I have pointed into their crate and watch them regardless of where I\'m at. Also, like having the ability to monitor humidity and temp from afar. With todays tech, I can provide better for them even if I am a bit anal about it.</p>\n\n<p>We decided to start blogging after many began contacting us and asking a ton of questions. I love answering those questions but it became so time consuming none of us could keep up. Additionally, a lot of the questions and comments we began receiving didn\'t make sense to us so a blog was born.</p>\n\n\n\n\n\n\n\n\n\n\n\n\n\n\n\n<p>You\'re more than welcome to take what interest you but please give of us a shout-out if your using our content elsewhere. Leave the rest at the curb for someone else. Remember, we are not experts and have several $300 vet bills to prove it!</p>', '', NULL, NULL, NULL, '2016-07-08 21:35:26', '2016-07-10 17:30:59', '170199d4-cdde-4906-9f89-4b0157a724e6'),
 ('5', '5', 'en_us', 'Gallery', NULL, NULL, NULL, NULL, NULL, '2016-07-08 22:24:04', '2016-07-08 22:24:04', '4918b4cb-7661-4bd2-91b3-c605b9f1325e'),
 ('6', '6', 'en_us', 'Products', NULL, NULL, NULL, NULL, NULL, '2016-07-08 22:24:52', '2016-07-08 22:24:52', '43c02a27-d16f-4cd8-8600-bbbec9c336b0'),
 ('7', '7', 'en_us', 'Gecko1', NULL, NULL, NULL, NULL, NULL, '2016-07-09 17:07:00', '2016-07-09 17:07:16', '893ab161-61c9-4535-b14b-3320831acce9'),
 ('10', '10', 'en_us', 'Gecko2', NULL, NULL, NULL, NULL, NULL, '2016-07-09 17:47:14', '2016-07-10 21:46:02', '0614275f-ace8-40f0-b77c-c302ee736f79'),
 ('11', '11', 'en_us', 'Header Bg', NULL, NULL, NULL, NULL, NULL, '2016-07-09 17:47:14', '2016-07-10 21:46:02', '23ac709c-1c40-4514-8ece-7bdca942d929'),
 ('12', '12', 'en_us', 'Leopardgecko', NULL, NULL, NULL, NULL, NULL, '2016-07-09 17:47:14', '2016-07-10 21:46:02', '7d5144ff-4f95-4d95-b84f-2f0cac4edb94'),
 ('14', '14', 'en_us', 'This SUCKS!', '<p>OMG!</p><p>This CMS is facking killing me! How in the hell am I supposed to create a section for the home page orbs? </p>', NULL, NULL, NULL, NULL, '2016-07-09 23:28:22', '2016-07-09 23:28:22', '43c5cb43-953f-47c7-9717-9238b2412ed6'),
 ('15', '15', 'en_us', 'Product links for resellable content', '<p>Humidity Trackers</p><p><a href=\"http://www.temperaturealert.com/Wireless-Temperature-Store/Temperature-Alert-WiFi-Sensor.aspx\"></a><a href=\"http://www.temperaturealert.com/Wireless-Temperature-Store/Temperature-Alert-WiFi-Sensor.aspx\">http://www.temperaturealert.co...</a></p>\n\n<p><a href=\"https://www.zoro.com/lascar-wifi-data-logger-temperature-cloud-el-wifi-t/i/G8109701/?gclid=Cj0KEQjw5Ie8BRCJ9fHlr_bH24cBEiQAkoDQcXP5wu060XIuk7VVA0C340XYxv8sJa3OzayB3g4YaY0aAkwH8P8HAQ&amp;gclsrc=aw.ds\">https://www.zoro.com/lascar-wi...</a><br /></p>\n\n<p><a href=\"https://www.lacrossetechnology.com/?gclid=Cj0KEQjw5Ie8BRCJ9fHlr_bH24cBEiQAkoDQcbXedY5GBC8yniibXgSvShtGxIQisrxnHMc29geHNEAaAg_W8P8HAQ\">https://www.lacrossetechnology...</a><br /></p><p>Incubators</p><p><a href=\"http://incubatorwarehouse.com/egg-incubators/reptile-incubators.html\">http://incubatorwarehouse.com/...</a><br /></p>', NULL, NULL, NULL, NULL, '2016-07-10 15:24:32', '2016-07-10 15:29:15', 'af2e42b8-3dac-47ef-8ab4-03d33d36b9e5'),
 ('19', '19', 'en_us', 'Gecko1', NULL, NULL, NULL, NULL, NULL, '2016-07-10 16:11:33', '2016-07-10 21:46:02', '2c1882e7-f472-4290-b3ba-644e7c2ef6d4'),
 ('20', '20', 'en_us', 'Mr. Cleo', NULL, 'Mr. Cleo', NULL, NULL, NULL, '2016-07-10 16:11:53', '2016-07-10 16:54:58', '863cb329-0d90-467d-a509-bc6c3012634d'),
 ('22', '22', 'en_us', 'Gecko1', NULL, NULL, NULL, NULL, NULL, '2016-07-10 16:44:51', '2016-07-10 21:46:02', 'dded00bf-2246-4a94-83e6-ccbce5c9314a'),
 ('24', '24', 'en_us', 'Alice', NULL, 'Alice', NULL, NULL, NULL, '2016-07-10 16:46:40', '2016-07-10 16:50:58', '3aa433f2-afeb-4a0b-8fae-10b23c262533'),
 ('25', '25', 'en_us', 'HayDay', NULL, 'HayDay', NULL, NULL, NULL, '2016-07-10 16:46:54', '2016-07-10 16:51:43', 'ee861726-3d1f-456c-91f7-ce0557c3d652'),
 ('26', '26', 'en_us', 'Alice', NULL, NULL, NULL, NULL, NULL, '2016-07-10 16:50:51', '2016-07-10 21:46:01', 'f3548056-3a79-4faf-9a99-8b83587d3229'),
 ('27', '27', 'en_us', 'Hayday', NULL, NULL, NULL, NULL, NULL, '2016-07-10 16:51:36', '2016-07-10 21:46:02', 'cf201128-a24d-4932-96e2-e8b73b2eed12'),
 ('28', '28', 'en_us', 'Mrcleo', NULL, NULL, NULL, NULL, NULL, '2016-07-10 16:54:52', '2016-07-10 21:46:02', '485a3e41-7cd2-4572-a573-57c0e900fb24'),
 ('29', '29', 'en_us', 'Gecko3', NULL, NULL, NULL, NULL, NULL, '2016-07-10 17:30:05', '2016-07-10 21:46:02', 'dc0cd78c-56b2-4cc4-b329-bec250a4e1f2'),
 ('30', '30', 'en_us', 'orb1', NULL, NULL, 'our geckos', '<ul><li>baby geckos</li><li>small geckos</li><li>large geckos</li></ul>', '<p>Of course, we think our leopard geckos are the best and most unique of reptiles. Hopefully, this is how you feel about yours. We also think of our geckos as the greatest of entertainers but each of them have unique personalities. HayDay for instance is our climber. Once the crate opens up her head is pointed straight up and she awaits a lift into the outer domain. She is curious and leaves no stone unturned. She is by far the most active. Additionally, she is not sexually mature as our other female is. She also has no issue with buddying up with our mature male or even stepping on his head to get to food. She is a big eater, too.</p>\n\n<p>Alice is a sexually mature female who is currently laying eggs every 2 weeks...</p>\n\n<p>Mr. Cleo is our stud...</p>', '2016-07-10 18:45:08', '2016-07-10 22:43:38', 'e9cb93e9-4319-4ed2-8e74-a2eef3911bbd'),
 ('31', '31', 'en_us', 'orb2', NULL, NULL, 'gecko food', '<ul><li>mealworms</li><li>dubia roaches</li><li>superworms</li></ul>', '<p>We feed our leopard geckos meal worms for a staple and supplement their diets with dubias, wax worms, occasional superworms as well as calcium + D3...</p>', '2016-07-10 19:12:17', '2016-07-10 22:35:44', '6dd4397f-75ac-47ca-92e6-53a2df735f30'),
 ('32', '32', 'en_us', 'orb3', NULL, NULL, 'gecko care', '<ul><li>habitat</li><li>sexing: male or female</li><li>health/sickness</li></ul>', '<p>As with all pets, leopard geckos depend on us for complete and unconditional care. The better their habitat and environment is maintained the happier they are. </p><p>When we received Mr.Cleo he was in dire straits. He wasn\'t malnourished but he had several layers of bad sheds that had piled up in bad places. His eyelids and toes took the worse hit. I had no idea how to care for a leopard gecko other than a crash course of Google but one thing I was sure about. He didn\'t look right. His eyes were black and he was not eating. So, I took him to the vet who luckily had leopard geckos of her own. $260 later we took Mr. Cleo home. In the ensuing few days, I learned that because his eyes were infected due to the bad sheds piling up on his lower eyelids, he could not see his food so gave up on hunting. 2-3 times a day I gave him eye drops and fed him through a syringe. Within 2 weeks he began eating again and had a perfect shed thanks to being moved into an environment where we could monitor and maintain humidity. </p><p>The point of this story is that we inherited Mr.Cleo and knew nothing about caring for him. However, he let us know the best way he could that he needed help. That was a long time ago and I\'ve not had to take any of our leo\'s to a vet since (knock on wood). We love them and look after them daily. We are lucky to have each other.  </p>', '2016-07-10 19:17:03', '2016-07-10 22:53:06', '1956fc8b-b498-4a39-884d-682593157f80');



DROP TABLE IF EXISTS `craft_deprecationerrors`;


--
-- Schema for table `craft_deprecationerrors`
--
CREATE TABLE `craft_deprecationerrors` (
  `id` int(11) NOT NULL AUTO_INCREMENT,
  `key` varchar(255) COLLATE utf8_unicode_ci NOT NULL,
  `fingerprint` varchar(255) COLLATE utf8_unicode_ci NOT NULL,
  `lastOccurrence` datetime NOT NULL,
  `file` varchar(255) COLLATE utf8_unicode_ci NOT NULL,
  `line` smallint(6) unsigned NOT NULL,
  `class` varchar(255) COLLATE utf8_unicode_ci DEFAULT NULL,
  `method` varchar(255) COLLATE utf8_unicode_ci DEFAULT NULL,
  `template` varchar(255) COLLATE utf8_unicode_ci DEFAULT NULL,
  `templateLine` smallint(6) unsigned DEFAULT NULL,
  `message` varchar(255) COLLATE utf8_unicode_ci DEFAULT NULL,
  `traces` text COLLATE utf8_unicode_ci,
  `dateCreated` datetime NOT NULL,
  `dateUpdated` datetime NOT NULL,
  `uid` char(36) COLLATE utf8_unicode_ci NOT NULL DEFAULT '0',
  PRIMARY KEY (`id`),
  UNIQUE KEY `craft_deprecationerrors_key_fingerprint_unq_idx` (`key`,`fingerprint`)
) ENGINE=InnoDB DEFAULT CHARSET=utf8 COLLATE=utf8_unicode_ci;

DROP TABLE IF EXISTS `craft_elementindexsettings`;


--
-- Schema for table `craft_elementindexsettings`
--
CREATE TABLE `craft_elementindexsettings` (
  `id` int(11) NOT NULL AUTO_INCREMENT,
  `type` varchar(150) COLLATE utf8_unicode_ci NOT NULL,
  `settings` text COLLATE utf8_unicode_ci,
  `dateCreated` datetime NOT NULL,
  `dateUpdated` datetime NOT NULL,
  `uid` char(36) COLLATE utf8_unicode_ci NOT NULL DEFAULT '0',
  PRIMARY KEY (`id`),
  UNIQUE KEY `craft_elementindexsettings_type_unq_idx` (`type`)
) ENGINE=InnoDB DEFAULT CHARSET=utf8 COLLATE=utf8_unicode_ci;

DROP TABLE IF EXISTS `craft_elements`;


--
-- Schema for table `craft_elements`
--
CREATE TABLE `craft_elements` (
  `id` int(11) NOT NULL AUTO_INCREMENT,
  `type` varchar(150) COLLATE utf8_unicode_ci NOT NULL,
  `enabled` tinyint(1) unsigned NOT NULL DEFAULT '1',
  `archived` tinyint(1) unsigned NOT NULL DEFAULT '0',
  `dateCreated` datetime NOT NULL,
  `dateUpdated` datetime NOT NULL,
  `uid` char(36) COLLATE utf8_unicode_ci NOT NULL DEFAULT '0',
  PRIMARY KEY (`id`),
  KEY `craft_elements_type_idx` (`type`),
  KEY `craft_elements_enabled_idx` (`enabled`),
  KEY `craft_elements_archived_dateCreated_idx` (`archived`,`dateCreated`)
) ENGINE=InnoDB AUTO_INCREMENT=33 DEFAULT CHARSET=utf8 COLLATE=utf8_unicode_ci;

--
-- Data for table `craft_elements`
--

INSERT INTO `craft_elements` (`id`, `type`, `enabled`, `archived`, `dateCreated`, `dateUpdated`, `uid`) VALUES
 ('1', 'User', '1', '0', '2016-07-07 19:23:40', '2016-07-07 19:34:57', 'ebb81456-fcc3-4c80-9933-b1c4894213cb'),
 ('2', 'Entry', '1', '0', '2016-07-07 19:23:43', '2016-07-08 15:32:27', '6b1b9ccd-15ec-4408-b270-97213db42980'),
 ('3', 'Entry', '1', '0', '2016-07-07 19:23:43', '2016-07-07 19:51:00', '2feaaf86-0b07-447f-97e8-37ed4f2ffb2b'),
 ('4', 'Entry', '1', '0', '2016-07-08 21:35:26', '2016-07-10 17:30:59', '888ad970-b80a-4e98-bbcd-0e55afdb6e5b'),
 ('5', 'Entry', '1', '0', '2016-07-08 22:24:04', '2016-07-08 22:24:04', '8fe8d07b-9bfe-4f70-ab71-d55215781784'),
 ('6', 'Entry', '1', '0', '2016-07-08 22:24:52', '2016-07-08 22:24:52', '079ee39f-0b21-457b-9b86-9e45fbf41d5b'),
 ('7', 'Asset', '1', '0', '2016-07-09 17:07:00', '2016-07-09 17:07:16', '5bc16c9c-6e56-4e16-b8a4-c3656976634e'),
 ('10', 'Asset', '1', '0', '2016-07-09 17:47:14', '2016-07-10 21:46:02', '3401308e-f791-4829-9e5d-a9789b900c45'),
 ('11', 'Asset', '1', '0', '2016-07-09 17:47:14', '2016-07-10 21:46:02', '0ec696bf-85eb-42db-b07f-8c0ae8e555ef'),
 ('12', 'Asset', '1', '0', '2016-07-09 17:47:14', '2016-07-10 21:46:02', 'a073c41f-3ebe-4adc-bf29-098a7f74eacc'),
 ('14', 'Entry', '1', '0', '2016-07-09 23:28:22', '2016-07-09 23:28:22', '4e75cfbd-5c56-4714-b405-51dbff1611fb'),
 ('15', 'Entry', '1', '0', '2016-07-10 15:24:32', '2016-07-10 15:29:15', '6d8d3e96-c107-40fa-971b-2849bbea5283'),
 ('19', 'Asset', '1', '0', '2016-07-10 16:11:33', '2016-07-10 21:46:02', '86ab6a5c-d21b-4691-850d-58de84d942da'),
 ('20', 'Entry', '1', '0', '2016-07-10 16:11:53', '2016-07-10 16:54:58', '4bbebae7-0332-4ca5-8c2f-9c0a6eefb59b'),
 ('22', 'Asset', '1', '0', '2016-07-10 16:44:51', '2016-07-10 21:46:02', '0f091bb2-bb34-460c-96ab-54b1cc2d3c29'),
 ('24', 'Entry', '1', '0', '2016-07-10 16:46:40', '2016-07-10 16:50:58', '7686c59a-43a2-4f67-831c-47695873777c'),
 ('25', 'Entry', '1', '0', '2016-07-10 16:46:54', '2016-07-10 16:51:43', 'e003174f-3e02-45bf-9822-ff289c2e250a'),
 ('26', 'Asset', '1', '0', '2016-07-10 16:50:51', '2016-07-10 21:46:01', '3e7f65ac-0513-41a4-838e-ab46be0adbed'),
 ('27', 'Asset', '1', '0', '2016-07-10 16:51:36', '2016-07-10 21:46:02', 'ef06c35b-fefa-4cb4-acc6-e2ffcaf1651c'),
 ('28', 'Asset', '1', '0', '2016-07-10 16:54:52', '2016-07-10 21:46:02', 'e22613d3-a11d-4a90-9e15-ab4ba5e92610'),
 ('29', 'Asset', '1', '0', '2016-07-10 17:30:05', '2016-07-10 21:46:02', '2139d7ea-314f-4e47-af21-26d02c12d21b'),
 ('30', 'Entry', '1', '0', '2016-07-10 18:45:08', '2016-07-10 22:43:38', 'a06250d2-06f5-440f-8f3e-c004735c7970'),
 ('31', 'Entry', '1', '0', '2016-07-10 19:12:17', '2016-07-10 22:35:44', 'd6145166-127f-4b44-9865-a17de95c6a29'),
 ('32', 'Entry', '1', '0', '2016-07-10 19:17:03', '2016-07-10 22:53:06', 'c26cbb65-9b26-471b-9faf-a26f2ab34764');



DROP TABLE IF EXISTS `craft_elements_i18n`;


--
-- Schema for table `craft_elements_i18n`
--
CREATE TABLE `craft_elements_i18n` (
  `id` int(11) NOT NULL AUTO_INCREMENT,
  `elementId` int(11) NOT NULL,
  `locale` char(12) COLLATE utf8_unicode_ci NOT NULL,
  `slug` varchar(255) COLLATE utf8_unicode_ci DEFAULT NULL,
  `uri` varchar(255) COLLATE utf8_unicode_ci DEFAULT NULL,
  `enabled` tinyint(1) unsigned NOT NULL DEFAULT '1',
  `dateCreated` datetime NOT NULL,
  `dateUpdated` datetime NOT NULL,
  `uid` char(36) COLLATE utf8_unicode_ci NOT NULL DEFAULT '0',
  PRIMARY KEY (`id`),
  UNIQUE KEY `craft_elements_i18n_elementId_locale_unq_idx` (`elementId`,`locale`),
  UNIQUE KEY `craft_elements_i18n_uri_locale_unq_idx` (`uri`,`locale`),
  KEY `craft_elements_i18n_slug_locale_idx` (`slug`,`locale`),
  KEY `craft_elements_i18n_enabled_idx` (`enabled`),
  KEY `craft_elements_i18n_locale_fk` (`locale`)
) ENGINE=InnoDB AUTO_INCREMENT=33 DEFAULT CHARSET=utf8 COLLATE=utf8_unicode_ci;

--
-- Data for table `craft_elements_i18n`
--

INSERT INTO `craft_elements_i18n` (`id`, `elementId`, `locale`, `slug`, `uri`, `enabled`, `dateCreated`, `dateUpdated`, `uid`) VALUES
 ('1', '1', 'en_us', '', NULL, '1', '2016-07-07 19:23:41', '2016-07-07 19:34:57', '5861e769-9655-4370-b4fc-674d72f0a16a'),
 ('2', '2', 'en_us', 'homepage', '__home__', '1', '2016-07-07 19:23:43', '2016-07-08 15:32:27', 'af341264-0c85-4f5e-8094-ead0d9ed4fe6'),
 ('3', '3', 'en_us', 'we-just-installed-craft', 'news/2016/we-just-installed-craft', '1', '2016-07-07 19:23:43', '2016-07-07 19:51:00', 'de1e57e0-df3b-46aa-befe-028ab6edba23'),
 ('4', '4', 'en_us', 'about', 'about', '1', '2016-07-08 21:35:26', '2016-07-10 17:30:59', '88227728-7bca-45aa-a3d5-e3e835dc3e92'),
 ('5', '5', 'en_us', 'gallery', 'gallery/gallery', '1', '2016-07-08 22:24:04', '2016-07-08 22:24:04', '1a863b07-1c84-4104-bd8f-24871c37da9f'),
 ('6', '6', 'en_us', 'products', 'products/products', '1', '2016-07-08 22:24:52', '2016-07-08 22:24:52', '3c147b96-fb58-4a43-acc7-dd72250b4382'),
 ('7', '7', 'en_us', 'gecko1', NULL, '1', '2016-07-09 17:07:00', '2016-07-09 17:07:16', '127b07b2-4ee0-40ea-adee-fa69dedbd5c5'),
 ('10', '10', 'en_us', 'gecko2', NULL, '1', '2016-07-09 17:47:14', '2016-07-10 21:46:02', '6346e2d1-ed5e-46bc-8f26-90a43a7f1d53'),
 ('11', '11', 'en_us', 'header-bg', NULL, '1', '2016-07-09 17:47:14', '2016-07-10 21:46:02', '3343a617-4357-465a-8457-617644d4c85c'),
 ('12', '12', 'en_us', 'leopardgecko', NULL, '1', '2016-07-09 17:47:14', '2016-07-10 21:46:02', '393a5b80-e66c-4e8a-ad48-03c9010907d9'),
 ('14', '14', 'en_us', 'this-sucks', 'news/2016/this-sucks', '1', '2016-07-09 23:28:22', '2016-07-09 23:28:22', '28eca8ca-2e25-44f3-a293-653098e138e6'),
 ('15', '15', 'en_us', 'product-links-for-resellable-content', 'news/2016/product-links-for-resellable-content', '1', '2016-07-10 15:24:32', '2016-07-10 15:29:15', '7d66d5c3-8a62-4d1d-aee8-be9d0974c4a8'),
 ('19', '19', 'en_us', 'gecko1', NULL, '1', '2016-07-10 16:11:33', '2016-07-10 21:46:02', '6a25fc8a-2453-45fe-b447-b28ec92e8a28'),
 ('20', '20', 'en_us', 'mr-cleo', 'sidebar/mr-cleo', '1', '2016-07-10 16:11:53', '2016-07-10 16:54:58', '7ef90c7b-326b-4c7a-83be-e740668e6f81'),
 ('22', '22', 'en_us', 'gecko1', NULL, '1', '2016-07-10 16:44:51', '2016-07-10 21:46:02', '6b391e51-1fd0-4c05-9c97-dbb06279f9ff'),
 ('24', '24', 'en_us', 'alice', 'sidebar/alice', '1', '2016-07-10 16:46:40', '2016-07-10 16:50:58', '312696af-eebf-4809-963d-d2e1e734199b'),
 ('25', '25', 'en_us', 'hayday', 'sidebar/hayday', '1', '2016-07-10 16:46:54', '2016-07-10 16:51:43', 'bac6aef9-8fc1-4c62-8d5c-174775951b77'),
 ('26', '26', 'en_us', 'alice', NULL, '1', '2016-07-10 16:50:51', '2016-07-10 21:46:01', '33b113ff-ab85-4e5f-ad3a-4a9259ab6016'),
 ('27', '27', 'en_us', 'hayday', NULL, '1', '2016-07-10 16:51:36', '2016-07-10 21:46:02', 'bb4fc229-69ce-45ab-8fdf-867c04239c90'),
 ('28', '28', 'en_us', 'mrcleo', NULL, '1', '2016-07-10 16:54:53', '2016-07-10 21:46:02', 'f0ae08ff-3854-4579-8847-b573f6043279'),
 ('29', '29', 'en_us', 'gecko3', NULL, '1', '2016-07-10 17:30:05', '2016-07-10 21:46:02', 'c43b6dc2-5e49-480e-b1d7-a8afc03bbd77'),
 ('30', '30', 'en_us', 'orb1', 'orbs/orb1', '1', '2016-07-10 18:45:08', '2016-07-10 22:43:38', '33e94702-a0d5-43ce-9a19-d9b2efb7fb5c'),
 ('31', '31', 'en_us', 'orb2', 'orbs/orb2', '1', '2016-07-10 19:12:17', '2016-07-10 22:35:45', '999151c5-a105-4869-959f-19b02122de7b'),
 ('32', '32', 'en_us', 'orb3', 'orbs/orb3', '1', '2016-07-10 19:17:03', '2016-07-10 22:53:06', '8617d597-0f7b-48e4-8623-b2ba4a03b639');



DROP TABLE IF EXISTS `craft_emailmessages`;


--
-- Schema for table `craft_emailmessages`
--
CREATE TABLE `craft_emailmessages` (
  `id` int(11) NOT NULL AUTO_INCREMENT,
  `key` char(150) COLLATE utf8_unicode_ci NOT NULL,
  `locale` char(12) COLLATE utf8_unicode_ci NOT NULL,
  `subject` varchar(1000) COLLATE utf8_unicode_ci NOT NULL,
  `body` text COLLATE utf8_unicode_ci NOT NULL,
  `dateCreated` datetime NOT NULL,
  `dateUpdated` datetime NOT NULL,
  `uid` char(36) COLLATE utf8_unicode_ci NOT NULL DEFAULT '0',
  PRIMARY KEY (`id`),
  UNIQUE KEY `craft_emailmessages_key_locale_unq_idx` (`key`,`locale`),
  KEY `craft_emailmessages_locale_fk` (`locale`)
) ENGINE=InnoDB DEFAULT CHARSET=utf8 COLLATE=utf8_unicode_ci;

DROP TABLE IF EXISTS `craft_entries`;


--
-- Schema for table `craft_entries`
--
CREATE TABLE `craft_entries` (
  `id` int(11) NOT NULL,
  `sectionId` int(11) NOT NULL,
  `typeId` int(11) DEFAULT NULL,
  `authorId` int(11) DEFAULT NULL,
  `postDate` datetime DEFAULT NULL,
  `expiryDate` datetime DEFAULT NULL,
  `dateCreated` datetime NOT NULL,
  `dateUpdated` datetime NOT NULL,
  `uid` char(36) COLLATE utf8_unicode_ci NOT NULL DEFAULT '0',
  PRIMARY KEY (`id`),
  KEY `craft_entries_sectionId_idx` (`sectionId`),
  KEY `craft_entries_typeId_idx` (`typeId`),
  KEY `craft_entries_postDate_idx` (`postDate`),
  KEY `craft_entries_expiryDate_idx` (`expiryDate`),
  KEY `craft_entries_authorId_fk` (`authorId`)
) ENGINE=InnoDB DEFAULT CHARSET=utf8 COLLATE=utf8_unicode_ci;

--
-- Data for table `craft_entries`
--

INSERT INTO `craft_entries` (`id`, `sectionId`, `typeId`, `authorId`, `postDate`, `expiryDate`, `dateCreated`, `dateUpdated`, `uid`) VALUES
 ('2', '1', NULL, NULL, '2016-07-07 19:23:43', NULL, '2016-07-07 19:23:43', '2016-07-08 15:32:27', '3cb68b5e-566d-4c2d-b01e-1e2a6c79a041'),
 ('3', '2', '2', '1', '2016-07-07 19:23:43', NULL, '2016-07-07 19:23:43', '2016-07-07 19:23:43', '5ce562dc-c377-4afe-971e-651f8be3125e'),
 ('4', '5', NULL, NULL, '2016-07-08 21:35:26', NULL, '2016-07-08 21:35:26', '2016-07-10 17:30:59', '2ab21ed7-1760-4092-95e7-33e453e7cf2c'),
 ('5', '6', '6', '1', '2016-07-08 22:24:04', NULL, '2016-07-08 22:24:04', '2016-07-08 22:24:04', 'e0e4d69d-a727-4ac1-be59-64951f411430'),
 ('6', '7', '7', '1', '2016-07-08 22:24:52', NULL, '2016-07-08 22:24:52', '2016-07-08 22:24:52', '14e98df0-0ec3-4ba2-8c96-e959beaecf84'),
 ('14', '2', '2', '1', '2016-07-09 23:28:22', NULL, '2016-07-09 23:28:23', '2016-07-09 23:28:23', '462b2de1-c758-45c7-bf60-36df72345be0'),
 ('15', '2', '2', '1', '2016-07-10 15:24:00', NULL, '2016-07-10 15:24:32', '2016-07-10 15:29:15', '37483422-d883-42ac-af23-663d3cd4c5be'),
 ('20', '8', '8', '1', '2016-07-10 16:11:00', NULL, '2016-07-10 16:11:53', '2016-07-10 16:54:58', 'eadf8388-6dde-4f26-89a5-0ceb94372ee0'),
 ('24', '8', '8', '1', '2016-07-10 16:46:00', NULL, '2016-07-10 16:46:40', '2016-07-10 16:50:58', 'a2baae02-c65e-4365-9e55-6e53d258f4cb'),
 ('25', '8', '8', '1', '2016-07-10 16:46:00', NULL, '2016-07-10 16:46:55', '2016-07-10 16:51:43', '5f00236b-bb04-43b4-b33a-8b068db2cbdc'),
 ('30', '9', '9', '1', '2016-07-10 18:45:00', NULL, '2016-07-10 18:45:08', '2016-07-10 22:43:38', '22e6ac6c-64b5-4d8e-bc42-e8ee4822dbf3'),
 ('31', '9', '9', '1', '2016-07-10 19:12:00', NULL, '2016-07-10 19:12:17', '2016-07-10 22:35:45', 'b6130200-52a1-4b26-9640-170587b966a9'),
 ('32', '9', '9', '1', '2016-07-10 19:17:00', NULL, '2016-07-10 19:17:03', '2016-07-10 22:53:06', '9ae06f90-cf26-4143-a54f-8375cda285dc');



DROP TABLE IF EXISTS `craft_entrydrafts`;


--
-- Schema for table `craft_entrydrafts`
--
CREATE TABLE `craft_entrydrafts` (
  `id` int(11) NOT NULL AUTO_INCREMENT,
  `entryId` int(11) NOT NULL,
  `sectionId` int(11) NOT NULL,
  `creatorId` int(11) NOT NULL,
  `locale` char(12) COLLATE utf8_unicode_ci NOT NULL,
  `name` varchar(255) COLLATE utf8_unicode_ci NOT NULL,
  `notes` tinytext COLLATE utf8_unicode_ci,
  `data` mediumtext COLLATE utf8_unicode_ci NOT NULL,
  `dateCreated` datetime NOT NULL,
  `dateUpdated` datetime NOT NULL,
  `uid` char(36) COLLATE utf8_unicode_ci NOT NULL DEFAULT '0',
  PRIMARY KEY (`id`),
  KEY `craft_entrydrafts_entryId_locale_idx` (`entryId`,`locale`),
  KEY `craft_entrydrafts_sectionId_fk` (`sectionId`),
  KEY `craft_entrydrafts_creatorId_fk` (`creatorId`),
  KEY `craft_entrydrafts_locale_fk` (`locale`)
) ENGINE=InnoDB DEFAULT CHARSET=utf8 COLLATE=utf8_unicode_ci;

DROP TABLE IF EXISTS `craft_entrytypes`;


--
-- Schema for table `craft_entrytypes`
--
CREATE TABLE `craft_entrytypes` (
  `id` int(11) NOT NULL AUTO_INCREMENT,
  `sectionId` int(11) NOT NULL,
  `fieldLayoutId` int(11) DEFAULT NULL,
  `name` varchar(255) COLLATE utf8_unicode_ci NOT NULL,
  `handle` varchar(255) COLLATE utf8_unicode_ci NOT NULL,
  `hasTitleField` tinyint(1) unsigned NOT NULL DEFAULT '1',
  `titleLabel` varchar(255) COLLATE utf8_unicode_ci DEFAULT 'Title',
  `titleFormat` varchar(255) COLLATE utf8_unicode_ci DEFAULT NULL,
  `sortOrder` smallint(6) unsigned DEFAULT NULL,
  `dateCreated` datetime NOT NULL,
  `dateUpdated` datetime NOT NULL,
  `uid` char(36) COLLATE utf8_unicode_ci NOT NULL DEFAULT '0',
  PRIMARY KEY (`id`),
  UNIQUE KEY `craft_entrytypes_name_sectionId_unq_idx` (`name`,`sectionId`),
  UNIQUE KEY `craft_entrytypes_handle_sectionId_unq_idx` (`handle`,`sectionId`),
  KEY `craft_entrytypes_sectionId_fk` (`sectionId`),
  KEY `craft_entrytypes_fieldLayoutId_fk` (`fieldLayoutId`)
) ENGINE=InnoDB AUTO_INCREMENT=11 DEFAULT CHARSET=utf8 COLLATE=utf8_unicode_ci;

--
-- Data for table `craft_entrytypes`
--

INSERT INTO `craft_entrytypes` (`id`, `sectionId`, `fieldLayoutId`, `name`, `handle`, `hasTitleField`, `titleLabel`, `titleFormat`, `sortOrder`, `dateCreated`, `dateUpdated`, `uid`) VALUES
 ('1', '1', '3', 'Homepage', 'homepage', '1', 'Title', NULL, NULL, '2016-07-07 19:23:43', '2016-07-07 19:23:43', 'f2dd28c0-a071-4a9b-92f5-45360bba096b'),
 ('2', '2', '5', 'News', 'news', '1', 'Title', NULL, NULL, '2016-07-07 19:23:43', '2016-07-07 19:23:43', 'f8cca7f5-994f-4c30-b66a-8691ea82beb9'),
 ('4', '4', '11', 'Blog', 'blog', '1', 'Title', NULL, NULL, '2016-07-08 21:20:25', '2016-07-08 22:10:52', 'a355103c-6c3f-40f9-a330-4570b6dcc298'),
 ('5', '5', '17', 'About', 'about', '0', NULL, '{section.name|raw}', NULL, '2016-07-08 21:35:26', '2016-07-09 17:24:55', '8382b438-2e56-40cb-98a5-93f1801e47e7'),
 ('6', '6', '9', 'Gallery', 'gallery', '1', 'Title', NULL, NULL, '2016-07-08 21:52:25', '2016-07-08 21:52:25', 'f79c7ef8-5ba8-442c-b9d2-ae9f4beaa825'),
 ('7', '7', '12', 'Products', 'products', '1', 'Title', NULL, NULL, '2016-07-08 22:17:03', '2016-07-08 22:17:03', '2a9fa4c4-c0d9-4733-8479-dcce66f9ebe3'),
 ('8', '8', '33', 'Sidebar', 'sidebar', '1', 'Title', NULL, NULL, '2016-07-10 15:32:49', '2016-07-10 15:34:24', '7bd00eb5-51fe-4437-a65e-9535664b5377'),
 ('9', '9', '37', 'Orbs', 'orbs', '1', 'Title', NULL, NULL, '2016-07-10 18:28:37', '2016-07-10 22:28:05', 'ed1ba9d0-bfdc-4c94-9623-c189cfab794e'),
 ('10', '10', '38', 'food', 'food', '1', 'Title', NULL, NULL, '2016-07-11 00:00:01', '2016-07-11 00:00:01', 'e6e2e4c4-9f3e-46c6-a0f4-cb6021020f45');



DROP TABLE IF EXISTS `craft_entryversions`;


--
-- Schema for table `craft_entryversions`
--
CREATE TABLE `craft_entryversions` (
  `id` int(11) NOT NULL AUTO_INCREMENT,
  `entryId` int(11) NOT NULL,
  `sectionId` int(11) NOT NULL,
  `creatorId` int(11) DEFAULT NULL,
  `locale` char(12) COLLATE utf8_unicode_ci NOT NULL,
  `num` smallint(6) unsigned NOT NULL,
  `notes` tinytext COLLATE utf8_unicode_ci,
  `data` mediumtext COLLATE utf8_unicode_ci NOT NULL,
  `dateCreated` datetime NOT NULL,
  `dateUpdated` datetime NOT NULL,
  `uid` char(36) COLLATE utf8_unicode_ci NOT NULL DEFAULT '0',
  PRIMARY KEY (`id`),
  KEY `craft_entryversions_entryId_locale_idx` (`entryId`,`locale`),
  KEY `craft_entryversions_sectionId_fk` (`sectionId`),
  KEY `craft_entryversions_creatorId_fk` (`creatorId`),
  KEY `craft_entryversions_locale_fk` (`locale`)
) ENGINE=InnoDB AUTO_INCREMENT=47 DEFAULT CHARSET=utf8 COLLATE=utf8_unicode_ci;

--
-- Data for table `craft_entryversions`
--

INSERT INTO `craft_entryversions` (`id`, `entryId`, `sectionId`, `creatorId`, `locale`, `num`, `notes`, `data`, `dateCreated`, `dateUpdated`, `uid`) VALUES
 ('1', '2', '1', '1', 'en_us', '1', NULL, '{\"typeId\":\"1\",\"authorId\":null,\"title\":\"Homepage\",\"slug\":\"homepage\",\"postDate\":1467919423,\"expiryDate\":null,\"enabled\":1,\"parentId\":null,\"fields\":[]}', '2016-07-07 19:23:43', '2016-07-07 19:23:43', '8da77bc5-078e-4b66-b6a4-75c2cce44785'),
 ('2', '2', '1', '1', 'en_us', '2', NULL, '{\"typeId\":null,\"authorId\":null,\"title\":\"Welcome to Localhost!\",\"slug\":\"homepage\",\"postDate\":1467919423,\"expiryDate\":null,\"enabled\":\"1\",\"parentId\":null,\"fields\":{\"1\":\"<p>It\\u2019s true, this site doesn\\u2019t have a whole lot of content yet, but don\\u2019t worry. Our web developers have just installed the CMS, and they\\u2019re setting things up for the content editors this very moment. Soon Localhost will be an oasis of fresh perspectives, sharp analyses, and astute opinions that will keep you coming back again and again.<\\/p>\"}}', '2016-07-07 19:23:43', '2016-07-07 19:23:43', '76759a64-935c-4c03-8f7a-c2b82d0cc47f'),
 ('3', '3', '2', '1', 'en_us', '1', NULL, '{\"typeId\":\"2\",\"authorId\":\"1\",\"title\":\"We just installed Craft!\",\"slug\":\"we-just-installed-craft\",\"postDate\":1467919423,\"expiryDate\":null,\"enabled\":1,\"parentId\":null,\"fields\":[]}', '2016-07-07 19:23:43', '2016-07-07 19:23:43', '4d827fb8-3213-44c9-a392-902656f2c997'),
 ('4', '2', '1', '1', 'en_us', '3', '', '{\"typeId\":null,\"authorId\":null,\"title\":\"Welcome to Leo Gecko!\",\"slug\":\"homepage\",\"postDate\":1467919423,\"expiryDate\":null,\"enabled\":1,\"parentId\":null,\"fields\":{\"1\":\"<p>It\\u2019s true, this site doesn\\u2019t have a whole lot of content yet, but don\\u2019t worry. We have just installed the CMS, and we\\u2019re setting things up for the content editors this very moment. Soon Leo Gecko&nbsp;will be an oasis of fresh perspectives, sharp analyses, and astute opinions that will keep you coming back again and again and again!<\\/p>\"}}', '2016-07-08 15:32:27', '2016-07-08 15:32:27', '7b3bb050-b4f8-41b0-80d8-9c4e3f7d529d'),
 ('5', '4', '5', '1', 'en_us', '1', NULL, '{\"typeId\":\"5\",\"authorId\":null,\"title\":\"About\",\"slug\":\"about\",\"postDate\":1468013726,\"expiryDate\":null,\"enabled\":1,\"parentId\":null,\"fields\":[]}', '2016-07-08 21:35:26', '2016-07-08 21:35:26', '07ead557-cc3e-4587-b89c-d722bd198481'),
 ('6', '5', '6', '1', 'en_us', '1', '', '{\"typeId\":null,\"authorId\":\"1\",\"title\":\"Gallery\",\"slug\":\"gallery\",\"postDate\":1468016644,\"expiryDate\":null,\"enabled\":1,\"parentId\":null,\"fields\":[]}', '2016-07-08 22:24:04', '2016-07-08 22:24:04', '8de9c3e7-3869-45ac-a363-d8e39e67497b'),
 ('7', '6', '7', '1', 'en_us', '1', '', '{\"typeId\":null,\"authorId\":\"1\",\"title\":\"Products\",\"slug\":\"products\",\"postDate\":1468016692,\"expiryDate\":null,\"enabled\":1,\"parentId\":null,\"fields\":[]}', '2016-07-08 22:24:52', '2016-07-08 22:24:52', '0723820a-97f9-4d38-bf16-ee58dae99a1b'),
 ('8', '4', '5', '1', 'en_us', '2', '', '{\"typeId\":null,\"authorId\":null,\"title\":\"About\",\"slug\":\"about\",\"postDate\":1468013726,\"expiryDate\":null,\"enabled\":1,\"parentId\":null,\"fields\":{\"1\":\"<p>There\'s nothing unique about us. In fact, we\'re probably just like you, having a love for reptiles and an overbearing desire to love the oh-so personable leopard gecko. We are not breeders or specialists in any way. We\'ve learned by trial, error and the internet. So, much that our geckos live in a technologically advanced environment.<\\/p><p>We decided to start blogging after many began contacting us and asking a ton of questions. I love answering those questions but it became so time consuming none of us&nbsp;could&nbsp;keep up. Additionally, a lot of the questions and comments we began receiving didn\'t make sense to us so a blog was born.<\\/p><p>You\'re more than welcome to take what interest you but please give of us a shout-out if your using our content elsewhere. Leave the rest at the curb for someone else. Remember, we are not experts and have several $300 vet bills to prove it!<\\/p>\",\"2\":\"\"}}', '2016-07-09 16:41:00', '2016-07-09 16:41:00', '03c4374b-e1db-47f2-94fb-1bbf1e4a4891'),
 ('9', '4', '5', '1', 'en_us', '3', '', '{\"typeId\":null,\"authorId\":null,\"title\":\"About\",\"slug\":\"about\",\"postDate\":1468013726,\"expiryDate\":null,\"enabled\":1,\"parentId\":null,\"fields\":{\"1\":\"<p>There\'s nothing unique about us. In fact, we\'re probably just like you, having a love for reptiles and an overbearing desire to love the oh-so personable leopard gecko. We are not breeders or specialists in any way. We\'ve learned by trial, error and the internet. So&nbsp;much that we like to think&nbsp;our geckos live in a technologically advanced environment.<\\/p>\\r\\n\\r\\n<p>We decided to start blogging after many began contacting us and asking a ton of questions. I love answering those questions but it became so time consuming none of us&nbsp;could&nbsp;keep up. Additionally, a lot of the questions and comments we began receiving didn\'t make sense to us so a blog was born.<\\/p>\\r\\n\\r\\n<p>You\'re more than welcome to take what interest you but please give of us a shout-out if your using our content elsewhere. Leave the rest at the curb for someone else. Remember, we are not experts and have several $300 vet bills to prove it!<\\/p>\",\"2\":\"\"}}', '2016-07-09 16:42:02', '2016-07-09 16:42:02', '58133cc3-5556-425a-bf8f-9f0b4dc92d68'),
 ('10', '4', '5', '1', 'en_us', '4', '', '{\"typeId\":null,\"authorId\":null,\"title\":\"About\",\"slug\":\"about\",\"postDate\":1468013726,\"expiryDate\":null,\"enabled\":1,\"parentId\":null,\"fields\":{\"1\":\"<p>There\'s nothing unique about us. In fact, we\'re probably just like you, having a love for reptiles and an overbearing desire to love the oh-so personable leopard gecko. We are not breeders or specialists in any way. We\'ve learned by trial, error and the internet. So&nbsp;much that we like to think&nbsp;our geckos live in a technologically advanced environment.<\\/p>\\r\\n\\r\\n<p>We decided to start blogging after many began contacting us and asking a ton of questions. I love answering those questions but it became so time consuming none of us&nbsp;could&nbsp;keep up. Additionally, a lot of the questions and comments we began receiving didn\'t make sense to us so a blog was born.<\\/p>\\r\\n\\r\\n\\r\\n\\r\\n<p>You\'re more than welcome to take what interest you but please give of us a shout-out if your using our content elsewhere. Leave the rest at the curb for someone else. Remember, we are not experts and have several $300 vet bills to prove it!<\\/p>\",\"6\":[\"7\"],\"5\":\"Hayday\",\"2\":\"\"}}', '2016-07-09 17:07:16', '2016-07-09 17:07:16', '144a086e-01c6-4415-af94-ebd354187623'),
 ('11', '4', '5', '1', 'en_us', '5', '', '{\"typeId\":null,\"authorId\":null,\"title\":\"About\",\"slug\":\"about\",\"postDate\":1468013726,\"expiryDate\":null,\"enabled\":1,\"parentId\":null,\"fields\":{\"1\":\"<p>There\'s nothing unique about us. In fact, we\'re probably just like you, having a love for reptiles and an overbearing desire to love the oh-so personable leopard gecko. We are not breeders or specialists in any way. We\'ve learned by trial, error and the internet. So&nbsp;much that we like to think&nbsp;our geckos live in a technologically advanced environment.<\\/p>\\r\\n\\r\\n<p>We decided to start blogging after many began contacting us and asking a ton of questions. I love answering those questions but it became so time consuming none of us&nbsp;could&nbsp;keep up. Additionally, a lot of the questions and comments we began receiving didn\'t make sense to us so a blog was born.<\\/p>\\r\\n\\r\\n\\r\\n\\r\\n\\r\\n\\r\\n<p>You\'re more than welcome to take what interest you but please give of us a shout-out if your using our content elsewhere. Leave the rest at the curb for someone else. Remember, we are not experts and have several $300 vet bills to prove it!<\\/p>\",\"6\":\"\",\"5\":\"\",\"2\":\"\"}}', '2016-07-09 17:23:56', '2016-07-09 17:23:56', '83608c01-8f8b-4af1-a4d7-7732753b47e6'),
 ('12', '4', '5', '1', 'en_us', '6', '', '{\"typeId\":null,\"authorId\":null,\"title\":\"About\",\"slug\":\"about\",\"postDate\":1468013726,\"expiryDate\":null,\"enabled\":1,\"parentId\":null,\"fields\":{\"1\":\"<p>There\'s nothing unique about us. In fact, we\'re probably just like you, having a love for reptiles and an overbearing desire to love the oh-so personable leopard gecko. We are not breeders or specialists in any way. We\'ve learned by trial, error and the internet. So&nbsp;much that we like to think&nbsp;our geckos live in a technologically advanced environment.<\\/p>\\r\\n\\r\\n<p>We decided to start blogging after many began contacting us and asking a ton of questions. I love answering those questions but it became so time consuming none of us&nbsp;could&nbsp;keep up. Additionally, a lot of the questions and comments we began receiving didn\'t make sense to us so a blog was born.<\\/p>\\r\\n\\r\\n\\r\\n\\r\\n\\r\\n\\r\\n\\r\\n\\r\\n<p>You\'re more than welcome to take what interest you but please give of us a shout-out if your using our content elsewhere. Leave the rest at the curb for someone else. Remember, we are not experts and have several $300 vet bills to prove it!<\\/p>\",\"7\":[\"9\"],\"2\":\"\"}}', '2016-07-09 17:49:18', '2016-07-09 17:49:18', '8a054c71-4641-4ad9-a1b1-5ea656cf1310'),
 ('13', '4', '5', '1', 'en_us', '7', '', '{\"typeId\":null,\"authorId\":null,\"title\":\"About\",\"slug\":\"about\",\"postDate\":1468013726,\"expiryDate\":null,\"enabled\":1,\"parentId\":null,\"fields\":{\"1\":\"<p>There\'s nothing unique about us. In fact, we\'re probably just like you, having a love for reptiles and an overbearing desire to love the oh-so personable leopard gecko. We are not breeders or specialists in any way. We\'ve learned by trial, error and the internet. So&nbsp;much that we like to think&nbsp;our geckos live in a technologically advanced environment.<\\/p>\\r\\n\\r\\n<p>We decided to start blogging after many began contacting us and asking a ton of questions. I love answering those questions but it became so time consuming none of us&nbsp;could&nbsp;keep up. Additionally, a lot of the questions and comments we began receiving didn\'t make sense to us so a blog was born.<\\/p>\\r\\n\\r\\n\\r\\n\\r\\n\\r\\n\\r\\n\\r\\n\\r\\n\\r\\n\\r\\n<p>You\'re more than welcome to take what interest you but please give of us a shout-out if your using our content elsewhere. Leave the rest at the curb for someone else. Remember, we are not experts and have several $300 vet bills to prove it!<\\/p>\",\"7\":\"\",\"2\":\"\"}}', '2016-07-09 19:37:45', '2016-07-09 19:37:45', 'd05d3abf-7d0a-49f6-a293-a64d6b2be4ad'),
 ('14', '4', '5', '1', 'en_us', '8', '', '{\"typeId\":null,\"authorId\":null,\"title\":\"About\",\"slug\":\"about\",\"postDate\":1468013726,\"expiryDate\":null,\"enabled\":1,\"parentId\":null,\"fields\":{\"1\":\"<p>There\'s nothing unique about us. In fact, we\'re probably just like you, having a love for reptiles and an overbearing desire to love the oh-so personable leopard gecko. We are not breeders or specialists in any way. We\'ve learned by trial, error and the internet. So&nbsp;much that we like to think&nbsp;our geckos live in a technologically advanced environment.<\\/p>\\r\\n\\r\\n<p>We decided to start blogging after many began contacting us and asking a ton of questions. I love answering those questions but it became so time consuming none of us&nbsp;could&nbsp;keep up. Additionally, a lot of the questions and comments we began receiving didn\'t make sense to us so a blog was born.<\\/p>\\r\\n\\r\\n\\r\\n\\r\\n\\r\\n\\r\\n\\r\\n\\r\\n\\r\\n\\r\\n\\r\\n\\r\\n<p>You\'re more than welcome to take what interest you but please give of us a shout-out if your using our content elsewhere. Leave the rest at the curb for someone else. Remember, we are not experts and have several $300 vet bills to prove it!<\\/p>\",\"7\":[\"9\"],\"2\":\"\"}}', '2016-07-09 19:38:04', '2016-07-09 19:38:04', '176b4cc8-7935-4f77-a7aa-992fea60b449'),
 ('15', '4', '5', '1', 'en_us', '9', '', '{\"typeId\":null,\"authorId\":null,\"title\":\"About\",\"slug\":\"about\",\"postDate\":1468013726,\"expiryDate\":null,\"enabled\":1,\"parentId\":null,\"fields\":{\"1\":\"<p>There\'s nothing unique about us. In fact, we\'re probably just like you, having a love for reptiles and an overbearing desire to love the oh-so personable leopard gecko. We are not breeders or specialists in any way. We\'ve learned by trial, error and the internet. So&nbsp;much that we like to think&nbsp;our geckos live in a technologically advanced environment. True. I like to tap a camera that I have pointed into their crate and watch them regardless of where I\'m at. Also, like having the ability to monitor humidity and temp from afar. With todays tech, I can provide better for them even if I am a bit anal about it.<\\/p>\\r\\n\\r\\n<p>We decided to start blogging after many began contacting us and asking a ton of questions. I love answering those questions but it became so time consuming none of us&nbsp;could&nbsp;keep up. Additionally, a lot of the questions and comments we began receiving didn\'t make sense to us so a blog was born.<\\/p>\\r\\n\\r\\n\\r\\n\\r\\n\\r\\n\\r\\n\\r\\n\\r\\n\\r\\n\\r\\n\\r\\n\\r\\n\\r\\n\\r\\n<p>You\'re more than welcome to take what interest you but please give of us a shout-out if your using our content elsewhere. Leave the rest at the curb for someone else. Remember, we are not experts and have several $300 vet bills to prove it!<\\/p>\",\"7\":[\"9\"],\"2\":\"\"}}', '2016-07-09 20:18:25', '2016-07-09 20:18:25', '5fa90939-2f81-4a9c-8ef3-a5f1460f4f1b'),
 ('16', '14', '2', '1', 'en_us', '1', '', '{\"typeId\":null,\"authorId\":\"1\",\"title\":\"This SUCKS!\",\"slug\":\"this-sucks\",\"postDate\":1468106902,\"expiryDate\":null,\"enabled\":1,\"parentId\":null,\"fields\":{\"1\":\"<p>OMG!<\\/p><p>This CMS is facking killing me! How in the hell am I supposed to create a section for the home page orbs?&nbsp;<\\/p>\",\"2\":\"\"}}', '2016-07-09 23:28:23', '2016-07-09 23:28:23', '615a3510-89af-4305-86ab-ab99946de22b'),
 ('17', '15', '2', '1', 'en_us', '1', '', '{\"typeId\":null,\"authorId\":\"1\",\"title\":\"Product links for resellable content\",\"slug\":\"product-links-for-resellable-content\",\"postDate\":1468164272,\"expiryDate\":null,\"enabled\":1,\"parentId\":null,\"fields\":{\"1\":\"<p><a href=\\\"http:\\/\\/www.temperaturealert.com\\/Wireless-Temperature-Store\\/Temperature-Alert-WiFi-Sensor.aspx\\\"><\\/a><a href=\\\"http:\\/\\/www.temperaturealert.com\\/Wireless-Temperature-Store\\/Temperature-Alert-WiFi-Sensor.aspx\\\">http:\\/\\/www.temperaturealert.co...<\\/a><\\/p>\",\"2\":\"\"}}', '2016-07-10 15:24:32', '2016-07-10 15:24:32', '456161b2-cef5-4d28-9ec9-c8a3b7c27210'),
 ('18', '15', '2', '1', 'en_us', '2', '', '{\"typeId\":\"2\",\"authorId\":\"1\",\"title\":\"Product links for resellable content\",\"slug\":\"product-links-for-resellable-content\",\"postDate\":1468164240,\"expiryDate\":null,\"enabled\":1,\"parentId\":null,\"fields\":{\"1\":\"<p><a href=\\\"http:\\/\\/www.temperaturealert.com\\/Wireless-Temperature-Store\\/Temperature-Alert-WiFi-Sensor.aspx\\\"><\\/a><a href=\\\"http:\\/\\/www.temperaturealert.com\\/Wireless-Temperature-Store\\/Temperature-Alert-WiFi-Sensor.aspx\\\">http:\\/\\/www.temperaturealert.co...<\\/a><\\/p><p><a href=\\\"https:\\/\\/www.zoro.com\\/lascar-wifi-data-logger-temperature-cloud-el-wifi-t\\/i\\/G8109701\\/?gclid=Cj0KEQjw5Ie8BRCJ9fHlr_bH24cBEiQAkoDQcXP5wu060XIuk7VVA0C340XYxv8sJa3OzayB3g4YaY0aAkwH8P8HAQ&gclsrc=aw.ds\\\">https:\\/\\/www.zoro.com\\/lascar-wi...<\\/a><br><\\/p><p><a href=\\\"https:\\/\\/www.lacrossetechnology.com\\/?gclid=Cj0KEQjw5Ie8BRCJ9fHlr_bH24cBEiQAkoDQcbXedY5GBC8yniibXgSvShtGxIQisrxnHMc29geHNEAaAg_W8P8HAQ\\\">https:\\/\\/www.lacrossetechnology...<\\/a><br><\\/p>\",\"2\":\"\"}}', '2016-07-10 15:27:59', '2016-07-10 15:27:59', '869de9f6-2417-4ea7-a427-50c2364d8fee'),
 ('19', '15', '2', '1', 'en_us', '3', '', '{\"typeId\":\"2\",\"authorId\":\"1\",\"title\":\"Product links for resellable content\",\"slug\":\"product-links-for-resellable-content\",\"postDate\":1468164240,\"expiryDate\":null,\"enabled\":1,\"parentId\":null,\"fields\":{\"1\":\"<p>Humidity Trackers<\\/p><p><a href=\\\"http:\\/\\/www.temperaturealert.com\\/Wireless-Temperature-Store\\/Temperature-Alert-WiFi-Sensor.aspx\\\"><\\/a><a href=\\\"http:\\/\\/www.temperaturealert.com\\/Wireless-Temperature-Store\\/Temperature-Alert-WiFi-Sensor.aspx\\\">http:\\/\\/www.temperaturealert.co...<\\/a><\\/p>\\r\\n\\r\\n<p><a href=\\\"https:\\/\\/www.zoro.com\\/lascar-wifi-data-logger-temperature-cloud-el-wifi-t\\/i\\/G8109701\\/?gclid=Cj0KEQjw5Ie8BRCJ9fHlr_bH24cBEiQAkoDQcXP5wu060XIuk7VVA0C340XYxv8sJa3OzayB3g4YaY0aAkwH8P8HAQ&gclsrc=aw.ds\\\">https:\\/\\/www.zoro.com\\/lascar-wi...<\\/a><br><\\/p>\\r\\n\\r\\n<p><a href=\\\"https:\\/\\/www.lacrossetechnology.com\\/?gclid=Cj0KEQjw5Ie8BRCJ9fHlr_bH24cBEiQAkoDQcbXedY5GBC8yniibXgSvShtGxIQisrxnHMc29geHNEAaAg_W8P8HAQ\\\">https:\\/\\/www.lacrossetechnology...<\\/a><br><\\/p><p>Incubators<\\/p><p><a href=\\\"http:\\/\\/incubatorwarehouse.com\\/egg-incubators\\/reptile-incubators.html\\\">http:\\/\\/incubatorwarehouse.com\\/...<\\/a><br><\\/p>\",\"2\":\"\"}}', '2016-07-10 15:29:15', '2016-07-10 15:29:15', '914058c8-470c-4cf6-9605-bb4e404c1943'),
 ('22', '20', '8', '1', 'en_us', '1', '', '{\"typeId\":null,\"authorId\":\"1\",\"title\":\"Mr. Cleo\",\"slug\":\"mr-cleo\",\"postDate\":1468167113,\"expiryDate\":null,\"enabled\":1,\"parentId\":\"\",\"fields\":{\"6\":[\"19\"],\"5\":\"Mr. Cleo\"}}', '2016-07-10 16:11:54', '2016-07-10 16:11:54', 'eb6fe255-fdc7-4172-8661-ca9593db9df8'),
 ('23', '20', '8', '1', 'en_us', '2', '', '{\"typeId\":\"8\",\"authorId\":\"1\",\"title\":\"Mr. Cleo\",\"slug\":\"mr-cleo\",\"postDate\":1468167060,\"expiryDate\":null,\"enabled\":1,\"parentId\":\"\",\"fields\":{\"6\":\"\",\"5\":\"Mr. Cleo\"}}', '2016-07-10 16:19:01', '2016-07-10 16:19:01', 'f00c712e-b92b-4990-8e50-e90b5bfb10de'),
 ('24', '20', '8', '1', 'en_us', '3', '', '{\"typeId\":\"8\",\"authorId\":\"1\",\"title\":\"Mr. Cleo\",\"slug\":\"mr-cleo\",\"postDate\":1468167060,\"expiryDate\":null,\"enabled\":1,\"parentId\":\"\",\"fields\":{\"6\":[\"19\"],\"5\":\"Mr. Cleo\"}}', '2016-07-10 16:19:37', '2016-07-10 16:19:37', '51377f26-ade7-4900-99dc-34e4c8b5653a'),
 ('25', '20', '8', '1', 'en_us', '4', '', '{\"typeId\":\"8\",\"authorId\":\"1\",\"title\":\"Mr. Cleo\",\"slug\":\"mr-cleo\",\"postDate\":1468167060,\"expiryDate\":null,\"enabled\":1,\"parentId\":\"\",\"fields\":{\"6\":\"\",\"5\":\"Mr. Cleo\"}}', '2016-07-10 16:20:57', '2016-07-10 16:20:57', 'a02f6d09-c48b-48b2-bc76-90c4bfd8cc02'),
 ('26', '20', '8', '1', 'en_us', '5', '', '{\"typeId\":\"8\",\"authorId\":\"1\",\"title\":\"Mr. Cleo\",\"slug\":\"mr-cleo\",\"postDate\":1468167060,\"expiryDate\":null,\"enabled\":1,\"parentId\":\"\",\"fields\":{\"6\":[\"19\"],\"5\":\"Mr. Cleo\"}}', '2016-07-10 16:45:45', '2016-07-10 16:45:45', 'aff7e3f9-1100-4cbe-b731-f6af06c0ed9b'),
 ('27', '24', '8', '1', 'en_us', '1', '', '{\"typeId\":null,\"authorId\":\"1\",\"title\":\"Alice\",\"slug\":\"alice\",\"postDate\":1468169200,\"expiryDate\":null,\"enabled\":1,\"parentId\":\"\",\"fields\":{\"6\":\"\",\"5\":\"Alice\"}}', '2016-07-10 16:46:40', '2016-07-10 16:46:40', '7836c3dc-677a-458a-a0d9-7b251070b2b5'),
 ('28', '25', '8', '1', 'en_us', '1', '', '{\"typeId\":null,\"authorId\":\"1\",\"title\":\"HayDay\",\"slug\":\"hayday\",\"postDate\":1468169214,\"expiryDate\":null,\"enabled\":1,\"parentId\":\"\",\"fields\":{\"6\":\"\",\"5\":\"HayDay\"}}', '2016-07-10 16:46:55', '2016-07-10 16:46:55', '8f0cb9b2-d243-490c-990d-efc713c4a0a9'),
 ('29', '24', '8', '1', 'en_us', '2', '', '{\"typeId\":\"8\",\"authorId\":\"1\",\"title\":\"Alice\",\"slug\":\"alice\",\"postDate\":1468169160,\"expiryDate\":null,\"enabled\":1,\"parentId\":\"\",\"fields\":{\"6\":[\"26\"],\"5\":\"Alice\"}}', '2016-07-10 16:50:58', '2016-07-10 16:50:58', 'c6730e11-93b4-4c03-bd0d-7f6fce2caa48'),
 ('30', '25', '8', '1', 'en_us', '2', '', '{\"typeId\":\"8\",\"authorId\":\"1\",\"title\":\"HayDay\",\"slug\":\"hayday\",\"postDate\":1468169160,\"expiryDate\":null,\"enabled\":1,\"parentId\":\"\",\"fields\":{\"6\":[\"27\"],\"5\":\"HayDay\"}}', '2016-07-10 16:51:43', '2016-07-10 16:51:43', '60caf6f1-67b1-48c0-a926-d5dcddf244c7'),
 ('31', '20', '8', '1', 'en_us', '6', '', '{\"typeId\":\"8\",\"authorId\":\"1\",\"title\":\"Mr. Cleo\",\"slug\":\"mr-cleo\",\"postDate\":1468167060,\"expiryDate\":null,\"enabled\":1,\"parentId\":\"\",\"fields\":{\"6\":[\"28\"],\"5\":\"Mr. Cleo\"}}', '2016-07-10 16:54:58', '2016-07-10 16:54:58', 'a07e8fb8-c5c9-40e0-97e2-dd1deb5e176c'),
 ('32', '4', '5', '1', 'en_us', '10', '', '{\"typeId\":null,\"authorId\":null,\"title\":\"About\",\"slug\":\"about\",\"postDate\":1468013726,\"expiryDate\":null,\"enabled\":1,\"parentId\":null,\"fields\":{\"1\":\"<p>There\'s nothing unique about us. In fact, we\'re probably just like you, having a love for reptiles and an overbearing desire to love the oh-so personable leopard gecko. We are not breeders or specialists in any way. We\'ve learned by trial, error and the internet. So&nbsp;much that we like to think&nbsp;our geckos live in a technologically advanced environment. True. I like to tap a camera that I have pointed into their crate and watch them regardless of where I\'m at. Also, like having the ability to monitor humidity and temp from afar. With todays tech, I can provide better for them even if I am a bit anal about it.<\\/p>\\r\\n\\r\\n<p>We decided to start blogging after many began contacting us and asking a ton of questions. I love answering those questions but it became so time consuming none of us&nbsp;could&nbsp;keep up. Additionally, a lot of the questions and comments we began receiving didn\'t make sense to us so a blog was born.<\\/p>\\r\\n\\r\\n\\r\\n\\r\\n\\r\\n\\r\\n\\r\\n\\r\\n\\r\\n\\r\\n\\r\\n\\r\\n\\r\\n\\r\\n\\r\\n\\r\\n<p>You\'re more than welcome to take what interest you but please give of us a shout-out if your using our content elsewhere. Leave the rest at the curb for someone else. Remember, we are not experts and have several $300 vet bills to prove it!<\\/p>\",\"7\":[\"29\"],\"2\":\"\"}}', '2016-07-10 17:30:59', '2016-07-10 17:30:59', 'd044e170-aa39-4eb0-a8c4-3ebaa0aea972'),
 ('33', '30', '9', '1', 'en_us', '1', '', '{\"typeId\":null,\"authorId\":\"1\",\"title\":\"orb1\",\"slug\":\"orb1\",\"postDate\":1468176308,\"expiryDate\":null,\"enabled\":1,\"parentId\":\"\",\"fields\":{\"8\":\"our geckos\",\"9\":\"<ul><li>baby geckos<\\/li><li>small geckos<\\/li><li>large geckos<\\/li><\\/ul>\"}}', '2016-07-10 18:45:08', '2016-07-10 18:45:08', '16b1b368-bd4d-4a2d-83a6-db34ba0236ed'),
 ('34', '30', '9', '1', 'en_us', '2', '', '{\"typeId\":\"9\",\"authorId\":\"1\",\"title\":\"orb1\",\"slug\":\"orb1\",\"postDate\":1468176300,\"expiryDate\":null,\"enabled\":1,\"parentId\":\"\",\"fields\":{\"8\":\"our geckos\",\"9\":\"<ul><li>baby geckos<\\/li><li>small geckos<\\/li><li>large geckos<\\/li><\\/ul>\"}}', '2016-07-10 19:04:31', '2016-07-10 19:04:31', 'bc6d1b44-4c35-4bd2-8d1b-f9b27f5f339c'),
 ('35', '31', '9', '1', 'en_us', '1', '', '{\"typeId\":null,\"authorId\":\"1\",\"title\":\"orb2\",\"slug\":\"orb2\",\"postDate\":1468177937,\"expiryDate\":null,\"enabled\":1,\"parentId\":\"\",\"fields\":{\"8\":\"gecko food\",\"9\":\"<ul><li>mealworms<\\/li><li>dubia roaches<\\/li><li>superworms<\\/li><\\/ul>\"}}', '2016-07-10 19:12:17', '2016-07-10 19:12:17', '2e0e0179-5302-4a72-a8f3-d24bb1eafb2d'),
 ('36', '31', '9', '1', 'en_us', '2', '', '{\"typeId\":\"9\",\"authorId\":\"1\",\"title\":\"orb2\",\"slug\":\"orb2\",\"postDate\":1468177920,\"expiryDate\":null,\"enabled\":0,\"parentId\":\"\",\"fields\":{\"8\":\"gecko food\",\"9\":\"<ul><li>mealworms<\\/li><li>dubia roaches<\\/li><li>superworms<\\/li><\\/ul>\"}}', '2016-07-10 19:15:50', '2016-07-10 19:15:50', '8965e14c-f5f7-40d4-89a1-f2f5192a7bdf'),
 ('37', '32', '9', '1', 'en_us', '1', '', '{\"typeId\":null,\"authorId\":\"1\",\"title\":\"orb3\",\"slug\":\"orb3\",\"postDate\":1468178223,\"expiryDate\":null,\"enabled\":1,\"parentId\":\"\",\"fields\":{\"8\":\"gecko care\",\"9\":\"<ul><li>habitat<\\/li><li>sexing: male or female<\\/li><li>health\\/sickness<\\/li><\\/ul>\"}}', '2016-07-10 19:17:03', '2016-07-10 19:17:03', 'dde70fd0-5fc0-4d69-a852-0a58d1234f7e'),
 ('38', '32', '9', '1', 'en_us', '2', '', '{\"typeId\":\"9\",\"authorId\":\"1\",\"title\":\"orb3\",\"slug\":\"orb3\",\"postDate\":1468178220,\"expiryDate\":null,\"enabled\":0,\"parentId\":\"\",\"fields\":{\"8\":\"gecko care\",\"9\":\"<ul><li>habitat<\\/li><li>sexing: male or female<\\/li><li>health\\/sickness<\\/li><\\/ul>\"}}', '2016-07-10 19:17:18', '2016-07-10 19:17:18', '7d90e996-647c-4a7d-9f15-d8b78fce8c7c'),
 ('39', '31', '9', '1', 'en_us', '3', '', '{\"typeId\":\"9\",\"authorId\":\"1\",\"title\":\"orb2\",\"slug\":\"orb2\",\"postDate\":1468177920,\"expiryDate\":null,\"enabled\":1,\"parentId\":\"\",\"fields\":{\"8\":\"gecko food\",\"9\":\"<ul><li>mealworms<\\/li><li>dubia roaches<\\/li><li>superworms<\\/li><\\/ul>\"}}', '2016-07-10 19:37:55', '2016-07-10 19:37:55', '5c798131-9e2c-4860-8f9b-589249946347'),
 ('40', '32', '9', '1', 'en_us', '3', '', '{\"typeId\":\"9\",\"authorId\":\"1\",\"title\":\"orb3\",\"slug\":\"orb3\",\"postDate\":1468178220,\"expiryDate\":null,\"enabled\":1,\"parentId\":null,\"fields\":{\"8\":\"gecko care\",\"9\":\"<ul><li>habitat<\\/li><li>sexing: male or female<\\/li><li>health\\/sickness<\\/li><\\/ul>\"}}', '2016-07-10 20:07:44', '2016-07-10 20:07:44', 'cf205bff-7fdc-4a0c-b149-0d690de3d04f'),
 ('41', '30', '9', '1', 'en_us', '3', '', '{\"typeId\":\"9\",\"authorId\":\"1\",\"title\":\"orb1\",\"slug\":\"orb1\",\"postDate\":1468176300,\"expiryDate\":null,\"enabled\":1,\"parentId\":null,\"fields\":{\"10\":\"<p>We feed our leopard geckos meal worms for a staple and supplement their diets with dubias, wax worms, occasional superworms as well as calcium + D3...<\\/p>\",\"8\":\"our geckos\",\"9\":\"<ul><li>baby geckos<\\/li><li>small geckos<\\/li><li>large geckos<\\/li><\\/ul>\"}}', '2016-07-10 22:33:20', '2016-07-10 22:33:20', 'a0e67851-2379-47bc-aef1-4937a6984366'),
 ('42', '30', '9', '1', 'en_us', '4', '', '{\"typeId\":\"9\",\"authorId\":\"1\",\"title\":\"orb1\",\"slug\":\"orb1\",\"postDate\":1468176300,\"expiryDate\":null,\"enabled\":1,\"parentId\":null,\"fields\":{\"10\":\"\",\"8\":\"our geckos\",\"9\":\"<ul><li>baby geckos<\\/li><li>small geckos<\\/li><li>large geckos<\\/li><\\/ul>\"}}', '2016-07-10 22:35:29', '2016-07-10 22:35:29', '0109dd39-3e97-4215-940d-9d890d7c91d4'),
 ('43', '31', '9', '1', 'en_us', '4', '', '{\"typeId\":\"9\",\"authorId\":\"1\",\"title\":\"orb2\",\"slug\":\"orb2\",\"postDate\":1468177920,\"expiryDate\":null,\"enabled\":1,\"parentId\":null,\"fields\":{\"10\":\"<p>We feed our leopard geckos meal worms for a staple and supplement their diets with dubias, wax worms, occasional superworms as well as calcium + D3...<\\/p>\",\"8\":\"gecko food\",\"9\":\"<ul><li>mealworms<\\/li><li>dubia roaches<\\/li><li>superworms<\\/li><\\/ul>\"}}', '2016-07-10 22:35:45', '2016-07-10 22:35:45', '8786a68a-8748-4deb-8e60-d2f929205619'),
 ('44', '30', '9', '1', 'en_us', '5', '', '{\"typeId\":\"9\",\"authorId\":\"1\",\"title\":\"orb1\",\"slug\":\"orb1\",\"postDate\":1468176300,\"expiryDate\":null,\"enabled\":1,\"parentId\":null,\"fields\":{\"10\":\"<p>Of course we think our leopards geckos are the best and most unique. Hopefully, this is how you feel about yours. We also think our geckos are the greatest or entertainers but each of them seem to have unique personalities. Hayday for instance is our climber. Once the crate opens up her head is pointed straight up and she awaits a lift into the outer domain. She is curious and leaves no stone unturned. She is by far the most active. Additionally, she is not sexually mature as our other female is. She also has no issue with buddying up with our mature male or even stepping on his head to get to food. She is a big eater, too.<\\/p><p>Alice is a sexually mature female who is currently laying eggs every 2 weeks...<\\/p><p>Mr.&nbsp;Cleo is our stud...<\\/p>\",\"8\":\"our geckos\",\"9\":\"<ul><li>baby geckos<\\/li><li>small geckos<\\/li><li>large geckos<\\/li><\\/ul>\"}}', '2016-07-10 22:41:43', '2016-07-10 22:41:43', '125b1b5c-38a6-40a2-b7bd-76a1ef087dc8'),
 ('45', '30', '9', '1', 'en_us', '6', '', '{\"typeId\":\"9\",\"authorId\":\"1\",\"title\":\"orb1\",\"slug\":\"orb1\",\"postDate\":1468176300,\"expiryDate\":null,\"enabled\":1,\"parentId\":null,\"fields\":{\"10\":\"<p>Of course, we think our leopard&nbsp;geckos are the best and most unique of reptiles. Hopefully, this is how you feel about yours. We also think of&nbsp;our geckos as&nbsp;the greatest of&nbsp;entertainers but each of them&nbsp;have unique personalities. HayDay for instance is our climber. Once the crate opens up her head is pointed straight up and she awaits a lift into the outer domain. She is curious and leaves no stone unturned. She is by far the most active. Additionally, she is not sexually mature as our other female is. She also has no issue with buddying up with our mature male or even stepping on his head to get to food. She is a big eater, too.<\\/p>\\r\\n\\r\\n<p>Alice is a sexually mature female who is currently laying eggs every 2 weeks...<\\/p>\\r\\n\\r\\n<p>Mr.&nbsp;Cleo is our stud...<\\/p>\",\"8\":\"our geckos\",\"9\":\"<ul><li>baby geckos<\\/li><li>small geckos<\\/li><li>large geckos<\\/li><\\/ul>\"}}', '2016-07-10 22:43:38', '2016-07-10 22:43:38', '94b4dda7-882a-45f7-96e0-9ab203da4804'),
 ('46', '32', '9', '1', 'en_us', '4', '', '{\"typeId\":\"9\",\"authorId\":\"1\",\"title\":\"orb3\",\"slug\":\"orb3\",\"postDate\":1468178220,\"expiryDate\":null,\"enabled\":1,\"parentId\":null,\"fields\":{\"10\":\"<p>As with all pets, leopard geckos depend on us for complete and unconditional care. The better their habitat and environment is maintained the happier they are.&nbsp;<\\/p><p>When we received Mr.Cleo he was in dire straits. He wasn\'t malnourished but he had several layers of bad sheds that had piled up in bad places. His eyelids and toes took the worse hit. I had no idea how to care for a leopard gecko other than a crash course of Google but one thing I was sure about. He didn\'t look right. His eyes were black and he was not eating. So, I took him to the vet who luckily had leopard geckos of her own. $260 later we took Mr. Cleo home. In the ensuing few days, I learned that because his eyes were infected due to the bad sheds piling up on his lower eyelids,&nbsp;he could not see his food so gave up on hunting. 2-3 times a day I&nbsp;gave him eye&nbsp;drops and fed him through a syringe. Within 2 weeks he began eating again and had a perfect shed thanks to being moved into an environment where we could monitor and maintain humidity.&nbsp;<\\/p><p>The point of this story is that we inherited Mr.Cleo and knew nothing about caring for him. However, he let us know the best way he could that he needed help.&nbsp;That was a long time ago and I\'ve not had to take any of our leo\'s to a vet since (knock on wood). We love them and look after them daily. We are lucky to have each other.&nbsp;&nbsp;<\\/p>\",\"8\":\"gecko care\",\"9\":\"<ul><li>habitat<\\/li><li>sexing: male or female<\\/li><li>health\\/sickness<\\/li><\\/ul>\"}}', '2016-07-10 22:53:06', '2016-07-10 22:53:06', '25a9c73e-945e-41ef-b191-5b6acca5495f');



DROP TABLE IF EXISTS `craft_fieldgroups`;


--
-- Schema for table `craft_fieldgroups`
--
CREATE TABLE `craft_fieldgroups` (
  `id` int(11) NOT NULL AUTO_INCREMENT,
  `name` varchar(255) COLLATE utf8_unicode_ci NOT NULL,
  `dateCreated` datetime NOT NULL,
  `dateUpdated` datetime NOT NULL,
  `uid` char(36) COLLATE utf8_unicode_ci NOT NULL DEFAULT '0',
  PRIMARY KEY (`id`),
  UNIQUE KEY `craft_fieldgroups_name_unq_idx` (`name`)
) ENGINE=InnoDB AUTO_INCREMENT=5 DEFAULT CHARSET=utf8 COLLATE=utf8_unicode_ci;

--
-- Data for table `craft_fieldgroups`
--

INSERT INTO `craft_fieldgroups` (`id`, `name`, `dateCreated`, `dateUpdated`, `uid`) VALUES
 ('1', 'Default', '2016-07-07 19:23:43', '2016-07-07 19:23:43', '31c2835b-78af-43d9-a043-d3f82cc3efe6'),
 ('3', 'Our Geckos', '2016-07-09 16:59:27', '2016-07-09 16:59:27', 'b9a252ee-1b6d-4bd8-8f50-ccc217f05b02'),
 ('4', 'Orbs', '2016-07-10 18:29:14', '2016-07-10 18:29:14', 'f475ed1a-152e-48db-a77c-69e52a33af94');



DROP TABLE IF EXISTS `craft_fieldlayoutfields`;


--
-- Schema for table `craft_fieldlayoutfields`
--
CREATE TABLE `craft_fieldlayoutfields` (
  `id` int(11) NOT NULL AUTO_INCREMENT,
  `layoutId` int(11) NOT NULL,
  `tabId` int(11) NOT NULL,
  `fieldId` int(11) NOT NULL,
  `required` tinyint(1) unsigned NOT NULL DEFAULT '0',
  `sortOrder` smallint(6) unsigned DEFAULT NULL,
  `dateCreated` datetime NOT NULL,
  `dateUpdated` datetime NOT NULL,
  `uid` char(36) COLLATE utf8_unicode_ci NOT NULL DEFAULT '0',
  PRIMARY KEY (`id`),
  UNIQUE KEY `craft_fieldlayoutfields_layoutId_fieldId_unq_idx` (`layoutId`,`fieldId`),
  KEY `craft_fieldlayoutfields_sortOrder_idx` (`sortOrder`),
  KEY `craft_fieldlayoutfields_tabId_fk` (`tabId`),
  KEY `craft_fieldlayoutfields_fieldId_fk` (`fieldId`)
) ENGINE=InnoDB AUTO_INCREMENT=29 DEFAULT CHARSET=utf8 COLLATE=utf8_unicode_ci;

--
-- Data for table `craft_fieldlayoutfields`
--

INSERT INTO `craft_fieldlayoutfields` (`id`, `layoutId`, `tabId`, `fieldId`, `required`, `sortOrder`, `dateCreated`, `dateUpdated`, `uid`) VALUES
 ('1', '3', '1', '1', '1', '1', '2016-07-07 19:23:43', '2016-07-07 19:23:43', '090e3b5f-a5e3-4705-ab97-5d427c26f7aa'),
 ('2', '5', '2', '1', '1', '1', '2016-07-07 19:23:43', '2016-07-07 19:23:43', 'fee7d8a6-3580-4e45-bc71-6dc19f106b4d'),
 ('3', '5', '2', '2', '0', '2', '2016-07-07 19:23:43', '2016-07-07 19:23:43', '0b5c730a-e245-4ba6-84cc-510e5df51085'),
 ('6', '11', '4', '1', '0', '1', '2016-07-08 22:10:52', '2016-07-08 22:10:52', '886ba3a5-4eec-4a61-b536-017491798c88'),
 ('7', '11', '4', '2', '0', '2', '2016-07-08 22:10:52', '2016-07-08 22:10:52', 'b47d504a-dde1-47cb-be9c-0e8feaed84d7'),
 ('18', '17', '10', '7', '0', '1', '2016-07-09 17:24:55', '2016-07-09 17:24:55', 'd438612d-3ce6-4e6b-a67b-16a3a27908fa'),
 ('19', '17', '10', '1', '0', '2', '2016-07-09 17:24:55', '2016-07-09 17:24:55', 'e4f58738-90e8-4718-9578-11361dc45e08'),
 ('20', '17', '10', '2', '0', '3', '2016-07-09 17:24:55', '2016-07-09 17:24:55', '05a83503-6f30-407d-a17d-e5cad8687969'),
 ('21', '19', '11', '7', '0', '1', '2016-07-09 17:29:30', '2016-07-09 17:29:30', 'a80821f1-1d94-4813-a689-3cabb1d67d1e'),
 ('22', '33', '12', '5', '0', '1', '2016-07-10 15:34:24', '2016-07-10 15:34:24', 'a92bbcb4-155f-4829-b729-fcb761227d7a'),
 ('23', '33', '12', '6', '0', '2', '2016-07-10 15:34:24', '2016-07-10 15:34:24', '13c00a27-d0b9-4f00-bf84-9db07ce4a682'),
 ('26', '37', '14', '8', '0', '1', '2016-07-10 22:28:05', '2016-07-10 22:28:05', '97cce922-2e7b-45c0-bc10-6ccb1f3c348e'),
 ('27', '37', '14', '9', '0', '2', '2016-07-10 22:28:05', '2016-07-10 22:28:05', '0d1e2d2c-79f8-4cb5-8589-d0ae1d3b54a2'),
 ('28', '37', '14', '10', '0', '3', '2016-07-10 22:28:05', '2016-07-10 22:28:05', '10c5ffbe-77ea-47c8-a0ad-6d80a22b26d6');



DROP TABLE IF EXISTS `craft_fieldlayouts`;


--
-- Schema for table `craft_fieldlayouts`
--
CREATE TABLE `craft_fieldlayouts` (
  `id` int(11) NOT NULL AUTO_INCREMENT,
  `type` varchar(150) COLLATE utf8_unicode_ci NOT NULL,
  `dateCreated` datetime NOT NULL,
  `dateUpdated` datetime NOT NULL,
  `uid` char(36) COLLATE utf8_unicode_ci NOT NULL DEFAULT '0',
  PRIMARY KEY (`id`),
  KEY `craft_fieldlayouts_type_idx` (`type`)
) ENGINE=InnoDB AUTO_INCREMENT=39 DEFAULT CHARSET=utf8 COLLATE=utf8_unicode_ci;

--
-- Data for table `craft_fieldlayouts`
--

INSERT INTO `craft_fieldlayouts` (`id`, `type`, `dateCreated`, `dateUpdated`, `uid`) VALUES
 ('1', 'Tag', '2016-07-07 19:23:43', '2016-07-07 19:23:43', 'e0d8fb39-cbff-49fb-8bfe-9d1fe8c97e8e'),
 ('3', 'Entry', '2016-07-07 19:23:43', '2016-07-07 19:23:43', '65e13911-f66b-4a05-8a37-e0bdeb917b32'),
 ('5', 'Entry', '2016-07-07 19:23:43', '2016-07-07 19:23:43', 'db56f7b3-6cf8-4e30-b60e-48843ecd8b30'),
 ('9', 'Entry', '2016-07-08 21:52:25', '2016-07-08 21:52:25', '6ccaeec7-3853-4dbf-98a9-2d22696026ec'),
 ('11', 'Entry', '2016-07-08 22:10:52', '2016-07-08 22:10:52', 'e49fe464-dbdd-4ed4-b2e3-f41f1d2243b6'),
 ('12', 'Entry', '2016-07-08 22:17:03', '2016-07-08 22:17:03', '7de95acd-1d18-41b4-9b03-c1796dac4d40'),
 ('17', 'Entry', '2016-07-09 17:24:55', '2016-07-09 17:24:55', '4cb6d25d-3ef1-4f21-a201-11064214e62c'),
 ('19', 'Asset', '2016-07-09 17:29:30', '2016-07-09 17:29:30', 'ffc299e1-ce2a-44f2-9634-ecfcacf1bb2c'),
 ('33', 'Entry', '2016-07-10 15:34:24', '2016-07-10 15:34:24', 'bf6c5c32-e6c0-46e9-b0d7-1230addc64b6'),
 ('34', 'Asset', '2016-07-10 16:04:50', '2016-07-10 16:04:50', '9504d2ce-51c8-4050-831a-498a2c556535'),
 ('37', 'Entry', '2016-07-10 22:28:05', '2016-07-10 22:28:05', '79451dc2-714e-4e26-891a-b1a4909e69bb'),
 ('38', 'Entry', '2016-07-11 00:00:01', '2016-07-11 00:00:01', '664cb2e2-6a1b-49fd-8c06-8e22928a1422');



DROP TABLE IF EXISTS `craft_fieldlayouttabs`;


--
-- Schema for table `craft_fieldlayouttabs`
--
CREATE TABLE `craft_fieldlayouttabs` (
  `id` int(11) NOT NULL AUTO_INCREMENT,
  `layoutId` int(11) NOT NULL,
  `name` varchar(255) COLLATE utf8_unicode_ci NOT NULL,
  `sortOrder` smallint(6) unsigned DEFAULT NULL,
  `dateCreated` datetime NOT NULL,
  `dateUpdated` datetime NOT NULL,
  `uid` char(36) COLLATE utf8_unicode_ci NOT NULL DEFAULT '0',
  PRIMARY KEY (`id`),
  KEY `craft_fieldlayouttabs_sortOrder_idx` (`sortOrder`),
  KEY `craft_fieldlayouttabs_layoutId_fk` (`layoutId`)
) ENGINE=InnoDB AUTO_INCREMENT=15 DEFAULT CHARSET=utf8 COLLATE=utf8_unicode_ci;

--
-- Data for table `craft_fieldlayouttabs`
--

INSERT INTO `craft_fieldlayouttabs` (`id`, `layoutId`, `name`, `sortOrder`, `dateCreated`, `dateUpdated`, `uid`) VALUES
 ('1', '3', 'Content', '1', '2016-07-07 19:23:43', '2016-07-07 19:23:43', '97342a4d-13aa-4860-b7c0-e2c01c25bc36'),
 ('2', '5', 'Content', '1', '2016-07-07 19:23:43', '2016-07-07 19:23:43', '96f1c2f6-e09c-46bd-a40f-c399e1b86a68'),
 ('4', '11', 'Default', '1', '2016-07-08 22:10:52', '2016-07-08 22:10:52', '7f4d2ab5-d49c-4ea7-abd9-fbce06f4adcc'),
 ('10', '17', 'About', '1', '2016-07-09 17:24:55', '2016-07-09 17:24:55', '8fb01b53-e8fc-4dac-b395-26a0301bab41'),
 ('11', '19', 'Content', '1', '2016-07-09 17:29:30', '2016-07-09 17:29:30', '4a4b8650-ee8d-48f5-abf8-9646489c8f30'),
 ('12', '33', 'Our Geckos', '1', '2016-07-10 15:34:24', '2016-07-10 15:34:24', '80e2e80d-965f-462a-95fb-2c5df26fbd40'),
 ('14', '37', 'Orbs', '1', '2016-07-10 22:28:05', '2016-07-10 22:28:05', '2373e5a1-9a78-4263-a5ce-f98753899af7');



DROP TABLE IF EXISTS `craft_fields`;


--
-- Schema for table `craft_fields`
--
CREATE TABLE `craft_fields` (
  `id` int(11) NOT NULL AUTO_INCREMENT,
  `groupId` int(11) DEFAULT NULL,
  `name` varchar(255) COLLATE utf8_unicode_ci NOT NULL,
  `handle` varchar(58) COLLATE utf8_unicode_ci NOT NULL,
  `context` varchar(255) COLLATE utf8_unicode_ci NOT NULL DEFAULT 'global',
  `instructions` text COLLATE utf8_unicode_ci,
  `translatable` tinyint(1) unsigned NOT NULL DEFAULT '0',
  `type` varchar(150) COLLATE utf8_unicode_ci NOT NULL,
  `settings` text COLLATE utf8_unicode_ci,
  `dateCreated` datetime NOT NULL,
  `dateUpdated` datetime NOT NULL,
  `uid` char(36) COLLATE utf8_unicode_ci NOT NULL DEFAULT '0',
  PRIMARY KEY (`id`),
  UNIQUE KEY `craft_fields_handle_context_unq_idx` (`handle`,`context`),
  KEY `craft_fields_context_idx` (`context`),
  KEY `craft_fields_groupId_fk` (`groupId`)
) ENGINE=InnoDB AUTO_INCREMENT=11 DEFAULT CHARSET=utf8 COLLATE=utf8_unicode_ci;

--
-- Data for table `craft_fields`
--

INSERT INTO `craft_fields` (`id`, `groupId`, `name`, `handle`, `context`, `instructions`, `translatable`, `type`, `settings`, `dateCreated`, `dateUpdated`, `uid`) VALUES
 ('1', '1', 'Body', 'body', 'global', NULL, '1', 'RichText', '{\"configFile\":\"Standard.json\",\"columnType\":\"text\"}', '2016-07-07 19:23:43', '2016-07-07 19:23:43', '38ab0fe4-5dfb-4155-a256-3233f0b45128'),
 ('2', '1', 'Tags', 'tags', 'global', NULL, '0', 'Tags', '{\"source\":\"taggroup:1\"}', '2016-07-07 19:23:43', '2016-07-07 19:23:43', '154496eb-8884-44d5-8a43-0188a9f57fe6'),
 ('5', '3', 'Gecko Name', 'geckoName', 'global', 'Add a gecko\'s name', '0', 'PlainText', '{\"placeholder\":\"\",\"maxLength\":\"\",\"multiline\":\"\",\"initialRows\":\"4\"}', '2016-07-09 17:00:07', '2016-07-09 17:00:07', '0723a9ab-714e-4085-884c-5d82f32a3a79'),
 ('6', '3', 'Gecko Image', 'geckoImage', 'global', 'add the gecko\'s picture...', '0', 'Assets', '{\"useSingleFolder\":\"1\",\"sources\":\"*\",\"defaultUploadLocationSource\":\"2\",\"defaultUploadLocationSubpath\":\"\",\"singleUploadLocationSource\":\"2\",\"singleUploadLocationSubpath\":\"assets\\/images\\/\",\"restrictFiles\":\"1\",\"allowedKinds\":[\"image\"],\"limit\":\"1\",\"viewMode\":\"list\",\"selectionLabel\":\"\"}', '2016-07-09 17:01:32', '2016-07-10 16:11:07', '48d6a9d4-a531-4d40-9492-a5010ec48c2e'),
 ('7', '1', 'content image', 'contentImage', 'global', 'add content related image...', '0', 'Assets', '{\"useSingleFolder\":\"\",\"defaultUploadLocationSubpath\":\"assets\\/images\",\"singleUploadLocationSubpath\":\"\",\"restrictFiles\":\"1\",\"allowedKinds\":[\"image\"],\"limit\":\"1\",\"viewMode\":\"list\",\"selectionLabel\":\"\"}', '2016-07-09 17:23:18', '2016-07-09 17:23:18', 'ac37e053-4f57-47c5-9602-dd0e527ed224'),
 ('8', '4', 'orbHeading', 'orbheading', 'global', 'tile your orb here...', '0', 'PlainText', '{\"placeholder\":\"placeholder\",\"maxLength\":\"10\",\"multiline\":\"\",\"initialRows\":\"4\"}', '2016-07-10 18:32:02', '2016-07-10 18:32:02', '276187eb-3c5e-4563-ab03-43b3c3b62830'),
 ('9', '4', 'orbList', 'orblist', 'global', 'enter only 3 list items...', '0', 'RichText', '{\"configFile\":\"\",\"availableAssetSources\":\"*\",\"availableTransforms\":\"*\",\"cleanupHtml\":\"1\",\"purifyHtml\":\"1\",\"columnType\":\"text\"}', '2016-07-10 18:36:29', '2016-07-10 18:43:39', '38ec3c7b-74bc-48c0-b62c-f70967f30544'),
 ('10', '4', 'orb story', 'orbStory', 'global', 'add an editorial here...', '0', 'RichText', '{\"configFile\":\"\",\"availableAssetSources\":\"*\",\"availableTransforms\":\"*\",\"cleanupHtml\":\"1\",\"purifyHtml\":\"1\",\"columnType\":\"text\"}', '2016-07-10 22:27:32', '2016-07-10 22:27:32', '7b2187b9-9832-42d0-b10e-f5a001f03304');



DROP TABLE IF EXISTS `craft_globalsets`;


--
-- Schema for table `craft_globalsets`
--
CREATE TABLE `craft_globalsets` (
  `id` int(11) NOT NULL,
  `name` varchar(255) COLLATE utf8_unicode_ci NOT NULL,
  `handle` varchar(255) COLLATE utf8_unicode_ci NOT NULL,
  `fieldLayoutId` int(10) DEFAULT NULL,
  `dateCreated` datetime NOT NULL,
  `dateUpdated` datetime NOT NULL,
  `uid` char(36) COLLATE utf8_unicode_ci NOT NULL DEFAULT '0',
  PRIMARY KEY (`id`),
  UNIQUE KEY `craft_globalsets_name_unq_idx` (`name`),
  UNIQUE KEY `craft_globalsets_handle_unq_idx` (`handle`),
  KEY `craft_globalsets_fieldLayoutId_fk` (`fieldLayoutId`)
) ENGINE=InnoDB DEFAULT CHARSET=utf8 COLLATE=utf8_unicode_ci;

DROP TABLE IF EXISTS `craft_info`;


--
-- Schema for table `craft_info`
--
CREATE TABLE `craft_info` (
  `id` int(11) NOT NULL AUTO_INCREMENT,
  `version` varchar(15) COLLATE utf8_unicode_ci NOT NULL,
  `build` int(11) unsigned NOT NULL,
  `schemaVersion` varchar(15) COLLATE utf8_unicode_ci NOT NULL,
  `releaseDate` datetime NOT NULL,
  `edition` tinyint(1) unsigned NOT NULL DEFAULT '0',
  `siteName` varchar(100) COLLATE utf8_unicode_ci NOT NULL,
  `siteUrl` varchar(255) COLLATE utf8_unicode_ci NOT NULL,
  `timezone` varchar(30) COLLATE utf8_unicode_ci DEFAULT NULL,
  `on` tinyint(1) unsigned NOT NULL DEFAULT '0',
  `maintenance` tinyint(1) unsigned NOT NULL DEFAULT '0',
  `track` varchar(40) COLLATE utf8_unicode_ci NOT NULL,
  `dateCreated` datetime NOT NULL,
  `dateUpdated` datetime NOT NULL,
  `uid` char(36) COLLATE utf8_unicode_ci NOT NULL DEFAULT '0',
  PRIMARY KEY (`id`)
) ENGINE=InnoDB AUTO_INCREMENT=2 DEFAULT CHARSET=utf8 COLLATE=utf8_unicode_ci;

--
-- Data for table `craft_info`
--

INSERT INTO `craft_info` (`id`, `version`, `build`, `schemaVersion`, `releaseDate`, `edition`, `siteName`, `siteUrl`, `timezone`, `on`, `maintenance`, `track`, `dateCreated`, `dateUpdated`, `uid`) VALUES
 ('1', '2.6', '2795', '2.6.5', '2016-07-08 20:31:21', '0', 'Leo Gecko\'s', 'http://localhost:8888', 'America/New_York', '1', '1', 'stable', '2016-07-07 19:23:38', '2016-07-11 00:28:49', '6c078fa8-b154-4626-8f80-be52767ded48');



DROP TABLE IF EXISTS `craft_locales`;


--
-- Schema for table `craft_locales`
--
CREATE TABLE `craft_locales` (
  `locale` char(12) COLLATE utf8_unicode_ci NOT NULL,
  `sortOrder` smallint(6) unsigned DEFAULT NULL,
  `dateCreated` datetime NOT NULL,
  `dateUpdated` datetime NOT NULL,
  `uid` char(36) COLLATE utf8_unicode_ci NOT NULL DEFAULT '0',
  PRIMARY KEY (`locale`),
  KEY `craft_locales_sortOrder_idx` (`sortOrder`)
) ENGINE=InnoDB DEFAULT CHARSET=utf8 COLLATE=utf8_unicode_ci;

--
-- Data for table `craft_locales`
--

INSERT INTO `craft_locales` (`locale`, `sortOrder`, `dateCreated`, `dateUpdated`, `uid`) VALUES
 ('en_us', '1', '2016-07-07 19:23:39', '2016-07-07 19:23:39', 'b63a14df-1b70-44de-bc5f-95d8de46efc6');



DROP TABLE IF EXISTS `craft_matrixblocks`;


--
-- Schema for table `craft_matrixblocks`
--
CREATE TABLE `craft_matrixblocks` (
  `id` int(11) NOT NULL,
  `ownerId` int(11) NOT NULL,
  `fieldId` int(11) NOT NULL,
  `typeId` int(11) DEFAULT NULL,
  `sortOrder` smallint(6) unsigned DEFAULT NULL,
  `ownerLocale` char(12) COLLATE utf8_unicode_ci DEFAULT NULL,
  `dateCreated` datetime NOT NULL,
  `dateUpdated` datetime NOT NULL,
  `uid` char(36) COLLATE utf8_unicode_ci NOT NULL DEFAULT '0',
  PRIMARY KEY (`id`),
  KEY `craft_matrixblocks_ownerId_idx` (`ownerId`),
  KEY `craft_matrixblocks_fieldId_idx` (`fieldId`),
  KEY `craft_matrixblocks_typeId_idx` (`typeId`),
  KEY `craft_matrixblocks_sortOrder_idx` (`sortOrder`),
  KEY `craft_matrixblocks_ownerLocale_fk` (`ownerLocale`)
) ENGINE=InnoDB DEFAULT CHARSET=utf8 COLLATE=utf8_unicode_ci;

DROP TABLE IF EXISTS `craft_matrixblocktypes`;


--
-- Schema for table `craft_matrixblocktypes`
--
CREATE TABLE `craft_matrixblocktypes` (
  `id` int(11) NOT NULL AUTO_INCREMENT,
  `fieldId` int(11) NOT NULL,
  `fieldLayoutId` int(11) DEFAULT NULL,
  `name` varchar(255) COLLATE utf8_unicode_ci NOT NULL,
  `handle` varchar(255) COLLATE utf8_unicode_ci NOT NULL,
  `sortOrder` smallint(6) unsigned DEFAULT NULL,
  `dateCreated` datetime NOT NULL,
  `dateUpdated` datetime NOT NULL,
  `uid` char(36) COLLATE utf8_unicode_ci NOT NULL DEFAULT '0',
  PRIMARY KEY (`id`),
  UNIQUE KEY `craft_matrixblocktypes_name_fieldId_unq_idx` (`name`,`fieldId`),
  UNIQUE KEY `craft_matrixblocktypes_handle_fieldId_unq_idx` (`handle`,`fieldId`),
  KEY `craft_matrixblocktypes_fieldId_fk` (`fieldId`),
  KEY `craft_matrixblocktypes_fieldLayoutId_fk` (`fieldLayoutId`)
) ENGINE=InnoDB DEFAULT CHARSET=utf8 COLLATE=utf8_unicode_ci;

DROP TABLE IF EXISTS `craft_migrations`;


--
-- Schema for table `craft_migrations`
--
CREATE TABLE `craft_migrations` (
  `id` int(11) NOT NULL AUTO_INCREMENT,
  `pluginId` int(11) DEFAULT NULL,
  `version` varchar(255) COLLATE utf8_unicode_ci NOT NULL,
  `applyTime` datetime NOT NULL,
  `dateCreated` datetime NOT NULL,
  `dateUpdated` datetime NOT NULL,
  `uid` char(36) COLLATE utf8_unicode_ci NOT NULL DEFAULT '0',
  PRIMARY KEY (`id`),
  UNIQUE KEY `craft_migrations_version_unq_idx` (`version`),
  KEY `craft_migrations_pluginId_fk` (`pluginId`)
) ENGINE=InnoDB AUTO_INCREMENT=34 DEFAULT CHARSET=utf8 COLLATE=utf8_unicode_ci;

--
-- Data for table `craft_migrations`
--

INSERT INTO `craft_migrations` (`id`, `pluginId`, `version`, `applyTime`, `dateCreated`, `dateUpdated`, `uid`) VALUES
 ('1', NULL, 'm000000_000000_base', '2016-07-07 19:23:38', '2016-07-07 19:23:38', '2016-07-07 19:23:38', '0b1799cb-af2d-478b-a9bc-4bd6ae6b8cdf'),
 ('2', NULL, 'm140730_000001_add_filename_and_format_to_transformindex', '2016-07-07 19:23:38', '2016-07-07 19:23:38', '2016-07-07 19:23:38', '8c5fea9f-602d-400a-819e-183e5f7e670f'),
 ('3', NULL, 'm140815_000001_add_format_to_transforms', '2016-07-07 19:23:38', '2016-07-07 19:23:38', '2016-07-07 19:23:38', '9f34dcee-bc70-4c2c-a03d-89cf38217b61'),
 ('4', NULL, 'm140822_000001_allow_more_than_128_items_per_field', '2016-07-07 19:23:38', '2016-07-07 19:23:38', '2016-07-07 19:23:38', '7ae3df33-5428-4ce6-886d-b3c0dc657a93'),
 ('5', NULL, 'm140829_000001_single_title_formats', '2016-07-07 19:23:38', '2016-07-07 19:23:38', '2016-07-07 19:23:38', 'f02d553c-ef93-4f91-9d41-f2d45f024e3b'),
 ('6', NULL, 'm140831_000001_extended_cache_keys', '2016-07-07 19:23:38', '2016-07-07 19:23:38', '2016-07-07 19:23:38', '89e28d39-29cb-4c9d-a6be-20c9f36e3a91'),
 ('7', NULL, 'm140922_000001_delete_orphaned_matrix_blocks', '2016-07-07 19:23:38', '2016-07-07 19:23:38', '2016-07-07 19:23:38', '9f35a5aa-7856-4eb8-8403-cf7eb581fd63'),
 ('8', NULL, 'm141008_000001_elements_index_tune', '2016-07-07 19:23:38', '2016-07-07 19:23:38', '2016-07-07 19:23:38', 'e926b319-5b88-4846-b793-c58603095247'),
 ('9', NULL, 'm141009_000001_assets_source_handle', '2016-07-07 19:23:38', '2016-07-07 19:23:38', '2016-07-07 19:23:38', 'ab4a79c4-6a22-4136-82f7-ee3ff653bc98'),
 ('10', NULL, 'm141024_000001_field_layout_tabs', '2016-07-07 19:23:38', '2016-07-07 19:23:38', '2016-07-07 19:23:38', 'fb9af08a-8cbd-4eea-b26a-219755234ffc'),
 ('11', NULL, 'm141030_000000_plugin_schema_versions', '2016-07-07 19:23:38', '2016-07-07 19:23:38', '2016-07-07 19:23:38', '380ce0c7-a87e-4db2-984c-a25b96e573d3'),
 ('12', NULL, 'm141030_000001_drop_structure_move_permission', '2016-07-07 19:23:38', '2016-07-07 19:23:38', '2016-07-07 19:23:38', 'c52e2988-c6af-4333-980f-ca047f0afee1'),
 ('13', NULL, 'm141103_000001_tag_titles', '2016-07-07 19:23:38', '2016-07-07 19:23:38', '2016-07-07 19:23:38', '7132391c-d713-4afe-8378-59e492a1621d'),
 ('14', NULL, 'm141109_000001_user_status_shuffle', '2016-07-07 19:23:38', '2016-07-07 19:23:38', '2016-07-07 19:23:38', '2d1e49b0-6f87-424f-8e90-e47a63dd11b7'),
 ('15', NULL, 'm141126_000001_user_week_start_day', '2016-07-07 19:23:38', '2016-07-07 19:23:38', '2016-07-07 19:23:38', '29ff6203-3a46-4f28-b8d5-6abb8cdea583'),
 ('16', NULL, 'm150210_000001_adjust_user_photo_size', '2016-07-07 19:23:38', '2016-07-07 19:23:38', '2016-07-07 19:23:38', '38f80155-44c7-4a0d-9d83-badf73bd84e4'),
 ('17', NULL, 'm150724_000001_adjust_quality_settings', '2016-07-07 19:23:38', '2016-07-07 19:23:38', '2016-07-07 19:23:38', 'ddd23d01-8fce-4dd1-a6ed-5ee9c0699d66'),
 ('18', NULL, 'm150827_000000_element_index_settings', '2016-07-07 19:23:38', '2016-07-07 19:23:38', '2016-07-07 19:23:38', 'd04c0983-188f-4f36-84a3-7f19e39d6ed2'),
 ('19', NULL, 'm150918_000001_add_colspan_to_widgets', '2016-07-07 19:23:38', '2016-07-07 19:23:38', '2016-07-07 19:23:38', '28b790a9-f995-4204-bac4-06164dff93a6'),
 ('20', NULL, 'm151007_000000_clear_asset_caches', '2016-07-07 19:23:38', '2016-07-07 19:23:38', '2016-07-07 19:23:38', '3009ea74-5918-4b60-aaf7-b371be4cf3e9'),
 ('21', NULL, 'm151109_000000_text_url_formats', '2016-07-07 19:23:38', '2016-07-07 19:23:38', '2016-07-07 19:23:38', '6c2ddaf1-ce32-4778-95df-bb6a6d7859a9'),
 ('22', NULL, 'm151110_000000_move_logo', '2016-07-07 19:23:38', '2016-07-07 19:23:38', '2016-07-07 19:23:38', '2a8392c2-e3db-4228-83b7-ac122abdc6aa'),
 ('23', NULL, 'm151117_000000_adjust_image_widthheight', '2016-07-07 19:23:38', '2016-07-07 19:23:38', '2016-07-07 19:23:38', '67cff139-2a31-4694-b59a-4ba7f15f059c'),
 ('24', NULL, 'm151127_000000_clear_license_key_status', '2016-07-07 19:23:38', '2016-07-07 19:23:38', '2016-07-07 19:23:38', '5a817e60-8980-4138-b54f-f6d85c69f39f'),
 ('25', NULL, 'm151127_000000_plugin_license_keys', '2016-07-07 19:23:38', '2016-07-07 19:23:38', '2016-07-07 19:23:38', '5c150132-1448-4c37-bd3e-ff7de4a5dd1c'),
 ('26', NULL, 'm151130_000000_update_pt_widget_feeds', '2016-07-07 19:23:38', '2016-07-07 19:23:38', '2016-07-07 19:23:38', '08ef34a4-d3c9-4296-9013-1ece63511ab4'),
 ('27', NULL, 'm160114_000000_asset_sources_public_url_default_true', '2016-07-07 19:23:38', '2016-07-07 19:23:38', '2016-07-07 19:23:38', '7634cb09-9c95-47d6-9841-bef02589be9f'),
 ('28', NULL, 'm160223_000000_sortorder_to_smallint', '2016-07-07 19:23:38', '2016-07-07 19:23:38', '2016-07-07 19:23:38', '62b09029-0ed9-4612-be15-f4be15bf4044'),
 ('29', NULL, 'm160229_000000_set_default_entry_statuses', '2016-07-07 19:23:38', '2016-07-07 19:23:38', '2016-07-07 19:23:38', '227c8e37-1cb5-4351-9790-b870374508be'),
 ('30', NULL, 'm160304_000000_client_permissions', '2016-07-07 19:23:38', '2016-07-07 19:23:38', '2016-07-07 19:23:38', 'bc54161f-45d8-4888-bf93-53fc83223ff0'),
 ('31', NULL, 'm160322_000000_asset_filesize', '2016-07-07 19:23:38', '2016-07-07 19:23:38', '2016-07-07 19:23:38', '2c172501-af58-4b6d-ae8d-760059428c89'),
 ('32', NULL, 'm160503_000000_orphaned_fieldlayouts', '2016-07-07 19:23:38', '2016-07-07 19:23:38', '2016-07-07 19:23:38', 'c80ac163-c16e-4b22-8db3-7d50e0103ace'),
 ('33', NULL, 'm160510_000000_tasksettings', '2016-07-07 19:23:38', '2016-07-07 19:23:39', '2016-07-07 19:23:39', '35f8c2b4-a243-4ba5-b787-212ffeef5e97');



DROP TABLE IF EXISTS `craft_plugins`;


--
-- Schema for table `craft_plugins`
--
CREATE TABLE `craft_plugins` (
  `id` int(11) NOT NULL AUTO_INCREMENT,
  `class` varchar(150) COLLATE utf8_unicode_ci NOT NULL,
  `version` varchar(15) COLLATE utf8_unicode_ci NOT NULL,
  `schemaVersion` varchar(15) COLLATE utf8_unicode_ci DEFAULT NULL,
  `licenseKey` char(24) COLLATE utf8_unicode_ci DEFAULT NULL,
  `licenseKeyStatus` enum('valid','invalid','mismatched','unknown') COLLATE utf8_unicode_ci NOT NULL DEFAULT 'unknown',
  `enabled` tinyint(1) unsigned NOT NULL DEFAULT '0',
  `settings` text COLLATE utf8_unicode_ci,
  `installDate` datetime NOT NULL,
  `dateCreated` datetime NOT NULL,
  `dateUpdated` datetime NOT NULL,
  `uid` char(36) COLLATE utf8_unicode_ci NOT NULL DEFAULT '0',
  PRIMARY KEY (`id`)
) ENGINE=InnoDB DEFAULT CHARSET=utf8 COLLATE=utf8_unicode_ci;

DROP TABLE IF EXISTS `craft_rackspaceaccess`;


--
-- Schema for table `craft_rackspaceaccess`
--
CREATE TABLE `craft_rackspaceaccess` (
  `id` int(11) NOT NULL AUTO_INCREMENT,
  `connectionKey` varchar(255) COLLATE utf8_unicode_ci NOT NULL,
  `token` varchar(255) COLLATE utf8_unicode_ci NOT NULL,
  `storageUrl` varchar(255) COLLATE utf8_unicode_ci NOT NULL,
  `cdnUrl` varchar(255) COLLATE utf8_unicode_ci NOT NULL,
  `dateCreated` datetime NOT NULL,
  `dateUpdated` datetime NOT NULL,
  `uid` char(36) COLLATE utf8_unicode_ci NOT NULL DEFAULT '0',
  PRIMARY KEY (`id`),
  UNIQUE KEY `craft_rackspaceaccess_connectionKey_unq_idx` (`connectionKey`)
) ENGINE=InnoDB DEFAULT CHARSET=utf8 COLLATE=utf8_unicode_ci;

DROP TABLE IF EXISTS `craft_relations`;


--
-- Schema for table `craft_relations`
--
CREATE TABLE `craft_relations` (
  `id` int(11) NOT NULL AUTO_INCREMENT,
  `fieldId` int(11) NOT NULL,
  `sourceId` int(11) NOT NULL,
  `sourceLocale` char(12) COLLATE utf8_unicode_ci DEFAULT NULL,
  `targetId` int(11) NOT NULL,
  `sortOrder` smallint(6) DEFAULT NULL,
  `dateCreated` datetime NOT NULL,
  `dateUpdated` datetime NOT NULL,
  `uid` char(36) COLLATE utf8_unicode_ci NOT NULL DEFAULT '0',
  PRIMARY KEY (`id`),
  UNIQUE KEY `craft_relations_fieldId_sourceId_sourceLocale_targetId_unq_idx` (`fieldId`,`sourceId`,`sourceLocale`,`targetId`),
  KEY `craft_relations_sourceId_fk` (`sourceId`),
  KEY `craft_relations_sourceLocale_fk` (`sourceLocale`),
  KEY `craft_relations_targetId_fk` (`targetId`)
) ENGINE=InnoDB AUTO_INCREMENT=12 DEFAULT CHARSET=utf8 COLLATE=utf8_unicode_ci;

--
-- Data for table `craft_relations`
--

INSERT INTO `craft_relations` (`id`, `fieldId`, `sourceId`, `sourceLocale`, `targetId`, `sortOrder`, `dateCreated`, `dateUpdated`, `uid`) VALUES
 ('8', '6', '24', NULL, '26', '1', '2016-07-10 16:50:58', '2016-07-10 16:50:58', '49a1d2c3-8bba-4d9e-863d-d69f8c50ef3d'),
 ('9', '6', '25', NULL, '27', '1', '2016-07-10 16:51:43', '2016-07-10 16:51:43', 'c0960b77-1898-45d5-844a-eea63c3f1064'),
 ('10', '6', '20', NULL, '28', '1', '2016-07-10 16:54:58', '2016-07-10 16:54:58', '86e92e51-f3aa-4cc1-9ce0-293e4317925b'),
 ('11', '7', '4', NULL, '29', '1', '2016-07-10 17:30:59', '2016-07-10 17:30:59', '99fb60e3-dfe2-4c2b-9b9a-cf20639b2fc6');



DROP TABLE IF EXISTS `craft_routes`;


--
-- Schema for table `craft_routes`
--
CREATE TABLE `craft_routes` (
  `id` int(11) NOT NULL AUTO_INCREMENT,
  `locale` char(12) COLLATE utf8_unicode_ci DEFAULT NULL,
  `urlParts` varchar(255) COLLATE utf8_unicode_ci NOT NULL,
  `urlPattern` varchar(255) COLLATE utf8_unicode_ci NOT NULL,
  `template` varchar(255) COLLATE utf8_unicode_ci NOT NULL,
  `sortOrder` smallint(6) unsigned DEFAULT NULL,
  `dateCreated` datetime NOT NULL,
  `dateUpdated` datetime NOT NULL,
  `uid` char(36) COLLATE utf8_unicode_ci NOT NULL DEFAULT '0',
  PRIMARY KEY (`id`),
  UNIQUE KEY `craft_routes_urlPattern_unq_idx` (`urlPattern`),
  KEY `craft_routes_locale_idx` (`locale`)
) ENGINE=InnoDB DEFAULT CHARSET=utf8 COLLATE=utf8_unicode_ci;

DROP TABLE IF EXISTS `craft_searchindex`;


--
-- Schema for table `craft_searchindex`
--
CREATE TABLE `craft_searchindex` (
  `elementId` int(11) NOT NULL,
  `attribute` varchar(25) COLLATE utf8_unicode_ci NOT NULL,
  `fieldId` int(11) NOT NULL,
  `locale` char(12) COLLATE utf8_unicode_ci NOT NULL,
  `keywords` text COLLATE utf8_unicode_ci NOT NULL,
  PRIMARY KEY (`elementId`,`attribute`,`fieldId`,`locale`),
  FULLTEXT KEY `craft_searchindex_keywords_idx` (`keywords`)
) ENGINE=MyISAM DEFAULT CHARSET=utf8 COLLATE=utf8_unicode_ci;

--
-- Data for table `craft_searchindex`
--

INSERT INTO `craft_searchindex` (`elementId`, `attribute`, `fieldId`, `locale`, `keywords`) VALUES
 ('1', 'username', '0', 'en_us', ' daddyo '),
 ('1', 'firstname', '0', 'en_us', ''),
 ('1', 'lastname', '0', 'en_us', ''),
 ('1', 'fullname', '0', 'en_us', ''),
 ('1', 'email', '0', 'en_us', ' mark markjmoyer com '),
 ('1', 'slug', '0', 'en_us', ''),
 ('2', 'slug', '0', 'en_us', ' homepage '),
 ('2', 'title', '0', 'en_us', ' welcome to leo gecko '),
 ('2', 'field', '1', 'en_us', ' it s true this site doesn t have a whole lot of content yet but don t worry we have just installed the cms and we re setting things up for the content editors this very moment soon leo gecko will be an oasis of fresh perspectives sharp analyses and astute opinions that will keep you coming back again and again and again '),
 ('3', 'field', '1', 'en_us', ' craft is the cms that s powering localhost it s beautiful powerful flexible and easy to use and it s made by pixel tonic we can t wait to dive in and see what it s capable of this is even more captivating content which you couldn t see on the news index page because it was entered after a page break and the news index template only likes to show the content on the first page craft a nice alternative to word if you re making a website '),
 ('3', 'field', '2', 'en_us', ''),
 ('3', 'slug', '0', 'en_us', ' we just installed craft '),
 ('3', 'title', '0', 'en_us', ' we just installed craft '),
 ('4', 'slug', '0', 'en_us', ' about '),
 ('4', 'title', '0', 'en_us', ' about '),
 ('5', 'slug', '0', 'en_us', ' gallery '),
 ('5', 'title', '0', 'en_us', ' gallery '),
 ('6', 'slug', '0', 'en_us', ' products '),
 ('6', 'title', '0', 'en_us', ' products '),
 ('4', 'field', '1', 'en_us', ' there s nothing unique about us in fact we re probably just like you having a love for reptiles and an overbearing desire to love the oh so personable leopard gecko we are not breeders or specialists in any way we ve learned by trial error and the internet so much that we like to think our geckos live in a technologically advanced environment true i like to tap a camera that i have pointed into their crate and watch them regardless of where i m at also like having the ability to monitor humidity and temp from afar with todays tech i can provide better for them even if i am a bit anal about it we decided to start blogging after many began contacting us and asking a ton of questions i love answering those questions but it became so time consuming none of us could keep up additionally a lot of the questions and comments we began receiving didn t make sense to us so a blog was born you re more than welcome to take what interest you but please give of us a shout out if your using our content elsewhere leave the rest at the curb for someone else remember we are not experts and have several $300 vet bills to prove it '),
 ('4', 'field', '2', 'en_us', ''),
 ('7', 'filename', '0', 'en_us', ' gecko1 jpg '),
 ('7', 'extension', '0', 'en_us', ' jpg '),
 ('7', 'kind', '0', 'en_us', ' image '),
 ('7', 'slug', '0', 'en_us', ' gecko1 '),
 ('7', 'title', '0', 'en_us', ' gecko1 '),
 ('4', 'field', '6', 'en_us', ''),
 ('4', 'field', '5', 'en_us', ''),
 ('22', 'kind', '0', 'en_us', ' image '),
 ('22', 'slug', '0', 'en_us', ' gecko1 '),
 ('22', 'title', '0', 'en_us', ' gecko1 '),
 ('25', 'field', '5', 'en_us', ' hayday '),
 ('29', 'filename', '0', 'en_us', ' gecko3 jpg '),
 ('10', 'filename', '0', 'en_us', ' gecko2 jpg '),
 ('10', 'extension', '0', 'en_us', ' jpg '),
 ('10', 'kind', '0', 'en_us', ' image '),
 ('10', 'slug', '0', 'en_us', ' gecko2 '),
 ('10', 'title', '0', 'en_us', ' gecko2 '),
 ('11', 'filename', '0', 'en_us', ' headerbg png '),
 ('11', 'extension', '0', 'en_us', ' png '),
 ('11', 'kind', '0', 'en_us', ' image '),
 ('11', 'slug', '0', 'en_us', ' header bg '),
 ('11', 'title', '0', 'en_us', ' header bg '),
 ('12', 'filename', '0', 'en_us', ' leopardgecko png '),
 ('12', 'extension', '0', 'en_us', ' png '),
 ('12', 'kind', '0', 'en_us', ' image '),
 ('12', 'slug', '0', 'en_us', ' leopardgecko '),
 ('12', 'title', '0', 'en_us', ' leopardgecko '),
 ('4', 'field', '7', 'en_us', ' gecko3 '),
 ('14', 'field', '1', 'en_us', ' omg this cms is facking killing me how in the hell am i supposed to create a section for the home page orbs '),
 ('14', 'field', '2', 'en_us', ''),
 ('14', 'slug', '0', 'en_us', ' this sucks '),
 ('14', 'title', '0', 'en_us', ' this sucks '),
 ('15', 'field', '1', 'en_us', ' humidity trackershttp www temperaturealert co https www zoro com lascar wi https www lacrossetechnology incubatorshttp incubatorwarehouse com '),
 ('15', 'field', '2', 'en_us', ''),
 ('15', 'slug', '0', 'en_us', ' product links for resellable content '),
 ('15', 'title', '0', 'en_us', ' product links for resellable content '),
 ('19', 'filename', '0', 'en_us', ' gecko1 jpg '),
 ('22', 'extension', '0', 'en_us', ' jpg '),
 ('22', 'filename', '0', 'en_us', ' gecko1 jpg '),
 ('19', 'extension', '0', 'en_us', ' jpg '),
 ('19', 'kind', '0', 'en_us', ' image '),
 ('19', 'slug', '0', 'en_us', ' gecko1 '),
 ('19', 'title', '0', 'en_us', ' gecko1 '),
 ('20', 'field', '5', 'en_us', ' mr cleo '),
 ('20', 'field', '6', 'en_us', ' mrcleo '),
 ('20', 'slug', '0', 'en_us', ' mr cleo '),
 ('20', 'title', '0', 'en_us', ' mr cleo '),
 ('24', 'title', '0', 'en_us', ' alice '),
 ('24', 'slug', '0', 'en_us', ' alice '),
 ('24', 'field', '6', 'en_us', ' alice '),
 ('24', 'field', '5', 'en_us', ' alice '),
 ('25', 'field', '6', 'en_us', ' hayday '),
 ('25', 'slug', '0', 'en_us', ' hayday '),
 ('25', 'title', '0', 'en_us', ' hayday '),
 ('26', 'filename', '0', 'en_us', ' alice jpg '),
 ('26', 'extension', '0', 'en_us', ' jpg '),
 ('26', 'kind', '0', 'en_us', ' image '),
 ('26', 'slug', '0', 'en_us', ' alice '),
 ('26', 'title', '0', 'en_us', ' alice '),
 ('27', 'filename', '0', 'en_us', ' hayday jpg '),
 ('27', 'extension', '0', 'en_us', ' jpg '),
 ('27', 'kind', '0', 'en_us', ' image '),
 ('27', 'slug', '0', 'en_us', ' hayday '),
 ('27', 'title', '0', 'en_us', ' hayday '),
 ('28', 'filename', '0', 'en_us', ' mrcleo jpg '),
 ('28', 'extension', '0', 'en_us', ' jpg '),
 ('28', 'kind', '0', 'en_us', ' image '),
 ('28', 'slug', '0', 'en_us', ' mrcleo '),
 ('28', 'title', '0', 'en_us', ' mrcleo '),
 ('29', 'extension', '0', 'en_us', ' jpg '),
 ('29', 'kind', '0', 'en_us', ' image '),
 ('29', 'slug', '0', 'en_us', ' gecko3 '),
 ('29', 'title', '0', 'en_us', ' gecko3 '),
 ('30', 'field', '8', 'en_us', ' our geckos '),
 ('30', 'field', '9', 'en_us', ' baby geckossmall geckoslarge geckos '),
 ('30', 'slug', '0', 'en_us', ' orb1 '),
 ('30', 'title', '0', 'en_us', ' orb1 '),
 ('31', 'field', '8', 'en_us', ' gecko food '),
 ('31', 'field', '9', 'en_us', ' mealwormsdubia roachessuperworms ');
INSERT INTO `craft_searchindex` (`elementId`, `attribute`, `fieldId`, `locale`, `keywords`) VALUES
 ('31', 'slug', '0', 'en_us', ' orb2 '),
 ('31', 'title', '0', 'en_us', ' orb2 '),
 ('32', 'field', '8', 'en_us', ' gecko care '),
 ('32', 'field', '9', 'en_us', ' habitatsexing male or femalehealth sickness '),
 ('32', 'slug', '0', 'en_us', ' orb3 '),
 ('32', 'title', '0', 'en_us', ' orb3 '),
 ('30', 'field', '10', 'en_us', ' of course we think our leopard geckos are the best and most unique of reptiles hopefully this is how you feel about yours we also think of our geckos as the greatest of entertainers but each of them have unique personalities hayday for instance is our climber once the crate opens up her head is pointed straight up and she awaits a lift into the outer domain she is curious and leaves no stone unturned she is by far the most active additionally she is not sexually mature as our other female is she also has no issue with buddying up with our mature male or even stepping on his head to get to food she is a big eater too alice is a sexually mature female who is currently laying eggs every 2 weeks mr cleo is our stud '),
 ('31', 'field', '10', 'en_us', ' we feed our leopard geckos meal worms for a staple and supplement their diets with dubias wax worms occasional superworms as well as calcium d3 '),
 ('32', 'field', '10', 'en_us', ' as with all pets leopard geckos depend on us for complete and unconditional care the better their habitat and environment is maintained the happier they are when we received mr cleo he was in dire straits he wasn t malnourished but he had several layers of bad sheds that had piled up in bad places his eyelids and toes took the worse hit i had no idea how to care for a leopard gecko other than a crash course of google but one thing i was sure about he didn t look right his eyes were black and he was not eating so i took him to the vet who luckily had leopard geckos of her own $260 later we took mr cleo home in the ensuing few days i learned that because his eyes were infected due to the bad sheds piling up on his lower eyelids he could not see his food so gave up on hunting 2 3 times a day i gave him eye drops and fed him through a syringe within 2 weeks he began eating again and had a perfect shed thanks to being moved into an environment where we could monitor and maintain humidity the point of this story is that we inherited mr cleo and knew nothing about caring for him however he let us know the best way he could that he needed help that was a long time ago and i ve not had to take any of our leo s to a vet since knock on wood we love them and look after them daily we are lucky to have each other ');



DROP TABLE IF EXISTS `craft_sections`;


--
-- Schema for table `craft_sections`
--
CREATE TABLE `craft_sections` (
  `id` int(11) NOT NULL AUTO_INCREMENT,
  `structureId` int(11) DEFAULT NULL,
  `name` varchar(255) COLLATE utf8_unicode_ci NOT NULL,
  `handle` varchar(255) COLLATE utf8_unicode_ci NOT NULL,
  `type` enum('single','channel','structure') COLLATE utf8_unicode_ci NOT NULL DEFAULT 'channel',
  `hasUrls` tinyint(1) unsigned NOT NULL DEFAULT '1',
  `template` varchar(500) COLLATE utf8_unicode_ci DEFAULT NULL,
  `enableVersioning` tinyint(1) unsigned NOT NULL DEFAULT '0',
  `dateCreated` datetime NOT NULL,
  `dateUpdated` datetime NOT NULL,
  `uid` char(36) COLLATE utf8_unicode_ci NOT NULL DEFAULT '0',
  PRIMARY KEY (`id`),
  UNIQUE KEY `craft_sections_name_unq_idx` (`name`),
  UNIQUE KEY `craft_sections_handle_unq_idx` (`handle`),
  KEY `craft_sections_structureId_fk` (`structureId`)
) ENGINE=InnoDB AUTO_INCREMENT=11 DEFAULT CHARSET=utf8 COLLATE=utf8_unicode_ci;

--
-- Data for table `craft_sections`
--

INSERT INTO `craft_sections` (`id`, `structureId`, `name`, `handle`, `type`, `hasUrls`, `template`, `enableVersioning`, `dateCreated`, `dateUpdated`, `uid`) VALUES
 ('1', NULL, 'Homepage', 'homepage', 'single', '1', 'index', '1', '2016-07-07 19:23:43', '2016-07-07 19:23:43', 'dd6f8d26-b1b0-49e4-9743-171d46135c3d'),
 ('2', NULL, 'News', 'news', 'channel', '1', 'news/_entry', '1', '2016-07-07 19:23:43', '2016-07-07 19:51:00', '3e5d0305-e3bc-4545-b78e-14e3dd3a74ee'),
 ('4', NULL, 'Blog', 'blog', 'channel', '1', 'blog/_entry', '1', '2016-07-08 21:20:25', '2016-07-08 21:20:25', '7ea968b4-c5fe-4546-bd85-287fe89c43b2'),
 ('5', NULL, 'About', 'about', 'single', '1', 'about', '1', '2016-07-08 21:35:26', '2016-07-08 21:35:26', '132e2b60-8365-4fa7-8232-12fd126cae51'),
 ('6', NULL, 'Gallery', 'gallery', 'channel', '1', 'gallery/_entry', '1', '2016-07-08 21:52:25', '2016-07-08 21:52:25', 'ad1068e1-335a-4497-a687-2f13270a7913'),
 ('7', NULL, 'Products', 'products', 'channel', '1', 'products/_entry', '1', '2016-07-08 22:17:03', '2016-07-08 22:17:03', '6aa82951-3a98-4e5a-a57f-2c2c77ffa65d'),
 ('8', '1', 'About Sidebar', 'aboutSidebar', 'structure', '1', 'sidebar/_entry', '1', '2016-07-10 15:32:49', '2016-07-10 16:15:22', 'bb6f322f-77b6-4566-9bb2-1f4cd7fe64fb'),
 ('9', '2', 'Orbs', 'orbs', 'structure', '1', 'orbs/_entry', '1', '2016-07-10 18:28:37', '2016-07-10 19:44:11', '1a7d13d3-14b6-4dcd-9d0f-b39bec9e26f8'),
 ('10', '3', 'GeckoFood', 'geckoFood', 'structure', '1', 'food/_entry', '1', '2016-07-11 00:00:01', '2016-07-11 00:27:00', '962eb318-f5ef-433c-b637-1da32e3c436f');



DROP TABLE IF EXISTS `craft_sections_i18n`;


--
-- Schema for table `craft_sections_i18n`
--
CREATE TABLE `craft_sections_i18n` (
  `id` int(11) NOT NULL AUTO_INCREMENT,
  `sectionId` int(11) NOT NULL,
  `locale` char(12) COLLATE utf8_unicode_ci NOT NULL,
  `enabledByDefault` tinyint(1) unsigned NOT NULL DEFAULT '1',
  `urlFormat` text COLLATE utf8_unicode_ci,
  `nestedUrlFormat` text COLLATE utf8_unicode_ci,
  `dateCreated` datetime NOT NULL,
  `dateUpdated` datetime NOT NULL,
  `uid` char(36) COLLATE utf8_unicode_ci NOT NULL DEFAULT '0',
  PRIMARY KEY (`id`),
  UNIQUE KEY `craft_sections_i18n_sectionId_locale_unq_idx` (`sectionId`,`locale`),
  KEY `craft_sections_i18n_locale_fk` (`locale`)
) ENGINE=InnoDB AUTO_INCREMENT=11 DEFAULT CHARSET=utf8 COLLATE=utf8_unicode_ci;

--
-- Data for table `craft_sections_i18n`
--

INSERT INTO `craft_sections_i18n` (`id`, `sectionId`, `locale`, `enabledByDefault`, `urlFormat`, `nestedUrlFormat`, `dateCreated`, `dateUpdated`, `uid`) VALUES
 ('1', '1', 'en_us', '1', '__home__', NULL, '2016-07-07 19:23:43', '2016-07-07 19:23:43', '67411a0f-9dc7-4477-a389-2f4c22af859d'),
 ('2', '2', 'en_us', '1', 'news/{postDate.year}/{slug}', NULL, '2016-07-07 19:23:43', '2016-07-07 19:23:43', '0aede78b-e15f-45e9-9644-cbda40a7b6b0'),
 ('4', '4', 'en_us', '1', 'blog/{slug}', NULL, '2016-07-08 21:20:25', '2016-07-08 21:20:25', 'f1a222fd-4552-4793-bbca-16d5a614e942'),
 ('5', '5', 'en_us', '1', 'about', NULL, '2016-07-08 21:35:26', '2016-07-08 21:35:26', '51403e2c-7191-4ada-aa3f-1882963b660d'),
 ('6', '6', 'en_us', '1', 'gallery/{slug}', NULL, '2016-07-08 21:52:25', '2016-07-08 21:52:25', '165f32da-1621-4821-8f2f-034c1d05e6c5'),
 ('7', '7', 'en_us', '1', 'products/{slug}', NULL, '2016-07-08 22:17:03', '2016-07-08 22:17:03', 'a7ed9919-ee2c-4088-a4ff-206e12042414'),
 ('8', '8', 'en_us', '1', 'sidebar/{slug}', '{parent.uri}/{slug}', '2016-07-10 15:32:49', '2016-07-10 15:32:49', 'c801c148-12af-4611-87de-0e745a5512b7'),
 ('9', '9', 'en_us', '1', 'orbs/{slug}', NULL, '2016-07-10 18:28:37', '2016-07-10 19:44:11', 'd4683e79-3c1f-45b6-ba99-733bad7d76fd'),
 ('10', '10', 'en_us', '1', 'food/{slug}', '{parent.uri}/{slug}', '2016-07-11 00:00:01', '2016-07-11 00:02:08', 'c019397b-4241-4636-9483-f109c2202fab');



DROP TABLE IF EXISTS `craft_sessions`;


--
-- Schema for table `craft_sessions`
--
CREATE TABLE `craft_sessions` (
  `id` int(11) NOT NULL AUTO_INCREMENT,
  `userId` int(11) NOT NULL,
  `token` char(100) COLLATE utf8_unicode_ci NOT NULL,
  `dateCreated` datetime NOT NULL,
  `dateUpdated` datetime NOT NULL,
  `uid` char(36) COLLATE utf8_unicode_ci NOT NULL DEFAULT '0',
  PRIMARY KEY (`id`),
  KEY `craft_sessions_uid_idx` (`uid`),
  KEY `craft_sessions_token_idx` (`token`),
  KEY `craft_sessions_dateUpdated_idx` (`dateUpdated`),
  KEY `craft_sessions_userId_fk` (`userId`)
) ENGINE=InnoDB AUTO_INCREMENT=8 DEFAULT CHARSET=utf8 COLLATE=utf8_unicode_ci;

DROP TABLE IF EXISTS `craft_shunnedmessages`;


--
-- Schema for table `craft_shunnedmessages`
--
CREATE TABLE `craft_shunnedmessages` (
  `id` int(11) NOT NULL AUTO_INCREMENT,
  `userId` int(11) NOT NULL,
  `message` varchar(255) COLLATE utf8_unicode_ci NOT NULL,
  `expiryDate` datetime DEFAULT NULL,
  `dateCreated` datetime NOT NULL,
  `dateUpdated` datetime NOT NULL,
  `uid` char(36) COLLATE utf8_unicode_ci NOT NULL DEFAULT '0',
  PRIMARY KEY (`id`),
  UNIQUE KEY `craft_shunnedmessages_userId_message_unq_idx` (`userId`,`message`)
) ENGINE=InnoDB DEFAULT CHARSET=utf8 COLLATE=utf8_unicode_ci;

DROP TABLE IF EXISTS `craft_structureelements`;


--
-- Schema for table `craft_structureelements`
--
CREATE TABLE `craft_structureelements` (
  `id` int(11) NOT NULL AUTO_INCREMENT,
  `structureId` int(11) NOT NULL,
  `elementId` int(11) DEFAULT NULL,
  `root` int(11) unsigned DEFAULT NULL,
  `lft` int(11) unsigned NOT NULL,
  `rgt` int(11) unsigned NOT NULL,
  `level` smallint(6) unsigned NOT NULL,
  `dateCreated` datetime NOT NULL,
  `dateUpdated` datetime NOT NULL,
  `uid` char(36) COLLATE utf8_unicode_ci NOT NULL DEFAULT '0',
  PRIMARY KEY (`id`),
  UNIQUE KEY `craft_structureelements_structureId_elementId_unq_idx` (`structureId`,`elementId`),
  KEY `craft_structureelements_root_idx` (`root`),
  KEY `craft_structureelements_lft_idx` (`lft`),
  KEY `craft_structureelements_rgt_idx` (`rgt`),
  KEY `craft_structureelements_level_idx` (`level`),
  KEY `craft_structureelements_elementId_fk` (`elementId`)
) ENGINE=InnoDB AUTO_INCREMENT=10 DEFAULT CHARSET=utf8 COLLATE=utf8_unicode_ci;

--
-- Data for table `craft_structureelements`
--

INSERT INTO `craft_structureelements` (`id`, `structureId`, `elementId`, `root`, `lft`, `rgt`, `level`, `dateCreated`, `dateUpdated`, `uid`) VALUES
 ('1', '1', NULL, '1', '1', '8', '0', '2016-07-10 15:33:46', '2016-07-10 15:33:46', '3a4821d8-a671-4c7b-b864-eb35173ea020'),
 ('3', '1', '20', '1', '2', '3', '1', '2016-07-10 16:11:54', '2016-07-10 16:11:54', 'b40906af-eed3-484c-acc2-e95aaa57e459'),
 ('4', '1', '24', '1', '4', '5', '1', '2016-07-10 16:46:40', '2016-07-10 16:46:40', '54c2a32b-0d11-4d47-b0f0-ca48389e8812'),
 ('5', '1', '25', '1', '6', '7', '1', '2016-07-10 16:46:55', '2016-07-10 16:46:55', '71891f15-3398-4d42-9c4a-f6ce0707f91b'),
 ('6', '2', NULL, '6', '1', '8', '0', '2016-07-10 18:45:08', '2016-07-10 18:45:08', '35e12bc8-c289-49c3-bf98-2b5bd6bafe44'),
 ('7', '2', '30', '6', '2', '3', '1', '2016-07-10 18:45:08', '2016-07-10 18:45:08', 'd3fabcd4-7705-4b2d-bab8-32ae6ed240b3'),
 ('8', '2', '31', '6', '4', '5', '1', '2016-07-10 19:12:17', '2016-07-10 19:12:17', '5e67f394-b83f-445f-92e9-27fb4d302363'),
 ('9', '2', '32', '6', '6', '7', '1', '2016-07-10 19:17:03', '2016-07-10 19:17:03', '7726e46b-f039-4973-9608-50c08ab949ed');



DROP TABLE IF EXISTS `craft_structures`;


--
-- Schema for table `craft_structures`
--
CREATE TABLE `craft_structures` (
  `id` int(11) NOT NULL AUTO_INCREMENT,
  `maxLevels` smallint(6) unsigned DEFAULT NULL,
  `dateCreated` datetime NOT NULL,
  `dateUpdated` datetime NOT NULL,
  `uid` char(36) COLLATE utf8_unicode_ci NOT NULL DEFAULT '0',
  PRIMARY KEY (`id`)
) ENGINE=InnoDB AUTO_INCREMENT=4 DEFAULT CHARSET=utf8 COLLATE=utf8_unicode_ci;

--
-- Data for table `craft_structures`
--

INSERT INTO `craft_structures` (`id`, `maxLevels`, `dateCreated`, `dateUpdated`, `uid`) VALUES
 ('1', NULL, '2016-07-10 15:32:49', '2016-07-10 16:15:22', '29f70f6c-163f-44fb-9317-3a0308db4df9'),
 ('2', '1', '2016-07-10 18:28:37', '2016-07-10 19:44:11', '088d1426-30d4-485d-ab3f-3898fc5ddf21'),
 ('3', NULL, '2016-07-11 00:02:08', '2016-07-11 00:27:00', 'f1caac55-e088-4f90-80e7-22b676764670');



DROP TABLE IF EXISTS `craft_systemsettings`;


--
-- Schema for table `craft_systemsettings`
--
CREATE TABLE `craft_systemsettings` (
  `id` int(11) NOT NULL AUTO_INCREMENT,
  `category` varchar(15) COLLATE utf8_unicode_ci NOT NULL,
  `settings` text COLLATE utf8_unicode_ci,
  `dateCreated` datetime NOT NULL,
  `dateUpdated` datetime NOT NULL,
  `uid` char(36) COLLATE utf8_unicode_ci NOT NULL DEFAULT '0',
  PRIMARY KEY (`id`),
  UNIQUE KEY `craft_systemsettings_category_unq_idx` (`category`)
) ENGINE=InnoDB AUTO_INCREMENT=2 DEFAULT CHARSET=utf8 COLLATE=utf8_unicode_ci;

--
-- Data for table `craft_systemsettings`
--

INSERT INTO `craft_systemsettings` (`id`, `category`, `settings`, `dateCreated`, `dateUpdated`, `uid`) VALUES
 ('1', 'email', '{\"protocol\":\"php\",\"emailAddress\":\"mark@markjmoyer.com\",\"senderName\":\"Crazy Gecko\"}', '2016-07-07 19:23:43', '2016-07-07 19:23:43', '8f4fa5b5-f336-459b-b7ee-8144aea254f3');



DROP TABLE IF EXISTS `craft_taggroups`;


--
-- Schema for table `craft_taggroups`
--
CREATE TABLE `craft_taggroups` (
  `id` int(11) NOT NULL AUTO_INCREMENT,
  `name` varchar(255) COLLATE utf8_unicode_ci NOT NULL,
  `handle` varchar(255) COLLATE utf8_unicode_ci NOT NULL,
  `fieldLayoutId` int(10) DEFAULT NULL,
  `dateCreated` datetime NOT NULL,
  `dateUpdated` datetime NOT NULL,
  `uid` char(36) COLLATE utf8_unicode_ci NOT NULL DEFAULT '0',
  PRIMARY KEY (`id`),
  UNIQUE KEY `craft_taggroups_name_unq_idx` (`name`),
  UNIQUE KEY `craft_taggroups_handle_unq_idx` (`handle`),
  KEY `craft_taggroups_fieldLayoutId_fk` (`fieldLayoutId`)
) ENGINE=InnoDB AUTO_INCREMENT=2 DEFAULT CHARSET=utf8 COLLATE=utf8_unicode_ci;

--
-- Data for table `craft_taggroups`
--

INSERT INTO `craft_taggroups` (`id`, `name`, `handle`, `fieldLayoutId`, `dateCreated`, `dateUpdated`, `uid`) VALUES
 ('1', 'Default', 'default', '1', '2016-07-07 19:23:43', '2016-07-07 19:23:43', '11d167d7-fed8-4acf-a0b8-a0e358ff30ff');



DROP TABLE IF EXISTS `craft_tags`;


--
-- Schema for table `craft_tags`
--
CREATE TABLE `craft_tags` (
  `id` int(11) NOT NULL,
  `groupId` int(11) NOT NULL,
  `dateCreated` datetime NOT NULL,
  `dateUpdated` datetime NOT NULL,
  `uid` char(36) COLLATE utf8_unicode_ci NOT NULL DEFAULT '0',
  PRIMARY KEY (`id`),
  KEY `craft_tags_groupId_fk` (`groupId`)
) ENGINE=InnoDB DEFAULT CHARSET=utf8 COLLATE=utf8_unicode_ci;

DROP TABLE IF EXISTS `craft_tasks`;


--
-- Schema for table `craft_tasks`
--
CREATE TABLE `craft_tasks` (
  `id` int(11) NOT NULL AUTO_INCREMENT,
  `root` int(11) unsigned DEFAULT NULL,
  `lft` int(11) unsigned NOT NULL,
  `rgt` int(11) unsigned NOT NULL,
  `level` smallint(6) unsigned NOT NULL,
  `currentStep` int(11) unsigned DEFAULT NULL,
  `totalSteps` int(11) unsigned DEFAULT NULL,
  `status` enum('pending','error','running') COLLATE utf8_unicode_ci DEFAULT NULL,
  `type` varchar(150) COLLATE utf8_unicode_ci NOT NULL,
  `description` varchar(255) COLLATE utf8_unicode_ci DEFAULT NULL,
  `settings` mediumtext COLLATE utf8_unicode_ci,
  `dateCreated` datetime NOT NULL,
  `dateUpdated` datetime NOT NULL,
  `uid` char(36) COLLATE utf8_unicode_ci NOT NULL DEFAULT '0',
  PRIMARY KEY (`id`),
  KEY `craft_tasks_root_idx` (`root`),
  KEY `craft_tasks_lft_idx` (`lft`),
  KEY `craft_tasks_rgt_idx` (`rgt`),
  KEY `craft_tasks_level_idx` (`level`)
) ENGINE=InnoDB AUTO_INCREMENT=10 DEFAULT CHARSET=utf8 COLLATE=utf8_unicode_ci;

DROP TABLE IF EXISTS `craft_templatecachecriteria`;


--
-- Schema for table `craft_templatecachecriteria`
--
CREATE TABLE `craft_templatecachecriteria` (
  `id` int(11) NOT NULL AUTO_INCREMENT,
  `cacheId` int(11) NOT NULL,
  `type` varchar(150) COLLATE utf8_unicode_ci NOT NULL,
  `criteria` text COLLATE utf8_unicode_ci NOT NULL,
  PRIMARY KEY (`id`),
  KEY `craft_templatecachecriteria_cacheId_fk` (`cacheId`),
  KEY `craft_templatecachecriteria_type_idx` (`type`)
) ENGINE=InnoDB DEFAULT CHARSET=utf8 COLLATE=utf8_unicode_ci;

DROP TABLE IF EXISTS `craft_templatecacheelements`;


--
-- Schema for table `craft_templatecacheelements`
--
CREATE TABLE `craft_templatecacheelements` (
  `cacheId` int(11) NOT NULL,
  `elementId` int(11) NOT NULL,
  KEY `craft_templatecacheelements_cacheId_fk` (`cacheId`),
  KEY `craft_templatecacheelements_elementId_fk` (`elementId`)
) ENGINE=InnoDB DEFAULT CHARSET=utf8 COLLATE=utf8_unicode_ci;

DROP TABLE IF EXISTS `craft_templatecaches`;


--
-- Schema for table `craft_templatecaches`
--
CREATE TABLE `craft_templatecaches` (
  `id` int(11) NOT NULL AUTO_INCREMENT,
  `cacheKey` varchar(255) COLLATE utf8_unicode_ci NOT NULL,
  `locale` char(12) COLLATE utf8_unicode_ci NOT NULL,
  `path` varchar(255) COLLATE utf8_unicode_ci DEFAULT NULL,
  `expiryDate` datetime NOT NULL,
  `body` mediumtext COLLATE utf8_unicode_ci NOT NULL,
  PRIMARY KEY (`id`),
  KEY `craft_templatecaches_expiryDate_cacheKey_locale_path_idx` (`expiryDate`,`cacheKey`,`locale`,`path`),
  KEY `craft_templatecaches_locale_fk` (`locale`)
) ENGINE=InnoDB DEFAULT CHARSET=utf8 COLLATE=utf8_unicode_ci;

DROP TABLE IF EXISTS `craft_tokens`;


--
-- Schema for table `craft_tokens`
--
CREATE TABLE `craft_tokens` (
  `id` int(11) NOT NULL AUTO_INCREMENT,
  `token` char(32) COLLATE utf8_unicode_ci NOT NULL,
  `route` text COLLATE utf8_unicode_ci,
  `usageLimit` tinyint(3) unsigned DEFAULT NULL,
  `usageCount` tinyint(3) unsigned DEFAULT NULL,
  `expiryDate` datetime NOT NULL,
  `dateCreated` datetime NOT NULL,
  `dateUpdated` datetime NOT NULL,
  `uid` char(36) COLLATE utf8_unicode_ci NOT NULL DEFAULT '0',
  PRIMARY KEY (`id`),
  UNIQUE KEY `craft_tokens_token_unq_idx` (`token`),
  KEY `craft_tokens_expiryDate_idx` (`expiryDate`)
) ENGINE=InnoDB DEFAULT CHARSET=utf8 COLLATE=utf8_unicode_ci;

DROP TABLE IF EXISTS `craft_usergroups`;


--
-- Schema for table `craft_usergroups`
--
CREATE TABLE `craft_usergroups` (
  `id` int(11) NOT NULL AUTO_INCREMENT,
  `name` varchar(255) COLLATE utf8_unicode_ci NOT NULL,
  `handle` varchar(255) COLLATE utf8_unicode_ci NOT NULL,
  `dateCreated` datetime NOT NULL,
  `dateUpdated` datetime NOT NULL,
  `uid` char(36) COLLATE utf8_unicode_ci NOT NULL DEFAULT '0',
  PRIMARY KEY (`id`)
) ENGINE=InnoDB DEFAULT CHARSET=utf8 COLLATE=utf8_unicode_ci;

DROP TABLE IF EXISTS `craft_usergroups_users`;


--
-- Schema for table `craft_usergroups_users`
--
CREATE TABLE `craft_usergroups_users` (
  `id` int(11) NOT NULL AUTO_INCREMENT,
  `groupId` int(11) NOT NULL,
  `userId` int(11) NOT NULL,
  `dateCreated` datetime NOT NULL,
  `dateUpdated` datetime NOT NULL,
  `uid` char(36) COLLATE utf8_unicode_ci NOT NULL DEFAULT '0',
  PRIMARY KEY (`id`),
  UNIQUE KEY `craft_usergroups_users_groupId_userId_unq_idx` (`groupId`,`userId`),
  KEY `craft_usergroups_users_userId_fk` (`userId`)
) ENGINE=InnoDB DEFAULT CHARSET=utf8 COLLATE=utf8_unicode_ci;

DROP TABLE IF EXISTS `craft_userpermissions`;


--
-- Schema for table `craft_userpermissions`
--
CREATE TABLE `craft_userpermissions` (
  `id` int(11) NOT NULL AUTO_INCREMENT,
  `name` varchar(255) COLLATE utf8_unicode_ci NOT NULL,
  `dateCreated` datetime NOT NULL,
  `dateUpdated` datetime NOT NULL,
  `uid` char(36) COLLATE utf8_unicode_ci NOT NULL DEFAULT '0',
  PRIMARY KEY (`id`),
  UNIQUE KEY `craft_userpermissions_name_unq_idx` (`name`)
) ENGINE=InnoDB DEFAULT CHARSET=utf8 COLLATE=utf8_unicode_ci;

DROP TABLE IF EXISTS `craft_userpermissions_usergroups`;


--
-- Schema for table `craft_userpermissions_usergroups`
--
CREATE TABLE `craft_userpermissions_usergroups` (
  `id` int(11) NOT NULL AUTO_INCREMENT,
  `permissionId` int(11) NOT NULL,
  `groupId` int(11) NOT NULL,
  `dateCreated` datetime NOT NULL,
  `dateUpdated` datetime NOT NULL,
  `uid` char(36) COLLATE utf8_unicode_ci NOT NULL DEFAULT '0',
  PRIMARY KEY (`id`),
  UNIQUE KEY `craft_userpermissions_usergroups_permissionId_groupId_unq_idx` (`permissionId`,`groupId`),
  KEY `craft_userpermissions_usergroups_groupId_fk` (`groupId`)
) ENGINE=InnoDB DEFAULT CHARSET=utf8 COLLATE=utf8_unicode_ci;

DROP TABLE IF EXISTS `craft_userpermissions_users`;


--
-- Schema for table `craft_userpermissions_users`
--
CREATE TABLE `craft_userpermissions_users` (
  `id` int(11) NOT NULL AUTO_INCREMENT,
  `permissionId` int(11) NOT NULL,
  `userId` int(11) NOT NULL,
  `dateCreated` datetime NOT NULL,
  `dateUpdated` datetime NOT NULL,
  `uid` char(36) COLLATE utf8_unicode_ci NOT NULL DEFAULT '0',
  PRIMARY KEY (`id`),
  UNIQUE KEY `craft_userpermissions_users_permissionId_userId_unq_idx` (`permissionId`,`userId`),
  KEY `craft_userpermissions_users_userId_fk` (`userId`)
) ENGINE=InnoDB DEFAULT CHARSET=utf8 COLLATE=utf8_unicode_ci;

DROP TABLE IF EXISTS `craft_users`;


--
-- Schema for table `craft_users`
--
CREATE TABLE `craft_users` (
  `id` int(11) NOT NULL,
  `username` varchar(100) COLLATE utf8_unicode_ci NOT NULL,
  `photo` varchar(100) COLLATE utf8_unicode_ci DEFAULT NULL,
  `firstName` varchar(100) COLLATE utf8_unicode_ci DEFAULT NULL,
  `lastName` varchar(100) COLLATE utf8_unicode_ci DEFAULT NULL,
  `email` varchar(255) COLLATE utf8_unicode_ci NOT NULL,
  `password` char(255) COLLATE utf8_unicode_ci DEFAULT NULL,
  `preferredLocale` char(12) COLLATE utf8_unicode_ci DEFAULT NULL,
  `weekStartDay` tinyint(1) unsigned NOT NULL DEFAULT '0',
  `admin` tinyint(1) unsigned NOT NULL DEFAULT '0',
  `client` tinyint(1) unsigned NOT NULL DEFAULT '0',
  `locked` tinyint(1) unsigned NOT NULL DEFAULT '0',
  `suspended` tinyint(1) unsigned NOT NULL DEFAULT '0',
  `pending` tinyint(1) unsigned NOT NULL DEFAULT '0',
  `archived` tinyint(1) unsigned NOT NULL DEFAULT '0',
  `lastLoginDate` datetime DEFAULT NULL,
  `lastLoginAttemptIPAddress` varchar(45) COLLATE utf8_unicode_ci DEFAULT NULL,
  `invalidLoginWindowStart` datetime DEFAULT NULL,
  `invalidLoginCount` tinyint(4) unsigned DEFAULT NULL,
  `lastInvalidLoginDate` datetime DEFAULT NULL,
  `lockoutDate` datetime DEFAULT NULL,
  `verificationCode` char(100) COLLATE utf8_unicode_ci DEFAULT NULL,
  `verificationCodeIssuedDate` datetime DEFAULT NULL,
  `unverifiedEmail` varchar(255) COLLATE utf8_unicode_ci DEFAULT NULL,
  `passwordResetRequired` tinyint(1) unsigned NOT NULL DEFAULT '0',
  `lastPasswordChangeDate` datetime DEFAULT NULL,
  `dateCreated` datetime NOT NULL,
  `dateUpdated` datetime NOT NULL,
  `uid` char(36) COLLATE utf8_unicode_ci NOT NULL DEFAULT '0',
  PRIMARY KEY (`id`),
  UNIQUE KEY `craft_users_username_unq_idx` (`username`),
  UNIQUE KEY `craft_users_email_unq_idx` (`email`),
  KEY `craft_users_verificationCode_idx` (`verificationCode`),
  KEY `craft_users_uid_idx` (`uid`),
  KEY `craft_users_preferredLocale_fk` (`preferredLocale`)
) ENGINE=InnoDB DEFAULT CHARSET=utf8 COLLATE=utf8_unicode_ci;

--
-- Data for table `craft_users`
--

INSERT INTO `craft_users` (`id`, `username`, `photo`, `firstName`, `lastName`, `email`, `password`, `preferredLocale`, `weekStartDay`, `admin`, `client`, `locked`, `suspended`, `pending`, `archived`, `lastLoginDate`, `lastLoginAttemptIPAddress`, `invalidLoginWindowStart`, `invalidLoginCount`, `lastInvalidLoginDate`, `lockoutDate`, `verificationCode`, `verificationCodeIssuedDate`, `unverifiedEmail`, `passwordResetRequired`, `lastPasswordChangeDate`, `dateCreated`, `dateUpdated`, `uid`) VALUES
 ('1', 'daddyo', NULL, '', '', 'mark@markjmoyer.com', '$2y$13$Sv7gixQrh2F/E9j6an2dW.IWh9ACEks/JC.m208QS9ztbMxM9Q7xK', NULL, '0', '1', '0', '0', '0', '0', '0', '2016-07-09 13:55:06', '::1', NULL, NULL, NULL, NULL, NULL, NULL, NULL, '0', '2016-07-07 19:34:57', '2016-07-07 19:23:41', '2016-07-09 13:55:06', 'd060bdcb-349a-454a-a987-f484a0d91851');



DROP TABLE IF EXISTS `craft_widgets`;


--
-- Schema for table `craft_widgets`
--
CREATE TABLE `craft_widgets` (
  `id` int(11) NOT NULL AUTO_INCREMENT,
  `userId` int(11) NOT NULL,
  `type` varchar(150) COLLATE utf8_unicode_ci NOT NULL,
  `sortOrder` smallint(6) unsigned DEFAULT NULL,
  `colspan` tinyint(4) unsigned DEFAULT NULL,
  `settings` text COLLATE utf8_unicode_ci,
  `enabled` tinyint(1) unsigned NOT NULL DEFAULT '1',
  `dateCreated` datetime NOT NULL,
  `dateUpdated` datetime NOT NULL,
  `uid` char(36) COLLATE utf8_unicode_ci NOT NULL DEFAULT '0',
  PRIMARY KEY (`id`),
  KEY `craft_widgets_userId_fk` (`userId`)
) ENGINE=InnoDB AUTO_INCREMENT=5 DEFAULT CHARSET=utf8 COLLATE=utf8_unicode_ci;

--
-- Data for table `craft_widgets`
--

INSERT INTO `craft_widgets` (`id`, `userId`, `type`, `sortOrder`, `colspan`, `settings`, `enabled`, `dateCreated`, `dateUpdated`, `uid`) VALUES
 ('1', '1', 'RecentEntries', '1', NULL, NULL, '1', '2016-07-07 19:23:46', '2016-07-07 19:23:46', '4ebc05a4-80f3-4f79-a213-f7ad256cfe72'),
 ('2', '1', 'GetHelp', '2', NULL, NULL, '1', '2016-07-07 19:23:46', '2016-07-07 19:23:46', '6daae9f7-3cad-4814-87ad-2da126f487a3'),
 ('3', '1', 'Updates', '3', NULL, NULL, '1', '2016-07-07 19:23:46', '2016-07-07 19:23:46', '9971ead5-18ee-468b-84fa-2aacc64d72ab'),
 ('4', '1', 'Feed', '4', NULL, '{\"url\":\"https:\\/\\/craftcms.com\\/news.rss\",\"title\":\"Craft News\"}', '1', '2016-07-07 19:23:46', '2016-07-07 19:23:46', 'ccaae408-d839-4704-9f4e-0231acca63ad');


--
-- Constraints for tables
--


--
-- Constraints for table `craft_assetfiles`
--
ALTER TABLE `craft_assetfiles`
	ADD CONSTRAINT `craft_assetfiles_folderId_fk` FOREIGN KEY (`folderId`) REFERENCES `craft_assetfolders` (`id`) ON DELETE CASCADE,
	ADD CONSTRAINT `craft_assetfiles_id_fk` FOREIGN KEY (`id`) REFERENCES `craft_elements` (`id`) ON DELETE CASCADE,
	ADD CONSTRAINT `craft_assetfiles_sourceId_fk` FOREIGN KEY (`sourceId`) REFERENCES `craft_assetsources` (`id`) ON DELETE CASCADE;

--
-- Constraints for table `craft_assetfolders`
--
ALTER TABLE `craft_assetfolders`
	ADD CONSTRAINT `craft_assetfolders_parentId_fk` FOREIGN KEY (`parentId`) REFERENCES `craft_assetfolders` (`id`) ON DELETE CASCADE,
	ADD CONSTRAINT `craft_assetfolders_sourceId_fk` FOREIGN KEY (`sourceId`) REFERENCES `craft_assetsources` (`id`) ON DELETE CASCADE;

--
-- Constraints for table `craft_assetindexdata`
--
ALTER TABLE `craft_assetindexdata`
	ADD CONSTRAINT `craft_assetindexdata_sourceId_fk` FOREIGN KEY (`sourceId`) REFERENCES `craft_assetsources` (`id`) ON DELETE CASCADE;

--
-- Constraints for table `craft_assetsources`
--
ALTER TABLE `craft_assetsources`
	ADD CONSTRAINT `craft_assetsources_fieldLayoutId_fk` FOREIGN KEY (`fieldLayoutId`) REFERENCES `craft_fieldlayouts` (`id`) ON DELETE SET NULL;

--
-- Constraints for table `craft_categories`
--
ALTER TABLE `craft_categories`
	ADD CONSTRAINT `craft_categories_groupId_fk` FOREIGN KEY (`groupId`) REFERENCES `craft_categorygroups` (`id`) ON DELETE CASCADE,
	ADD CONSTRAINT `craft_categories_id_fk` FOREIGN KEY (`id`) REFERENCES `craft_elements` (`id`) ON DELETE CASCADE;

--
-- Constraints for table `craft_categorygroups`
--
ALTER TABLE `craft_categorygroups`
	ADD CONSTRAINT `craft_categorygroups_fieldLayoutId_fk` FOREIGN KEY (`fieldLayoutId`) REFERENCES `craft_fieldlayouts` (`id`) ON DELETE SET NULL,
	ADD CONSTRAINT `craft_categorygroups_structureId_fk` FOREIGN KEY (`structureId`) REFERENCES `craft_structures` (`id`) ON DELETE CASCADE;

--
-- Constraints for table `craft_categorygroups_i18n`
--
ALTER TABLE `craft_categorygroups_i18n`
	ADD CONSTRAINT `craft_categorygroups_i18n_groupId_fk` FOREIGN KEY (`groupId`) REFERENCES `craft_categorygroups` (`id`) ON DELETE CASCADE,
	ADD CONSTRAINT `craft_categorygroups_i18n_locale_fk` FOREIGN KEY (`locale`) REFERENCES `craft_locales` (`locale`) ON DELETE CASCADE ON UPDATE CASCADE;

--
-- Constraints for table `craft_content`
--
ALTER TABLE `craft_content`
	ADD CONSTRAINT `craft_content_elementId_fk` FOREIGN KEY (`elementId`) REFERENCES `craft_elements` (`id`) ON DELETE CASCADE,
	ADD CONSTRAINT `craft_content_locale_fk` FOREIGN KEY (`locale`) REFERENCES `craft_locales` (`locale`) ON DELETE CASCADE ON UPDATE CASCADE;

--
-- Constraints for table `craft_elements_i18n`
--
ALTER TABLE `craft_elements_i18n`
	ADD CONSTRAINT `craft_elements_i18n_elementId_fk` FOREIGN KEY (`elementId`) REFERENCES `craft_elements` (`id`) ON DELETE CASCADE,
	ADD CONSTRAINT `craft_elements_i18n_locale_fk` FOREIGN KEY (`locale`) REFERENCES `craft_locales` (`locale`) ON DELETE CASCADE ON UPDATE CASCADE;

--
-- Constraints for table `craft_emailmessages`
--
ALTER TABLE `craft_emailmessages`
	ADD CONSTRAINT `craft_emailmessages_locale_fk` FOREIGN KEY (`locale`) REFERENCES `craft_locales` (`locale`) ON DELETE CASCADE ON UPDATE CASCADE;

--
-- Constraints for table `craft_entries`
--
ALTER TABLE `craft_entries`
	ADD CONSTRAINT `craft_entries_authorId_fk` FOREIGN KEY (`authorId`) REFERENCES `craft_users` (`id`) ON DELETE CASCADE,
	ADD CONSTRAINT `craft_entries_id_fk` FOREIGN KEY (`id`) REFERENCES `craft_elements` (`id`) ON DELETE CASCADE,
	ADD CONSTRAINT `craft_entries_sectionId_fk` FOREIGN KEY (`sectionId`) REFERENCES `craft_sections` (`id`) ON DELETE CASCADE,
	ADD CONSTRAINT `craft_entries_typeId_fk` FOREIGN KEY (`typeId`) REFERENCES `craft_entrytypes` (`id`) ON DELETE CASCADE;

--
-- Constraints for table `craft_entrydrafts`
--
ALTER TABLE `craft_entrydrafts`
	ADD CONSTRAINT `craft_entrydrafts_creatorId_fk` FOREIGN KEY (`creatorId`) REFERENCES `craft_users` (`id`) ON DELETE CASCADE,
	ADD CONSTRAINT `craft_entrydrafts_entryId_fk` FOREIGN KEY (`entryId`) REFERENCES `craft_entries` (`id`) ON DELETE CASCADE,
	ADD CONSTRAINT `craft_entrydrafts_locale_fk` FOREIGN KEY (`locale`) REFERENCES `craft_locales` (`locale`) ON DELETE CASCADE ON UPDATE CASCADE,
	ADD CONSTRAINT `craft_entrydrafts_sectionId_fk` FOREIGN KEY (`sectionId`) REFERENCES `craft_sections` (`id`) ON DELETE CASCADE;

--
-- Constraints for table `craft_entrytypes`
--
ALTER TABLE `craft_entrytypes`
	ADD CONSTRAINT `craft_entrytypes_fieldLayoutId_fk` FOREIGN KEY (`fieldLayoutId`) REFERENCES `craft_fieldlayouts` (`id`) ON DELETE SET NULL,
	ADD CONSTRAINT `craft_entrytypes_sectionId_fk` FOREIGN KEY (`sectionId`) REFERENCES `craft_sections` (`id`) ON DELETE CASCADE;

--
-- Constraints for table `craft_entryversions`
--
ALTER TABLE `craft_entryversions`
	ADD CONSTRAINT `craft_entryversions_creatorId_fk` FOREIGN KEY (`creatorId`) REFERENCES `craft_users` (`id`) ON DELETE SET NULL,
	ADD CONSTRAINT `craft_entryversions_entryId_fk` FOREIGN KEY (`entryId`) REFERENCES `craft_entries` (`id`) ON DELETE CASCADE,
	ADD CONSTRAINT `craft_entryversions_locale_fk` FOREIGN KEY (`locale`) REFERENCES `craft_locales` (`locale`) ON DELETE CASCADE ON UPDATE CASCADE,
	ADD CONSTRAINT `craft_entryversions_sectionId_fk` FOREIGN KEY (`sectionId`) REFERENCES `craft_sections` (`id`) ON DELETE CASCADE;

--
-- Constraints for table `craft_fieldlayoutfields`
--
ALTER TABLE `craft_fieldlayoutfields`
	ADD CONSTRAINT `craft_fieldlayoutfields_fieldId_fk` FOREIGN KEY (`fieldId`) REFERENCES `craft_fields` (`id`) ON DELETE CASCADE,
	ADD CONSTRAINT `craft_fieldlayoutfields_layoutId_fk` FOREIGN KEY (`layoutId`) REFERENCES `craft_fieldlayouts` (`id`) ON DELETE CASCADE,
	ADD CONSTRAINT `craft_fieldlayoutfields_tabId_fk` FOREIGN KEY (`tabId`) REFERENCES `craft_fieldlayouttabs` (`id`) ON DELETE CASCADE;

--
-- Constraints for table `craft_fieldlayouttabs`
--
ALTER TABLE `craft_fieldlayouttabs`
	ADD CONSTRAINT `craft_fieldlayouttabs_layoutId_fk` FOREIGN KEY (`layoutId`) REFERENCES `craft_fieldlayouts` (`id`) ON DELETE CASCADE;

--
-- Constraints for table `craft_fields`
--
ALTER TABLE `craft_fields`
	ADD CONSTRAINT `craft_fields_groupId_fk` FOREIGN KEY (`groupId`) REFERENCES `craft_fieldgroups` (`id`) ON DELETE CASCADE;

--
-- Constraints for table `craft_globalsets`
--
ALTER TABLE `craft_globalsets`
	ADD CONSTRAINT `craft_globalsets_fieldLayoutId_fk` FOREIGN KEY (`fieldLayoutId`) REFERENCES `craft_fieldlayouts` (`id`) ON DELETE SET NULL,
	ADD CONSTRAINT `craft_globalsets_id_fk` FOREIGN KEY (`id`) REFERENCES `craft_elements` (`id`) ON DELETE CASCADE;

--
-- Constraints for table `craft_matrixblocks`
--
ALTER TABLE `craft_matrixblocks`
	ADD CONSTRAINT `craft_matrixblocks_fieldId_fk` FOREIGN KEY (`fieldId`) REFERENCES `craft_fields` (`id`) ON DELETE CASCADE,
	ADD CONSTRAINT `craft_matrixblocks_id_fk` FOREIGN KEY (`id`) REFERENCES `craft_elements` (`id`) ON DELETE CASCADE,
	ADD CONSTRAINT `craft_matrixblocks_ownerId_fk` FOREIGN KEY (`ownerId`) REFERENCES `craft_elements` (`id`) ON DELETE CASCADE,
	ADD CONSTRAINT `craft_matrixblocks_ownerLocale_fk` FOREIGN KEY (`ownerLocale`) REFERENCES `craft_locales` (`locale`) ON DELETE CASCADE ON UPDATE CASCADE,
	ADD CONSTRAINT `craft_matrixblocks_typeId_fk` FOREIGN KEY (`typeId`) REFERENCES `craft_matrixblocktypes` (`id`) ON DELETE CASCADE;

--
-- Constraints for table `craft_matrixblocktypes`
--
ALTER TABLE `craft_matrixblocktypes`
	ADD CONSTRAINT `craft_matrixblocktypes_fieldId_fk` FOREIGN KEY (`fieldId`) REFERENCES `craft_fields` (`id`) ON DELETE CASCADE,
	ADD CONSTRAINT `craft_matrixblocktypes_fieldLayoutId_fk` FOREIGN KEY (`fieldLayoutId`) REFERENCES `craft_fieldlayouts` (`id`) ON DELETE SET NULL;

--
-- Constraints for table `craft_migrations`
--
ALTER TABLE `craft_migrations`
	ADD CONSTRAINT `craft_migrations_pluginId_fk` FOREIGN KEY (`pluginId`) REFERENCES `craft_plugins` (`id`) ON DELETE CASCADE;

--
-- Constraints for table `craft_relations`
--
ALTER TABLE `craft_relations`
	ADD CONSTRAINT `craft_relations_fieldId_fk` FOREIGN KEY (`fieldId`) REFERENCES `craft_fields` (`id`) ON DELETE CASCADE,
	ADD CONSTRAINT `craft_relations_sourceId_fk` FOREIGN KEY (`sourceId`) REFERENCES `craft_elements` (`id`) ON DELETE CASCADE,
	ADD CONSTRAINT `craft_relations_sourceLocale_fk` FOREIGN KEY (`sourceLocale`) REFERENCES `craft_locales` (`locale`) ON DELETE CASCADE ON UPDATE CASCADE,
	ADD CONSTRAINT `craft_relations_targetId_fk` FOREIGN KEY (`targetId`) REFERENCES `craft_elements` (`id`) ON DELETE CASCADE;

--
-- Constraints for table `craft_routes`
--
ALTER TABLE `craft_routes`
	ADD CONSTRAINT `craft_routes_locale_fk` FOREIGN KEY (`locale`) REFERENCES `craft_locales` (`locale`) ON DELETE CASCADE ON UPDATE CASCADE;

--
-- Constraints for table `craft_sections`
--
ALTER TABLE `craft_sections`
	ADD CONSTRAINT `craft_sections_structureId_fk` FOREIGN KEY (`structureId`) REFERENCES `craft_structures` (`id`) ON DELETE SET NULL;

--
-- Constraints for table `craft_sections_i18n`
--
ALTER TABLE `craft_sections_i18n`
	ADD CONSTRAINT `craft_sections_i18n_locale_fk` FOREIGN KEY (`locale`) REFERENCES `craft_locales` (`locale`) ON DELETE CASCADE ON UPDATE CASCADE,
	ADD CONSTRAINT `craft_sections_i18n_sectionId_fk` FOREIGN KEY (`sectionId`) REFERENCES `craft_sections` (`id`) ON DELETE CASCADE;

--
-- Constraints for table `craft_sessions`
--
ALTER TABLE `craft_sessions`
	ADD CONSTRAINT `craft_sessions_userId_fk` FOREIGN KEY (`userId`) REFERENCES `craft_users` (`id`) ON DELETE CASCADE;

--
-- Constraints for table `craft_shunnedmessages`
--
ALTER TABLE `craft_shunnedmessages`
	ADD CONSTRAINT `craft_shunnedmessages_userId_fk` FOREIGN KEY (`userId`) REFERENCES `craft_users` (`id`) ON DELETE CASCADE;

--
-- Constraints for table `craft_structureelements`
--
ALTER TABLE `craft_structureelements`
	ADD CONSTRAINT `craft_structureelements_elementId_fk` FOREIGN KEY (`elementId`) REFERENCES `craft_elements` (`id`) ON DELETE CASCADE,
	ADD CONSTRAINT `craft_structureelements_structureId_fk` FOREIGN KEY (`structureId`) REFERENCES `craft_structures` (`id`) ON DELETE CASCADE;

--
-- Constraints for table `craft_taggroups`
--
ALTER TABLE `craft_taggroups`
	ADD CONSTRAINT `craft_taggroups_fieldLayoutId_fk` FOREIGN KEY (`fieldLayoutId`) REFERENCES `craft_fieldlayouts` (`id`) ON DELETE SET NULL;

--
-- Constraints for table `craft_tags`
--
ALTER TABLE `craft_tags`
	ADD CONSTRAINT `craft_tags_groupId_fk` FOREIGN KEY (`groupId`) REFERENCES `craft_taggroups` (`id`) ON DELETE CASCADE,
	ADD CONSTRAINT `craft_tags_id_fk` FOREIGN KEY (`id`) REFERENCES `craft_elements` (`id`) ON DELETE CASCADE;

--
-- Constraints for table `craft_templatecachecriteria`
--
ALTER TABLE `craft_templatecachecriteria`
	ADD CONSTRAINT `craft_templatecachecriteria_cacheId_fk` FOREIGN KEY (`cacheId`) REFERENCES `craft_templatecaches` (`id`) ON DELETE CASCADE;

--
-- Constraints for table `craft_templatecacheelements`
--
ALTER TABLE `craft_templatecacheelements`
	ADD CONSTRAINT `craft_templatecacheelements_cacheId_fk` FOREIGN KEY (`cacheId`) REFERENCES `craft_templatecaches` (`id`) ON DELETE CASCADE,
	ADD CONSTRAINT `craft_templatecacheelements_elementId_fk` FOREIGN KEY (`elementId`) REFERENCES `craft_elements` (`id`) ON DELETE CASCADE;

--
-- Constraints for table `craft_templatecaches`
--
ALTER TABLE `craft_templatecaches`
	ADD CONSTRAINT `craft_templatecaches_locale_fk` FOREIGN KEY (`locale`) REFERENCES `craft_locales` (`locale`) ON DELETE CASCADE ON UPDATE CASCADE;

--
-- Constraints for table `craft_usergroups_users`
--
ALTER TABLE `craft_usergroups_users`
	ADD CONSTRAINT `craft_usergroups_users_groupId_fk` FOREIGN KEY (`groupId`) REFERENCES `craft_usergroups` (`id`) ON DELETE CASCADE,
	ADD CONSTRAINT `craft_usergroups_users_userId_fk` FOREIGN KEY (`userId`) REFERENCES `craft_users` (`id`) ON DELETE CASCADE;

--
-- Constraints for table `craft_userpermissions_usergroups`
--
ALTER TABLE `craft_userpermissions_usergroups`
	ADD CONSTRAINT `craft_userpermissions_usergroups_groupId_fk` FOREIGN KEY (`groupId`) REFERENCES `craft_usergroups` (`id`) ON DELETE CASCADE,
	ADD CONSTRAINT `craft_userpermissions_usergroups_permissionId_fk` FOREIGN KEY (`permissionId`) REFERENCES `craft_userpermissions` (`id`) ON DELETE CASCADE;

--
-- Constraints for table `craft_userpermissions_users`
--
ALTER TABLE `craft_userpermissions_users`
	ADD CONSTRAINT `craft_userpermissions_users_permissionId_fk` FOREIGN KEY (`permissionId`) REFERENCES `craft_userpermissions` (`id`) ON DELETE CASCADE,
	ADD CONSTRAINT `craft_userpermissions_users_userId_fk` FOREIGN KEY (`userId`) REFERENCES `craft_users` (`id`) ON DELETE CASCADE;

--
-- Constraints for table `craft_users`
--
ALTER TABLE `craft_users`
	ADD CONSTRAINT `craft_users_id_fk` FOREIGN KEY (`id`) REFERENCES `craft_elements` (`id`) ON DELETE CASCADE,
	ADD CONSTRAINT `craft_users_preferredLocale_fk` FOREIGN KEY (`preferredLocale`) REFERENCES `craft_locales` (`locale`) ON DELETE SET NULL ON UPDATE CASCADE;

--
-- Constraints for table `craft_widgets`
--
ALTER TABLE `craft_widgets`
	ADD CONSTRAINT `craft_widgets_userId_fk` FOREIGN KEY (`userId`) REFERENCES `craft_users` (`id`) ON DELETE CASCADE;

SET FOREIGN_KEY_CHECKS = 1;
