-- Generated by Craft v2.6.2797 on Aug 3, 2016, 2:58:24 PM.

--
-- Disable foreign key checks and autocommit.
--

SET FOREIGN_KEY_CHECKS = 0;
SET SQL_MODE = "NO_AUTO_VALUE_ON_ZERO";
SET AUTOCOMMIT = 0;
SET NAMES utf8;


DROP TABLE IF EXISTS `craft_assetfiles`;


--
-- Schema for table `craft_assetfiles`
--
CREATE TABLE `craft_assetfiles` (
  `id` int(11) NOT NULL,
  `sourceId` int(11) DEFAULT NULL,
  `folderId` int(11) NOT NULL,
  `filename` varchar(255) COLLATE utf8_unicode_ci NOT NULL,
  `kind` varchar(50) COLLATE utf8_unicode_ci NOT NULL DEFAULT 'unknown',
  `width` int(11) unsigned DEFAULT NULL,
  `height` int(11) unsigned DEFAULT NULL,
  `size` bigint(20) unsigned DEFAULT NULL,
  `dateModified` datetime DEFAULT NULL,
  `dateCreated` datetime NOT NULL,
  `dateUpdated` datetime NOT NULL,
  `uid` char(36) COLLATE utf8_unicode_ci NOT NULL DEFAULT '0',
  PRIMARY KEY (`id`),
  UNIQUE KEY `craft_assetfiles_filename_folderId_unq_idx` (`filename`,`folderId`),
  KEY `craft_assetfiles_sourceId_fk` (`sourceId`),
  KEY `craft_assetfiles_folderId_fk` (`folderId`)
) ENGINE=InnoDB DEFAULT CHARSET=utf8 COLLATE=utf8_unicode_ci;

--
-- Data for table `craft_assetfiles`
--

INSERT INTO `craft_assetfiles` (`id`, `sourceId`, `folderId`, `filename`, `kind`, `width`, `height`, `size`, `dateModified`, `dateCreated`, `dateUpdated`, `uid`) VALUES
 ('7', NULL, '6', 'gecko1.jpg', 'image', '200', '300', '20983', '2016-07-09 17:07:00', '2016-07-09 17:07:00', '2016-07-09 17:07:16', '87435053-9b61-457e-a044-845e06d2b42e'),
 ('10', '2', '8', 'gecko2.jpg', 'image', '200', '133', '9349', '2016-07-09 17:05:37', '2016-07-09 17:47:14', '2016-07-21 21:55:13', 'c3f46210-52c9-4150-979e-e9d8bf28900b'),
 ('11', '2', '8', 'headerBG.png', 'image', '463', '210', '16113', '2016-07-08 18:46:24', '2016-07-09 17:47:14', '2016-07-21 21:55:14', '33e14e88-33f1-4e3e-a6c7-b993d17e0670'),
 ('12', '2', '8', 'leopardgecko.png', 'image', '715', '578', '411637', '2016-07-08 20:06:28', '2016-07-09 17:47:14', '2016-07-21 21:55:14', '7d204081-bc85-4f18-90e8-96cf51aa29dc'),
 ('19', '2', '10', 'gecko1.jpg', 'image', '220', '124', '10603', '2016-07-10 16:45:36', '2016-07-10 16:11:33', '2016-07-21 21:55:12', 'b930812b-c255-4da6-bfe5-907f3dc62986'),
 ('22', '2', '8', 'gecko1.jpg', 'image', '220', '124', '10603', '2016-07-10 16:44:50', '2016-07-10 16:44:51', '2016-07-21 21:55:13', 'f998e63c-f98e-42bd-88f2-0c9a746564c8'),
 ('26', '2', '10', 'alice.jpg', 'image', '220', '121', '14374', '2016-07-10 16:50:51', '2016-07-10 16:50:51', '2016-07-21 21:55:11', '6f316086-97b3-4c0b-9f97-b204c6a3574f'),
 ('27', '2', '10', 'hayday.jpg', 'image', '220', '90', '11032', '2016-07-10 16:51:36', '2016-07-10 16:51:36', '2016-07-21 21:55:11', 'a4272a90-61af-40c1-a3ce-b369a329a8a6'),
 ('28', '2', '10', 'mrcleo.jpg', 'image', '220', '124', '10603', '2016-07-10 16:54:52', '2016-07-10 16:54:53', '2016-07-21 21:55:12', '288a3922-6ff0-4d18-99b5-b0d90fee091f'),
 ('29', '2', '8', 'gecko3.jpg', 'image', '1200', '400', '118773', '2016-07-10 17:30:05', '2016-07-10 17:30:05', '2016-07-21 21:55:13', '247cc9b6-d248-4fa5-9f6e-7116de274233'),
 ('38', '2', '12', 'thumb1.jpg', 'image', '140', '140', '11794', '2016-07-11 16:12:27', '2016-07-11 19:30:14', '2016-07-21 21:55:14', 'e9625070-cac9-4e76-ad1c-f1d134534015'),
 ('39', '2', '12', 'thumb2.jpg', 'image', '140', '140', '15056', '2016-07-11 16:14:36', '2016-07-11 19:30:15', '2016-07-21 21:55:14', 'eb719b29-3fe4-41ec-bad3-709f6bb5ba7e'),
 ('40', '2', '12', 'thumb3.jpg', 'image', '140', '140', '10032', '2016-07-11 16:17:04', '2016-07-11 19:30:15', '2016-07-21 21:55:14', 'bb73b6a9-95a7-4b63-a543-22255f6053c6'),
 ('41', '2', '12', 'thumb4.jpg', 'image', '433', '433', '48401', '2016-07-11 16:19:05', '2016-07-11 19:30:15', '2016-07-21 21:55:14', '82bbb1e1-b988-45f9-b1f8-483efdd53035'),
 ('46', '2', '13', 'geckofood.jpg', 'image', '840', '350', '102823', '2016-07-11 20:43:28', '2016-07-11 20:43:28', '2016-07-21 21:55:11', '25e73214-e69f-4062-8190-d7f4a2e5c08f'),
 ('47', '2', '15', 'gecko-feeding.jpg', 'image', '200', '200', '18608', '2016-07-12 01:37:37', '2016-07-12 01:37:38', '2016-07-21 21:55:13', '61676c85-4aab-422f-8ecd-ae94ecd3eaab'),
 ('48', '2', '15', 'gallery2.jpg', 'image', '200', '200', '39137', '2016-07-12 16:53:37', '2016-07-12 16:53:37', '2016-07-21 21:55:12', '6e3ce064-d3c2-42e4-a9bf-4b75000095db'),
 ('50', '2', '15', 'gallery3.jpg', 'image', '200', '200', '35289', '2016-07-12 17:12:52', '2016-07-12 17:12:52', '2016-07-21 21:55:12', '44eeb8a2-3e42-482e-9fe0-b823b3fd771a'),
 ('52', '2', '15', 'mealworms.jpg', 'image', '200', '200', '97296', '2016-07-12 22:04:49', '2016-07-12 22:04:49', '2016-07-21 21:55:13', 'a0f94f06-7f5e-473d-b3d0-a55e2c75ae0c'),
 ('54', '2', '15', 'gallery4.jpg', 'image', '200', '200', '30256', '2016-07-13 00:03:18', '2016-07-13 00:03:18', '2016-07-21 21:55:12', 'ef864fe2-3b8a-445e-b1b7-e620561ea388'),
 ('56', '2', '15', 'gallery5.jpg', 'image', '200', '200', '44776', '2016-07-13 00:10:46', '2016-07-13 00:10:46', '2016-07-21 21:55:12', '65d33728-a969-431a-991d-71af5ef03194'),
 ('58', '2', '15', 'gallery6.jpg', 'image', '200', '200', '44810', '2016-07-13 00:15:01', '2016-07-13 00:15:01', '2016-07-21 21:55:12', 'fc86d60b-67b1-49fe-808e-52169ed92a01'),
 ('60', '2', '15', 'gallery7.jpg', 'image', '200', '200', '33965', '2016-07-13 02:33:49', '2016-07-13 02:33:49', '2016-07-21 21:55:13', '7bd2b0c7-b79c-422c-96ca-2906a946d458'),
 ('62', '2', '8', 'galleryBG.jpg', 'image', '1220', '915', '73742', '2016-07-12 00:16:52', '2016-07-13 22:13:54', '2016-07-21 21:55:13', 'af153b9d-b3d1-4ab7-96fa-0a1b19c0bafe'),
 ('66', '2', '17', 'craftcms-red.png', 'image', '824', '292', '18720', '2016-07-14 01:37:56', '2016-07-14 01:37:56', '2016-07-21 21:55:14', '02fe93bf-8b37-4ea2-b84d-4ce7b57f6b79');



DROP TABLE IF EXISTS `craft_assetfolders`;


--
-- Schema for table `craft_assetfolders`
--
CREATE TABLE `craft_assetfolders` (
  `id` int(11) NOT NULL AUTO_INCREMENT,
  `parentId` int(11) DEFAULT NULL,
  `sourceId` int(11) DEFAULT NULL,
  `name` varchar(255) COLLATE utf8_unicode_ci NOT NULL,
  `path` varchar(255) COLLATE utf8_unicode_ci DEFAULT NULL,
  `dateCreated` datetime NOT NULL,
  `dateUpdated` datetime NOT NULL,
  `uid` char(36) COLLATE utf8_unicode_ci NOT NULL DEFAULT '0',
  PRIMARY KEY (`id`),
  UNIQUE KEY `craft_assetfolders_name_parentId_sourceId_unq_idx` (`name`,`parentId`,`sourceId`),
  KEY `craft_assetfolders_parentId_fk` (`parentId`),
  KEY `craft_assetfolders_sourceId_fk` (`sourceId`)
) ENGINE=InnoDB AUTO_INCREMENT=18 DEFAULT CHARSET=utf8 COLLATE=utf8_unicode_ci;

--
-- Data for table `craft_assetfolders`
--

INSERT INTO `craft_assetfolders` (`id`, `parentId`, `sourceId`, `name`, `path`, `dateCreated`, `dateUpdated`, `uid`) VALUES
 ('1', NULL, NULL, 'Temporary source', NULL, '2016-07-09 17:02:46', '2016-07-09 17:02:46', 'eda4e033-ff97-4e92-8780-5900b6df6a71'),
 ('2', '1', NULL, 'user_1', NULL, '2016-07-09 17:02:46', '2016-07-09 17:02:46', 'bf395cab-b6a2-456b-80a1-d34eb381f1c5'),
 ('3', '2', NULL, 'field_6', 'field_6/', '2016-07-09 17:02:46', '2016-07-09 17:02:46', 'aaa98a9c-a401-48af-a1c0-195f8d3847c9'),
 ('4', '1', NULL, 'assets', 'assets/', '2016-07-09 17:07:16', '2016-07-09 17:07:16', '31bf26af-6275-422a-be95-471ce1bf6aa2'),
 ('5', '4', NULL, 'images', 'assets/images/', '2016-07-09 17:07:16', '2016-07-09 17:07:16', '096e4d61-2684-4d71-8dc6-9e6005fb9516'),
 ('6', '5', NULL, 'geckos', 'assets/images/geckos/', '2016-07-09 17:07:16', '2016-07-09 17:07:16', '8c861eb6-b758-4ff1-b69b-f69830c7e10b'),
 ('8', NULL, '2', 'images', '', '2016-07-09 17:30:53', '2016-07-09 17:30:53', '739dc131-7575-4e9d-aaf6-f0befeb770bc'),
 ('9', '8', '2', 'assets', 'assets/', '2016-07-10 16:11:53', '2016-07-10 16:11:53', '6b2d4705-a107-4648-bdfd-a020ffa6545e'),
 ('10', '9', '2', 'images', 'assets/images/', '2016-07-10 16:11:53', '2016-07-10 16:11:53', 'aa0165e3-8710-40af-ac80-39fd1176b01a'),
 ('11', '2', NULL, 'field_20', 'field_20/', '2016-07-11 19:05:52', '2016-07-11 19:05:52', '842a75ff-b23e-4075-b0e6-7df428510d1d'),
 ('12', '8', '2', 'thumbs', 'thumbs/', '2016-07-11 19:30:13', '2016-07-11 19:30:13', 'bb464d0c-131d-41e1-8449-200d8038d033'),
 ('13', '8', '2', 'articles', 'articles/', '2016-07-11 20:43:36', '2016-07-11 20:43:36', 'afdd8f97-682f-4824-b236-959b2500f847'),
 ('14', '2', NULL, 'field_21', 'field_21/', '2016-07-12 01:36:35', '2016-07-12 01:36:35', '97715584-6ea3-456b-a1da-87a373338dfc'),
 ('15', '8', '2', 'gallery', 'gallery/', '2016-07-12 01:37:45', '2016-07-12 01:37:45', '6b1cacd5-d516-4d7e-8b7b-5a091d7abf65'),
 ('16', '2', NULL, 'field_25', 'field_25/', '2016-07-13 21:44:08', '2016-07-13 21:44:08', '9a9f7404-4fdf-4ff1-af88-e55cc7b42021'),
 ('17', '8', '2', 'news', 'news/', '2016-07-14 01:38:06', '2016-07-14 01:38:06', '06dc062a-5080-4e42-af10-29aa52d05239');



DROP TABLE IF EXISTS `craft_assetindexdata`;


--
-- Schema for table `craft_assetindexdata`
--
CREATE TABLE `craft_assetindexdata` (
  `id` int(11) NOT NULL AUTO_INCREMENT,
  `sessionId` varchar(36) COLLATE utf8_unicode_ci NOT NULL DEFAULT '',
  `sourceId` int(10) NOT NULL,
  `offset` int(10) NOT NULL,
  `uri` varchar(255) COLLATE utf8_unicode_ci DEFAULT NULL,
  `size` varchar(255) COLLATE utf8_unicode_ci DEFAULT NULL,
  `recordId` int(10) DEFAULT NULL,
  `dateCreated` datetime NOT NULL,
  `dateUpdated` datetime NOT NULL,
  `uid` char(36) COLLATE utf8_unicode_ci NOT NULL DEFAULT '0',
  PRIMARY KEY (`id`),
  UNIQUE KEY `craft_assetindexdata_sessionId_sourceId_offset_unq_idx` (`sessionId`,`sourceId`,`offset`),
  KEY `craft_assetindexdata_sourceId_fk` (`sourceId`)
) ENGINE=InnoDB DEFAULT CHARSET=utf8 COLLATE=utf8_unicode_ci;

DROP TABLE IF EXISTS `craft_assetsources`;


--
-- Schema for table `craft_assetsources`
--
CREATE TABLE `craft_assetsources` (
  `id` int(11) NOT NULL AUTO_INCREMENT,
  `name` varchar(255) COLLATE utf8_unicode_ci NOT NULL,
  `handle` varchar(255) COLLATE utf8_unicode_ci NOT NULL,
  `type` varchar(150) COLLATE utf8_unicode_ci NOT NULL,
  `settings` text COLLATE utf8_unicode_ci,
  `sortOrder` smallint(6) unsigned DEFAULT NULL,
  `fieldLayoutId` int(10) DEFAULT NULL,
  `dateCreated` datetime NOT NULL,
  `dateUpdated` datetime NOT NULL,
  `uid` char(36) COLLATE utf8_unicode_ci NOT NULL DEFAULT '0',
  PRIMARY KEY (`id`),
  UNIQUE KEY `craft_assetsources_name_unq_idx` (`name`),
  UNIQUE KEY `craft_assetsources_handle_unq_idx` (`handle`),
  KEY `craft_assetsources_fieldLayoutId_fk` (`fieldLayoutId`)
) ENGINE=InnoDB AUTO_INCREMENT=3 DEFAULT CHARSET=utf8 COLLATE=utf8_unicode_ci;

--
-- Data for table `craft_assetsources`
--

INSERT INTO `craft_assetsources` (`id`, `name`, `handle`, `type`, `settings`, `sortOrder`, `fieldLayoutId`, `dateCreated`, `dateUpdated`, `uid`) VALUES
 ('2', 'images', 'images', 'Local', '{\"path\":\"assets\\/images\\/\",\"publicURLs\":\"1\",\"url\":\"http:\\/\\/localhost:8888\\/assets\\/images\\/\"}', '1', '34', '2016-07-09 17:30:53', '2016-07-10 16:04:50', 'bcfc88e1-0049-42c0-90a4-c8016d1705ef');



DROP TABLE IF EXISTS `craft_assettransformindex`;


--
-- Schema for table `craft_assettransformindex`
--
CREATE TABLE `craft_assettransformindex` (
  `id` int(11) NOT NULL AUTO_INCREMENT,
  `fileId` int(11) NOT NULL,
  `filename` varchar(255) COLLATE utf8_unicode_ci DEFAULT NULL,
  `format` varchar(255) COLLATE utf8_unicode_ci DEFAULT NULL,
  `location` varchar(255) COLLATE utf8_unicode_ci NOT NULL,
  `sourceId` int(11) DEFAULT NULL,
  `fileExists` tinyint(1) DEFAULT NULL,
  `inProgress` tinyint(1) DEFAULT NULL,
  `dateIndexed` datetime DEFAULT NULL,
  `dateCreated` datetime NOT NULL,
  `dateUpdated` datetime NOT NULL,
  `uid` char(36) COLLATE utf8_unicode_ci NOT NULL DEFAULT '0',
  PRIMARY KEY (`id`),
  KEY `craft_assettransformindex_sourceId_fileId_location_idx` (`sourceId`,`fileId`,`location`)
) ENGINE=InnoDB DEFAULT CHARSET=utf8 COLLATE=utf8_unicode_ci;

DROP TABLE IF EXISTS `craft_assettransforms`;


--
-- Schema for table `craft_assettransforms`
--
CREATE TABLE `craft_assettransforms` (
  `id` int(11) NOT NULL AUTO_INCREMENT,
  `name` varchar(255) COLLATE utf8_unicode_ci NOT NULL,
  `handle` varchar(255) COLLATE utf8_unicode_ci NOT NULL,
  `mode` enum('stretch','fit','crop') COLLATE utf8_unicode_ci NOT NULL DEFAULT 'crop',
  `position` enum('top-left','top-center','top-right','center-left','center-center','center-right','bottom-left','bottom-center','bottom-right') COLLATE utf8_unicode_ci NOT NULL DEFAULT 'center-center',
  `height` int(10) DEFAULT NULL,
  `width` int(10) DEFAULT NULL,
  `format` varchar(255) COLLATE utf8_unicode_ci DEFAULT NULL,
  `quality` int(10) DEFAULT NULL,
  `dimensionChangeTime` datetime DEFAULT NULL,
  `dateCreated` datetime NOT NULL,
  `dateUpdated` datetime NOT NULL,
  `uid` char(36) COLLATE utf8_unicode_ci NOT NULL DEFAULT '0',
  PRIMARY KEY (`id`),
  UNIQUE KEY `craft_assettransforms_name_unq_idx` (`name`),
  UNIQUE KEY `craft_assettransforms_handle_unq_idx` (`handle`)
) ENGINE=InnoDB AUTO_INCREMENT=2 DEFAULT CHARSET=utf8 COLLATE=utf8_unicode_ci;

--
-- Data for table `craft_assettransforms`
--

INSERT INTO `craft_assettransforms` (`id`, `name`, `handle`, `mode`, `position`, `height`, `width`, `format`, `quality`, `dimensionChangeTime`, `dateCreated`, `dateUpdated`, `uid`) VALUES
 ('1', 'GalleryTransform', 'gallerytransform', 'crop', 'center-right', '200', '200', NULL, '82', '2016-07-13 02:14:10', '2016-07-13 02:14:10', '2016-07-13 02:14:10', '39aa0c88-1683-46a5-bd4c-d6f848740a3d');



DROP TABLE IF EXISTS `craft_categories`;


--
-- Schema for table `craft_categories`
--
CREATE TABLE `craft_categories` (
  `id` int(11) NOT NULL,
  `groupId` int(11) NOT NULL,
  `dateCreated` datetime NOT NULL,
  `dateUpdated` datetime NOT NULL,
  `uid` char(36) COLLATE utf8_unicode_ci NOT NULL DEFAULT '0',
  PRIMARY KEY (`id`),
  KEY `craft_categories_groupId_fk` (`groupId`)
) ENGINE=InnoDB DEFAULT CHARSET=utf8 COLLATE=utf8_unicode_ci;

DROP TABLE IF EXISTS `craft_categorygroups`;


--
-- Schema for table `craft_categorygroups`
--
CREATE TABLE `craft_categorygroups` (
  `id` int(11) NOT NULL AUTO_INCREMENT,
  `structureId` int(11) NOT NULL,
  `fieldLayoutId` int(11) DEFAULT NULL,
  `name` varchar(255) COLLATE utf8_unicode_ci NOT NULL,
  `handle` varchar(255) COLLATE utf8_unicode_ci NOT NULL,
  `hasUrls` tinyint(1) unsigned NOT NULL DEFAULT '1',
  `template` varchar(500) COLLATE utf8_unicode_ci DEFAULT NULL,
  `dateCreated` datetime NOT NULL,
  `dateUpdated` datetime NOT NULL,
  `uid` char(36) COLLATE utf8_unicode_ci NOT NULL DEFAULT '0',
  PRIMARY KEY (`id`),
  UNIQUE KEY `craft_categorygroups_name_unq_idx` (`name`),
  UNIQUE KEY `craft_categorygroups_handle_unq_idx` (`handle`),
  KEY `craft_categorygroups_structureId_fk` (`structureId`),
  KEY `craft_categorygroups_fieldLayoutId_fk` (`fieldLayoutId`)
) ENGINE=InnoDB DEFAULT CHARSET=utf8 COLLATE=utf8_unicode_ci;

DROP TABLE IF EXISTS `craft_categorygroups_i18n`;


--
-- Schema for table `craft_categorygroups_i18n`
--
CREATE TABLE `craft_categorygroups_i18n` (
  `id` int(11) NOT NULL AUTO_INCREMENT,
  `groupId` int(11) NOT NULL,
  `locale` char(12) COLLATE utf8_unicode_ci NOT NULL,
  `urlFormat` text COLLATE utf8_unicode_ci,
  `nestedUrlFormat` text COLLATE utf8_unicode_ci,
  `dateCreated` datetime NOT NULL,
  `dateUpdated` datetime NOT NULL,
  `uid` char(36) COLLATE utf8_unicode_ci NOT NULL DEFAULT '0',
  PRIMARY KEY (`id`),
  UNIQUE KEY `craft_categorygroups_i18n_groupId_locale_unq_idx` (`groupId`,`locale`),
  KEY `craft_categorygroups_i18n_locale_fk` (`locale`)
) ENGINE=InnoDB DEFAULT CHARSET=utf8 COLLATE=utf8_unicode_ci;

DROP TABLE IF EXISTS `craft_comments`;


--
-- Schema for table `craft_comments`
--
CREATE TABLE `craft_comments` (
  `id` int(11) NOT NULL AUTO_INCREMENT,
  `elementId` int(11) NOT NULL,
  `userId` int(11) DEFAULT NULL,
  `elementType` varchar(255) COLLATE utf8_unicode_ci DEFAULT NULL,
  `structureId` int(10) DEFAULT NULL,
  `status` enum('approved','pending','spam','trashed') COLLATE utf8_unicode_ci DEFAULT NULL,
  `name` varchar(255) COLLATE utf8_unicode_ci DEFAULT NULL,
  `email` varchar(255) COLLATE utf8_unicode_ci DEFAULT NULL,
  `url` varchar(255) COLLATE utf8_unicode_ci DEFAULT NULL,
  `ipAddress` varchar(255) COLLATE utf8_unicode_ci DEFAULT NULL,
  `userAgent` varchar(255) COLLATE utf8_unicode_ci DEFAULT NULL,
  `comment` text COLLATE utf8_unicode_ci,
  `dateCreated` datetime NOT NULL,
  `dateUpdated` datetime NOT NULL,
  `uid` char(36) COLLATE utf8_unicode_ci NOT NULL DEFAULT '0',
  PRIMARY KEY (`id`),
  KEY `craft_comments_elementId_fk` (`elementId`),
  KEY `craft_comments_userId_fk` (`userId`)
) ENGINE=InnoDB DEFAULT CHARSET=utf8 COLLATE=utf8_unicode_ci;

DROP TABLE IF EXISTS `craft_comments_flags`;


--
-- Schema for table `craft_comments_flags`
--
CREATE TABLE `craft_comments_flags` (
  `id` int(11) NOT NULL AUTO_INCREMENT,
  `commentId` int(11) DEFAULT NULL,
  `userId` int(11) DEFAULT NULL,
  `dateCreated` datetime NOT NULL,
  `dateUpdated` datetime NOT NULL,
  `uid` char(36) COLLATE utf8_unicode_ci NOT NULL DEFAULT '0',
  PRIMARY KEY (`id`),
  KEY `craft_comments_flags_commentId_fk` (`commentId`),
  KEY `craft_comments_flags_userId_fk` (`userId`)
) ENGINE=InnoDB DEFAULT CHARSET=utf8 COLLATE=utf8_unicode_ci;

DROP TABLE IF EXISTS `craft_comments_votes`;


--
-- Schema for table `craft_comments_votes`
--
CREATE TABLE `craft_comments_votes` (
  `id` int(11) NOT NULL AUTO_INCREMENT,
  `commentId` int(11) DEFAULT NULL,
  `userId` int(11) DEFAULT NULL,
  `upvote` tinyint(1) unsigned NOT NULL DEFAULT '0',
  `downvote` tinyint(1) unsigned NOT NULL DEFAULT '0',
  `dateCreated` datetime NOT NULL,
  `dateUpdated` datetime NOT NULL,
  `uid` char(36) COLLATE utf8_unicode_ci NOT NULL DEFAULT '0',
  PRIMARY KEY (`id`),
  KEY `craft_comments_votes_commentId_fk` (`commentId`),
  KEY `craft_comments_votes_userId_fk` (`userId`)
) ENGINE=InnoDB DEFAULT CHARSET=utf8 COLLATE=utf8_unicode_ci;

DROP TABLE IF EXISTS `craft_content`;


--
-- Schema for table `craft_content`
--
CREATE TABLE `craft_content` (
  `id` int(11) NOT NULL AUTO_INCREMENT,
  `elementId` int(11) NOT NULL,
  `locale` char(12) COLLATE utf8_unicode_ci NOT NULL,
  `title` varchar(255) COLLATE utf8_unicode_ci DEFAULT NULL,
  `field_body` text COLLATE utf8_unicode_ci,
  `field_geckoName` text COLLATE utf8_unicode_ci,
  `field_orbheading` varchar(10) COLLATE utf8_unicode_ci DEFAULT NULL,
  `field_orblist` text COLLATE utf8_unicode_ci,
  `field_orbStory` text COLLATE utf8_unicode_ci,
  `field_foodName` text COLLATE utf8_unicode_ci,
  `field_habitatName` text COLLATE utf8_unicode_ci,
  `field_categoryLink` varchar(30) COLLATE utf8_unicode_ci DEFAULT NULL,
  `field_articleTitle` varchar(30) COLLATE utf8_unicode_ci DEFAULT NULL,
  `field_articleBody` text COLLATE utf8_unicode_ci,
  `field_caption` varchar(100) COLLATE utf8_unicode_ci DEFAULT NULL,
  `field_captionHeading` varchar(25) COLLATE utf8_unicode_ci DEFAULT NULL,
  `field_newsTitle` text COLLATE utf8_unicode_ci,
  `field_newsBody` text COLLATE utf8_unicode_ci,
  `dateCreated` datetime NOT NULL,
  `dateUpdated` datetime NOT NULL,
  `uid` char(36) COLLATE utf8_unicode_ci NOT NULL DEFAULT '0',
  PRIMARY KEY (`id`),
  UNIQUE KEY `craft_content_elementId_locale_unq_idx` (`elementId`,`locale`),
  KEY `craft_content_title_idx` (`title`),
  KEY `craft_content_locale_fk` (`locale`)
) ENGINE=InnoDB AUTO_INCREMENT=70 DEFAULT CHARSET=utf8 COLLATE=utf8_unicode_ci;

--
-- Data for table `craft_content`
--

INSERT INTO `craft_content` (`id`, `elementId`, `locale`, `title`, `field_body`, `field_geckoName`, `field_orbheading`, `field_orblist`, `field_orbStory`, `field_foodName`, `field_habitatName`, `field_categoryLink`, `field_articleTitle`, `field_articleBody`, `field_caption`, `field_captionHeading`, `field_newsTitle`, `field_newsBody`, `dateCreated`, `dateUpdated`, `uid`) VALUES
 ('1', '1', 'en_us', NULL, NULL, NULL, NULL, NULL, NULL, NULL, NULL, NULL, NULL, NULL, NULL, NULL, NULL, NULL, '2016-07-07 19:23:41', '2016-07-07 19:34:57', '78da33be-39fa-4bb7-962f-80c7c6827292'),
 ('2', '2', 'en_us', 'Welcome to Leo Gecko!', '<p>It’s true, this site doesn’t have a whole lot of content yet, but don’t worry. We have just installed the CMS, and we’re setting things up for the content editors this very moment. Soon Leo Gecko will be an oasis of fresh perspectives, sharp analyses, and astute opinions that will keep you coming back again and again and again!</p>', NULL, NULL, NULL, NULL, NULL, NULL, NULL, NULL, NULL, NULL, NULL, NULL, NULL, '2016-07-07 19:23:43', '2016-07-08 15:32:27', '3d9909ff-78b3-4ed9-9e73-c491d25fd8fc'),
 ('4', '4', 'en_us', 'About', '<p>There\'s nothing unique about us. In fact, we\'re probably just like you, having a love for reptiles and an overbearing desire to love the oh-so personable leopard gecko. We are not breeders or specialists in any way. We\'ve learned by trial, error and the internet. So much that we like to think our geckos live in a technologically advanced environment. True. I like to tap a camera that I have pointed into their crate and watch them regardless of where I\'m at. Also, like having the ability to monitor humidity and temp from afar. With todays tech, I can provide better for them even if I am a bit anal about it.</p>\n\n<p>We decided to start blogging after many began contacting us and asking a ton of questions. I love answering those questions but it became so time consuming none of us could keep up. Additionally, a lot of the questions and comments we began receiving didn\'t make sense to us so a blog was born.</p>\n\n\n\n\n\n\n\n\n\n\n\n\n\n\n\n<p>You\'re more than welcome to take what interest you but please give of us a shout-out if your using our content elsewhere. Leave the rest at the curb for someone else. Remember, we are not experts and have several $300 vet bills to prove it!</p>', '', NULL, NULL, NULL, NULL, NULL, NULL, NULL, NULL, NULL, NULL, NULL, NULL, '2016-07-08 21:35:26', '2016-07-10 17:30:59', '170199d4-cdde-4906-9f89-4b0157a724e6'),
 ('5', '5', 'en_us', 'Feeding Gecko', NULL, NULL, NULL, NULL, NULL, NULL, NULL, NULL, NULL, NULL, 'Yummmm!', 'Feeding Crickets?', NULL, NULL, '2016-07-08 22:24:04', '2016-07-12 23:45:34', '4918b4cb-7661-4bd2-91b3-c605b9f1325e'),
 ('6', '6', 'en_us', 'Products', NULL, NULL, NULL, NULL, NULL, NULL, NULL, NULL, NULL, NULL, NULL, NULL, NULL, NULL, '2016-07-08 22:24:52', '2016-07-08 22:24:52', '43c02a27-d16f-4cd8-8600-bbbec9c336b0'),
 ('7', '7', 'en_us', 'Gecko1', NULL, NULL, NULL, NULL, NULL, NULL, NULL, NULL, NULL, NULL, NULL, NULL, NULL, NULL, '2016-07-09 17:07:00', '2016-07-09 17:07:16', '893ab161-61c9-4535-b14b-3320831acce9'),
 ('10', '10', 'en_us', 'Gecko2', NULL, NULL, NULL, NULL, NULL, NULL, NULL, NULL, NULL, NULL, NULL, NULL, NULL, NULL, '2016-07-09 17:47:14', '2016-07-21 21:55:13', '0614275f-ace8-40f0-b77c-c302ee736f79'),
 ('11', '11', 'en_us', 'Header Bg', NULL, NULL, NULL, NULL, NULL, NULL, NULL, NULL, NULL, NULL, NULL, NULL, NULL, NULL, '2016-07-09 17:47:14', '2016-07-21 21:55:14', '23ac709c-1c40-4514-8ece-7bdca942d929'),
 ('12', '12', 'en_us', 'Leopardgecko', NULL, NULL, NULL, NULL, NULL, NULL, NULL, NULL, NULL, NULL, NULL, NULL, NULL, NULL, '2016-07-09 17:47:14', '2016-07-21 21:55:14', '7d5144ff-4f95-4d95-b84f-2f0cac4edb94'),
 ('19', '19', 'en_us', 'Gecko1', NULL, NULL, NULL, NULL, NULL, NULL, NULL, NULL, NULL, NULL, NULL, NULL, NULL, NULL, '2016-07-10 16:11:33', '2016-07-21 21:55:12', '2c1882e7-f472-4290-b3ba-644e7c2ef6d4'),
 ('20', '20', 'en_us', 'Mr. Cleo', NULL, 'Mr. Cleo', NULL, NULL, NULL, NULL, NULL, NULL, NULL, NULL, NULL, NULL, NULL, NULL, '2016-07-10 16:11:53', '2016-07-10 16:54:58', '863cb329-0d90-467d-a509-bc6c3012634d'),
 ('22', '22', 'en_us', 'Gecko1', NULL, NULL, NULL, NULL, NULL, NULL, NULL, NULL, NULL, NULL, NULL, NULL, NULL, NULL, '2016-07-10 16:44:51', '2016-07-21 21:55:13', 'dded00bf-2246-4a94-83e6-ccbce5c9314a'),
 ('24', '24', 'en_us', 'Alice', NULL, 'Alice', NULL, NULL, NULL, NULL, NULL, NULL, NULL, NULL, NULL, NULL, NULL, NULL, '2016-07-10 16:46:40', '2016-07-10 16:50:58', '3aa433f2-afeb-4a0b-8fae-10b23c262533'),
 ('25', '25', 'en_us', 'HayDay', NULL, 'HayDay', NULL, NULL, NULL, NULL, NULL, NULL, NULL, NULL, NULL, NULL, NULL, NULL, '2016-07-10 16:46:54', '2016-07-10 16:51:43', 'ee861726-3d1f-456c-91f7-ce0557c3d652'),
 ('26', '26', 'en_us', 'Alice', NULL, NULL, NULL, NULL, NULL, NULL, NULL, NULL, NULL, NULL, NULL, NULL, NULL, NULL, '2016-07-10 16:50:51', '2016-07-21 21:55:11', 'f3548056-3a79-4faf-9a99-8b83587d3229'),
 ('27', '27', 'en_us', 'Hayday', NULL, NULL, NULL, NULL, NULL, NULL, NULL, NULL, NULL, NULL, NULL, NULL, NULL, NULL, '2016-07-10 16:51:36', '2016-07-21 21:55:11', 'cf201128-a24d-4932-96e2-e8b73b2eed12'),
 ('28', '28', 'en_us', 'Mrcleo', NULL, NULL, NULL, NULL, NULL, NULL, NULL, NULL, NULL, NULL, NULL, NULL, NULL, NULL, '2016-07-10 16:54:52', '2016-07-21 21:55:12', '485a3e41-7cd2-4572-a573-57c0e900fb24'),
 ('29', '29', 'en_us', 'Gecko3', NULL, NULL, NULL, NULL, NULL, NULL, NULL, NULL, NULL, NULL, NULL, NULL, NULL, NULL, '2016-07-10 17:30:05', '2016-07-21 21:55:13', 'dc0cd78c-56b2-4cc4-b329-bec250a4e1f2'),
 ('30', '30', 'en_us', 'orb1', NULL, NULL, 'our geckos', '<ul><li>baby geckos</li><li>small geckos</li><li>large geckos</li></ul>', '<p>Of course, we think our leopard geckos are the best and most unique of reptiles. Hopefully, this is how you feel about yours. We also think of our geckos as the greatest of entertainers but each of them have unique personalities. HayDay for instance is our climber. Once the crate opens up her head is pointed straight up and she awaits a lift into the outer domain. She is curious and leaves no stone unturned. She is by far the most active. Additionally, she is not sexually mature as our other female is. She also has no issue with buddying up with our mature male or even stepping on his head to get to food. She is a big eater, too.</p>\n\n<p>Alice is a sexually mature female who is currently laying eggs every 2 weeks...</p>\n\n<p>Mr. Cleo is our stud...</p>', NULL, NULL, NULL, NULL, NULL, NULL, NULL, NULL, NULL, '2016-07-10 18:45:08', '2016-07-10 22:43:38', 'e9cb93e9-4319-4ed2-8e74-a2eef3911bbd'),
 ('31', '31', 'en_us', 'orb2', NULL, NULL, 'gecko food', '<ul><li>mealworms</li><li>dubia roaches</li><li>superworms</li></ul>', '<p>We feed our leopard geckos meal worms for a staple and supplement their diets with dubias, wax worms, occasional superworms as well as calcium + D3...</p>', NULL, NULL, NULL, NULL, NULL, NULL, NULL, NULL, NULL, '2016-07-10 19:12:17', '2016-07-10 22:35:44', '6dd4397f-75ac-47ca-92e6-53a2df735f30'),
 ('32', '32', 'en_us', 'orb3', NULL, NULL, 'gecko care', '<ul><li>habitat</li><li>sexing: male or female</li><li>health/sickness</li></ul>', '<p>As with all pets, leopard geckos depend on us for complete and unconditional care. The better their habitat and environment is maintained the happier they are. </p><p>When we received Mr.Cleo he was in dire straits. He wasn\'t malnourished but he had several layers of bad sheds that had piled up in bad places. His eyelids and toes took the worse hit. I had no idea how to care for a leopard gecko other than a crash course of Google but one thing I was sure about. He didn\'t look right. His eyes were black and he was not eating. So, I took him to the vet who luckily had leopard geckos of her own. $260 later we took Mr. Cleo home. In the ensuing few days, I learned that because his eyes were infected due to the bad sheds piling up on his lower eyelids, he could not see his food so gave up on hunting. 2-3 times a day I gave him eye drops and fed him through a syringe. Within 2 weeks he began eating again and had a perfect shed thanks to being moved into an environment where we could monitor and maintain humidity. </p><p>The point of this story is that we inherited Mr.Cleo and knew nothing about caring for him. However, he let us know the best way he could that he needed help. That was a long time ago and I\'ve not had to take any of our leo\'s to a vet since (knock on wood). We love them and look after them daily. We are lucky to have each other.  </p>', NULL, NULL, NULL, NULL, NULL, NULL, NULL, NULL, NULL, '2016-07-10 19:17:03', '2016-07-10 22:53:06', '1956fc8b-b498-4a39-884d-682593157f80'),
 ('34', '34', 'en_us', 'Leopard Gecko Food', NULL, NULL, NULL, NULL, NULL, NULL, NULL, NULL, 'Leopard Gecko Food', '<p>Lorem ipsum dolor sit amet, netus et malesuada fames ac turpis egestas. Vestibulum tortor quam, feugiat vitae, ultricies eget, tempor sit amet, ante. Donec eu libero sit amet quam egestas semper. Aenean ultricies mi vitae est. Mauris placerat eleifend leo. Quisque sit amet est et sapien ullamcorper pharetra. Vestibulum erat wisi, condimentum sed, commodo vitae, ornare sit amet, wisi. Aenean fermentum, elit eget tincidunt condimentum, eros ipsum rutrum orci, sagittis tempus lacus enim ac dui. Donec non enim in turpis pulvinar facilisis. Ut felis. Praesent dapibus, neque id cursus faucibus, tortor neque egestas augue, eu vulputate magna eros eu erat. Aliquam erat volutpat. Nam dui mi, tincidunt quis, accumsan porttitor, facilisis luctus, metus.</p>', NULL, NULL, NULL, NULL, '2016-07-11 19:07:03', '2016-07-11 21:06:31', 'a8650481-730f-42b6-95b7-a8db4e70feb5'),
 ('35', '35', 'en_us', 'Habitat and Environment', NULL, NULL, NULL, NULL, NULL, NULL, NULL, NULL, 'Habitat and Environment', '<p>Vestibulum tortor quam, <del>feugiat</del> vitae, ultricies eget, tempor sit amet, ante. Donec eu libero sit amet quam egestas semper. Aenean ultricies mi vitae est. Mauris placerat eleifend leo. Quisque sit amet est et sapien ullamcorper pharetra. Vestibulum erat wisi, condimentum sed, commodo vitae, ornare sit amet, wisi. Aenean fermentum, elit eget tincidunt condimentum, eros ipsum rutrum orci, sagittis tempus lacus enim ac dui. Donec non enim in turpis pulvinar facilisis. Ut felis. Praesent dapibus, neque id cursus faucibus, tortor neque egestas augue, eu vulputate magna eros eu erat. Aliquam erat volutpat. Nam dui mi, tincidunt quis, accumsan porttitor, facilisis luctus, metus.</p>', NULL, NULL, NULL, NULL, '2016-07-11 19:07:56', '2016-07-11 20:11:01', '0e43f1e0-0303-45ea-ae92-9950a6f4eba8'),
 ('36', '36', 'en_us', 'Leopard Gecko Breeding', NULL, NULL, NULL, NULL, NULL, NULL, NULL, NULL, 'Leopard Gecko Breeding', '<p>Lorem ipsum dolor sit amet, netus et malesuada fames ac turpis egestas. Vestibulum tortor quam, feugiat vitae, ultricies eget, tempor sit amet, ante. Donec eu libero sit amet quam egestas semper. Aenean ultricies mi vitae est. Mauris placerat eleifend leo. Quisque sit amet est et sapien ullamcorper pharetra. Vestibulum erat wisi, condimentum sed, commodo vitae, ornare sit amet, wisi. Aenean fermentum, elit eget tincidunt condimentum, eros ipsum rutrum orci, sagittis tempus lacus enim ac dui. Donec non enim in turpis pulvinar facilisis. Ut felis. Praesent dapibus, neque id cursus faucibus, tortor neque egestas augue, eu vulputate magna eros eu erat. Aliquam erat volutpat. Nam dui mi, tincidunt quis, accumsan porttitor, facilisis luctus, metus.</p>', NULL, NULL, NULL, NULL, '2016-07-11 19:08:26', '2016-07-11 20:11:01', '2286aaad-3d77-46fa-a088-bfe264308545'),
 ('37', '37', 'en_us', 'Sexing Leopard Geckos', NULL, NULL, NULL, NULL, NULL, NULL, NULL, NULL, 'Sexing Leopard Geckos', '<p>Donec eu libero sit amet quam egestas semper. Aenean ultricies mi vitae est. Mauris placerat eleifend leo. Quisque sit amet est et sapien ullamcorper pharetra. Vestibulum erat wisi, condimentum sed, commodo vitae, ornare sit amet, wisi. Aenean fermentum, elit eget tincidunt condimentum, eros ipsum rutrum orci, sagittis tempus lacus enim ac dui. Donec non enim in turpis pulvinar facilisis. Ut felis. Praesent dapibus, neque id cursus faucibus, tortor neque egestas augue, eu vulputate magna eros eu erat. Aliquam erat volutpat. Nam dui mi, tincidunt quis, accumsan porttitor, facilisis luctus, metus.</p>', NULL, NULL, NULL, NULL, '2016-07-11 19:29:06', '2016-07-11 20:11:01', '8351f8a7-637e-4636-8d6c-85588085ca63'),
 ('38', '38', 'en_us', 'Thumb1', NULL, NULL, NULL, NULL, NULL, NULL, NULL, NULL, NULL, NULL, NULL, NULL, NULL, NULL, '2016-07-11 19:30:14', '2016-07-21 21:55:14', '6ff921ee-230c-48cf-8fcf-50ef854f99fd'),
 ('39', '39', 'en_us', 'Thumb2', NULL, NULL, NULL, NULL, NULL, NULL, NULL, NULL, NULL, NULL, NULL, NULL, NULL, NULL, '2016-07-11 19:30:15', '2016-07-21 21:55:14', 'f1b8957e-b0c4-4a53-a39d-4d343c699dff'),
 ('40', '40', 'en_us', 'Thumb3', NULL, NULL, NULL, NULL, NULL, NULL, NULL, NULL, NULL, NULL, NULL, NULL, NULL, NULL, '2016-07-11 19:30:15', '2016-07-21 21:55:14', 'aec67e87-c167-41e8-acec-676ef24e1454'),
 ('41', '41', 'en_us', 'Thumb4', NULL, NULL, NULL, NULL, NULL, NULL, NULL, NULL, NULL, NULL, NULL, NULL, NULL, NULL, '2016-07-11 19:30:15', '2016-07-21 21:55:14', '94c70712-3210-4d61-902b-2c4cfa646c25'),
 ('42', '42', 'en_us', 'Leopard Gecko Books', NULL, NULL, NULL, NULL, NULL, NULL, NULL, NULL, 'Leopard Gecko Books', '<p>Lorem ipsum dolor sit amet, netus et malesuada fames ac turpis egestas. Vestibulum tortor quam, feugiat vitae, ultricies eget, tempor sit amet, ante. Donec eu libero sit amet quam egestas semper. Aenean ultricies mi vitae est. Mauris placerat eleifend leo. Quisque sit amet est et sapien ullamcorper pharetra. Vestibulum erat wisi, condimentum sed, commodo vitae, ornare sit amet, wisi. Aenean fermentum, elit eget tincidunt condimentum, eros ipsum rutrum orci, sagittis tempus lacus enim ac dui. Donec non enim in turpis pulvinar facilisis. Ut felis.</p>', NULL, NULL, NULL, NULL, '2016-07-11 19:31:39', '2016-07-11 20:11:02', '2a26ceaf-eaab-45e1-823d-58360a5a79d2'),
 ('43', '43', 'en_us', 'Leopard Gecko Safety', NULL, NULL, NULL, NULL, NULL, NULL, NULL, NULL, 'Leopard Gecko Safety', '<p>Vestibulum tortor quam, feugiat vitae, ultricies eget, tempor sit amet, ante. Donec eu libero sit amet quam egestas semper. Aenean ultricies mi vitae est. Mauris placerat eleifend leo. Quisque sit amet est et sapien ullamcorper pharetra. Vestibulum erat wisi, condimentum sed, commodo vitae, ornare sit amet, wisi. Aenean fermentum, elit eget tincidunt condimentum, eros ipsum rutrum orci, sagittis tempus lacus enim ac dui. Donec non enim in turpis pulvinar facilisis. Ut felis. Praesent dapibus, neque id cursus faucibus, tortor neque egestas augue, eu vulputate magna eros eu erat. Aliquam erat volutpat.</p>', NULL, NULL, NULL, NULL, '2016-07-11 19:32:45', '2016-07-11 20:11:02', '39f2aa13-72b1-44c2-b9aa-7a5d79c5d7fa'),
 ('44', '44', 'en_us', 'Technology for Leopard Geckos', NULL, NULL, NULL, NULL, NULL, NULL, NULL, NULL, 'Technology for Leopard Geckos', '<p>Quisque sit amet est et sapien ullamcorper pharetra. Vestibulum erat wisi, condimentum sed, commodo vitae, ornare sit amet, wisi. Aenean fermentum, elit eget tincidunt condimentum, eros ipsum rutrum orci, sagittis tempus lacus enim ac dui. Donec non enim in turpis pulvinar facilisis. Ut felis. Praesent dapibus, neque id cursus faucibus, tortor neque egestas augue, eu vulputate magna eros eu erat. Aliquam erat volutpat. Nam dui mi, tincidunt quis, accumsan porttitor, facilisis luctus, metus.</p>', NULL, NULL, NULL, NULL, '2016-07-11 19:33:53', '2016-07-11 20:11:02', '2293316d-0187-43a4-8ffd-0dcd756c91d9'),
 ('45', '45', 'en_us', 'Caring for Leopard Geckos', NULL, NULL, NULL, NULL, NULL, NULL, NULL, NULL, 'Caring for Leopard Geckos', '<p>Aenean fermentum, elit eget tincidunt condimentum, eros ipsum rutrum orci, sagittis tempus lacus enim ac dui. Donec non enim in turpis pulvinar facilisis. Ut felis. Praesent dapibus, neque id cursus faucibus, tortor neque egestas augue, eu vulputate magna eros eu erat. Aliquam erat volutpat. Nam dui mi, tincidunt quis, accumsan porttitor, facilisis luctus, metus.</p>', NULL, NULL, NULL, NULL, '2016-07-11 19:35:03', '2016-07-11 20:11:02', '5ceb1b7e-fdad-42fe-95e0-de409f436f0b'),
 ('46', '46', 'en_us', 'Geckofood', NULL, NULL, NULL, NULL, NULL, NULL, NULL, NULL, NULL, NULL, NULL, NULL, NULL, NULL, '2016-07-11 20:43:28', '2016-07-21 21:55:11', '03151ce2-8b46-4373-adec-e257f6fe1ca1'),
 ('47', '47', 'en_us', 'Gecko Feeding', NULL, NULL, NULL, NULL, NULL, NULL, NULL, NULL, NULL, NULL, NULL, NULL, NULL, NULL, '2016-07-12 01:37:37', '2016-07-21 21:55:13', 'b1b22617-fad3-4bc6-8b48-d2e6bab98398'),
 ('48', '48', 'en_us', 'Gallery2', NULL, NULL, NULL, NULL, NULL, NULL, NULL, NULL, NULL, NULL, NULL, NULL, NULL, NULL, '2016-07-12 16:53:37', '2016-07-21 21:55:12', '5dd17e0f-ef25-4f1c-bc2c-2a748d7e0c97'),
 ('49', '49', 'en_us', 'Baby Gecko', NULL, NULL, NULL, NULL, NULL, NULL, NULL, NULL, NULL, NULL, 'So cute!', 'Baby Gecko', NULL, NULL, '2016-07-12 16:54:55', '2016-07-12 23:45:20', '4a23b7a6-62f9-49fd-a05f-84b452398bb1'),
 ('50', '50', 'en_us', 'Gallery3', NULL, NULL, NULL, NULL, NULL, NULL, NULL, NULL, NULL, NULL, NULL, NULL, NULL, NULL, '2016-07-12 17:12:52', '2016-07-21 21:55:12', 'f54b9abb-7fe2-44ea-885d-89f4c97e1d77'),
 ('51', '51', 'en_us', 'Happy Geckos?', NULL, NULL, NULL, NULL, NULL, NULL, NULL, NULL, NULL, NULL, 'You bet! ', 'Happy Gecko\'s?', NULL, NULL, '2016-07-12 17:13:59', '2016-07-13 00:01:15', '070a3da1-3060-4de5-8a8c-bd4ca1ab491a'),
 ('52', '52', 'en_us', 'Mealworms', NULL, NULL, NULL, NULL, NULL, NULL, NULL, NULL, NULL, NULL, NULL, NULL, NULL, NULL, '2016-07-12 22:04:49', '2016-07-21 21:55:13', '77501214-3370-49f4-ad1e-4330b80fa0f5'),
 ('53', '53', 'en_us', 'Meal Worms', NULL, NULL, NULL, NULL, NULL, NULL, NULL, NULL, NULL, NULL, 'Breakfast of Champs!', 'Meal Worms', NULL, NULL, '2016-07-12 22:04:53', '2016-07-12 23:44:52', 'f840cff3-f094-4624-80bf-347e9bd25594'),
 ('54', '54', 'en_us', 'Gallery4', NULL, NULL, NULL, NULL, NULL, NULL, NULL, NULL, NULL, NULL, NULL, NULL, NULL, NULL, '2016-07-13 00:03:18', '2016-07-21 21:55:12', 'edc8cf6e-2153-46df-a715-fb26c713bdc8'),
 ('55', '55', 'en_us', 'Example 2', NULL, NULL, NULL, NULL, NULL, NULL, NULL, NULL, NULL, NULL, 'Example Caption...', 'What?', NULL, NULL, '2016-07-13 00:03:25', '2016-07-13 00:03:25', 'f54fc3a8-a875-4e1d-b14b-f2a245f4a761'),
 ('56', '56', 'en_us', 'Gallery5', NULL, NULL, NULL, NULL, NULL, NULL, NULL, NULL, NULL, NULL, NULL, NULL, NULL, NULL, '2016-07-13 00:10:46', '2016-07-21 21:55:12', 'f73c7e41-1e91-4413-9f23-e7596e973c3a'),
 ('57', '57', 'en_us', 'Breeding', NULL, NULL, NULL, NULL, NULL, NULL, NULL, NULL, NULL, '<p>Lorem ipsum dolor sit amet, netus et malesuada fames ac turpis egestas. Vestibulum tortor quam, feugiat vitae, ultricies eget, tempor sit amet, ante. Donec eu libero sit amet quam egestas semper. Aenean ultricies mi vitae est. Mauris placerat eleifend leo. Quisque sit amet est et sapien ullamcorper pharetra. Vestibulum erat wisi, condimentum sed, commodo vitae, ornare sit amet, wisi. Aenean fermentum, elit eget tincidunt condimentum, eros ipsum rutrum orci, sagittis tempus lacus enim ac dui. Donec non enim in turpis pulvinar facilisis. Ut felis. Praesent dapibus, neque id cursus faucibus, tortor neque egestas augue, eu vulputate magna eros eu erat. Aliquam erat volutpat. Nam dui mi, tincidunt quis, accumsan porttitor, facilisis luctus, metus.</p>', 'Thinking about babies?', 'Breeding', NULL, NULL, '2016-07-13 00:10:58', '2016-07-13 02:41:10', 'aafd0252-dfde-4d30-a8a6-47b7039100fc'),
 ('58', '58', 'en_us', 'Gallery6', NULL, NULL, NULL, NULL, NULL, NULL, NULL, NULL, NULL, NULL, NULL, NULL, NULL, NULL, '2016-07-13 00:15:01', '2016-07-21 21:55:12', 'a8871bf4-7476-41c6-bf19-c4135850d467'),
 ('59', '59', 'en_us', 'Shedding', NULL, NULL, NULL, NULL, NULL, NULL, NULL, NULL, NULL, '<p>Lorem ipsum dolor sit amet, netus et malesuada fames ac turpis egestas. Vestibulum tortor quam, feugiat vitae, ultricies eget, tempor sit amet, ante. Donec eu libero sit amet quam egestas semper. Aenean ultricies mi vitae est. Mauris placerat eleifend leo. Quisque sit amet est et sapien ullamcorper pharetra. Vestibulum erat wisi, condimentum sed, commodo vitae, ornare sit amet, wisi. Aenean fermentum, elit eget tincidunt condimentum, eros ipsum rutrum orci, sagittis tempus lacus enim ac dui. Donec non enim in turpis pulvinar facilisis. Ut felis. Praesent dapibus, neque id cursus faucibus, tortor neque egestas augue, eu vulputate magna eros eu erat. Aliquam erat volutpat. Nam dui mi, tincidunt quis, accumsan porttitor, facilisis luctus, metus.</p>', 'Healthy Sheds', 'Shedding', NULL, NULL, '2016-07-13 00:15:06', '2016-07-13 02:40:08', '0a9144ea-ab78-4a1a-8e76-e97b76e64435'),
 ('60', '60', 'en_us', 'Gallery7', NULL, NULL, NULL, NULL, NULL, NULL, NULL, NULL, NULL, NULL, NULL, NULL, NULL, NULL, '2016-07-13 02:33:49', '2016-07-21 21:55:13', 'a66cbfff-939d-417f-884f-518326eaa919'),
 ('61', '61', 'en_us', 'Alice\'s Eggs', NULL, NULL, NULL, NULL, NULL, NULL, NULL, NULL, NULL, '<p>Lorem ipsum dolor sit amet, netus et malesuada fames ac turpis egestas. Vestibulum tortor quam, feugiat vitae, ultricies eget, tempor sit amet, ante. Donec eu libero sit amet quam egestas semper. Aenean ultricies mi vitae est. Mauris placerat eleifend leo. Quisque sit amet est et sapien ullamcorper pharetra. Vestibulum erat wisi, condimentum sed, commodo vitae, ornare sit amet, wisi. Aenean fermentum, elit eget tincidunt condimentum, eros ipsum rutrum orci, sagittis tempus lacus enim ac dui. Donec non enim in turpis pulvinar facilisis. Ut felis. Praesent dapibus, neque id cursus faucibus, tortor neque egestas augue, eu vulputate magna eros eu erat. Aliquam erat volutpat. Nam dui mi, tincidunt quis, accumsan porttitor, facilisis luctus, metus.</p>', 'Where, oh where, oh where could they be?', 'Alice\'s Eggs', NULL, NULL, '2016-07-13 02:34:22', '2016-07-13 02:49:09', '625b0192-4842-47ff-a8d3-0671b043d572'),
 ('62', '62', 'en_us', 'Gallery Bg', NULL, NULL, NULL, NULL, NULL, NULL, NULL, NULL, NULL, NULL, NULL, NULL, NULL, NULL, '2016-07-13 22:13:54', '2016-07-21 21:55:13', '6a20fa3d-3cb3-4cd1-a872-28c647009466'),
 ('63', '63', 'en_us', 'We just installed Craft CMS!', NULL, NULL, NULL, NULL, NULL, NULL, NULL, NULL, NULL, NULL, NULL, NULL, 'We Just Installed Craft', 'Quisque sit amet est et sapien ullamcorper pharetra. Vestibulum erat wisi, condimentum sed, commodo vitae, ornare sit amet, wisi. Aenean fermentum, elit eget tincidunt condimentum, eros ipsum rutrum orci, sagittis tempus lacus enim ac dui. Donec non enim in turpis pulvinar facilisis. Ut felis. Praesent dapibus, neque id cursus faucibus, tortor neque egestas augue, eu vulputate magna eros eu erat. Aliquam erat volutpat. Nam dui mi, tincidunt quis, accumsan porttitor, facilisis luctus, metus.', '2016-07-13 22:24:50', '2016-07-14 01:38:06', '91b0e38d-3eb1-49d0-a959-67744481cb17'),
 ('64', '64', 'en_us', 'News Test 1', NULL, NULL, NULL, NULL, NULL, NULL, NULL, NULL, NULL, NULL, NULL, NULL, 'News Test 1', 'Duis aute irure dolor in reprehenderit in voluptate velit esse cillum dolore eu fugiat nulla pariatur. Excepteur sint occaecat cupidatat non proident, sunt in culpa qui officia deserunt mollit anim id est laborum.', '2016-07-14 00:23:59', '2016-07-14 00:23:59', '05add65b-e97d-4cf4-8cac-20d942ebe0f3'),
 ('65', '65', 'en_us', 'News Test 2', NULL, NULL, NULL, NULL, NULL, NULL, NULL, NULL, NULL, NULL, NULL, NULL, 'News Test 2', 'Pellentesque habitant morbi tristique senectus et netus et malesuada fames ac turpis egestas. Vestibulum tortor quam, feugiat vitae, ultricies eget, tempor sit amet, ante. Donec eu libero sit amet quam egestas semper. Aenean ultricies mi vitae est. Mauris placerat eleifend leo.', '2016-07-14 00:27:20', '2016-07-14 00:27:20', 'd09cde91-2e6d-4d90-afb7-4de06d38a2a8'),
 ('66', '66', 'en_us', 'Craftcms Red', NULL, NULL, NULL, NULL, NULL, NULL, NULL, NULL, NULL, NULL, NULL, NULL, NULL, NULL, '2016-07-14 01:37:56', '2016-07-21 21:55:14', '084a408f-e05a-4550-8d38-366e7b4f57d1'),
 ('67', '67', 'en_us', 'News Test 3', NULL, NULL, NULL, NULL, NULL, NULL, NULL, NULL, NULL, NULL, NULL, NULL, 'This is a test ', 'Highly customizable custom scrollbar jQuery plugin. Features include vertical and/or horizontal scrollbar(s), adjustable scrolling momentum, mouse-wheel (via jQuery mousewheel plugin), keyboard and touch support, ready-to-use themes and customization via CSS, RTL direction support, option parameters for full control of scrollbar functionality, methods for triggering actions like scroll-to, update, destroy etc., user-defined callbacks and more.', '2016-07-14 16:07:01', '2016-07-14 16:07:01', 'e8ec7941-458f-41a7-a4e3-a0d56510b139'),
 ('68', '68', 'en_us', 'News Test Four', NULL, NULL, NULL, NULL, NULL, NULL, NULL, NULL, NULL, NULL, NULL, NULL, 'News Test Four', 'Add the class mCustomScrollbar to any element you want to add custom scrollbar(s) with default options. Optionally, set its axis via the HTML data attribute data-mcs-axis (e.g. \"x\" for horizontal and \"y\" for vertical) and its theme via data-mcs-theme. For example:', '2016-07-15 01:10:45', '2016-07-15 01:10:45', '66598cda-f112-48d5-9f4f-5f8b2ceecfc2'),
 ('69', '69', 'en_us', 'Test 101', NULL, NULL, NULL, NULL, NULL, NULL, NULL, NULL, NULL, '', 'was here', 'Matthew', NULL, NULL, '2016-07-31 14:24:29', '2016-07-31 14:24:29', '9fb87753-91d5-4d9c-95d1-ad080dc7a18d');



DROP TABLE IF EXISTS `craft_deprecationerrors`;


--
-- Schema for table `craft_deprecationerrors`
--
CREATE TABLE `craft_deprecationerrors` (
  `id` int(11) NOT NULL AUTO_INCREMENT,
  `key` varchar(255) COLLATE utf8_unicode_ci NOT NULL,
  `fingerprint` varchar(255) COLLATE utf8_unicode_ci NOT NULL,
  `lastOccurrence` datetime NOT NULL,
  `file` varchar(255) COLLATE utf8_unicode_ci NOT NULL,
  `line` smallint(6) unsigned NOT NULL,
  `class` varchar(255) COLLATE utf8_unicode_ci DEFAULT NULL,
  `method` varchar(255) COLLATE utf8_unicode_ci DEFAULT NULL,
  `template` varchar(255) COLLATE utf8_unicode_ci DEFAULT NULL,
  `templateLine` smallint(6) unsigned DEFAULT NULL,
  `message` varchar(255) COLLATE utf8_unicode_ci DEFAULT NULL,
  `traces` text COLLATE utf8_unicode_ci,
  `dateCreated` datetime NOT NULL,
  `dateUpdated` datetime NOT NULL,
  `uid` char(36) COLLATE utf8_unicode_ci NOT NULL DEFAULT '0',
  PRIMARY KEY (`id`),
  UNIQUE KEY `craft_deprecationerrors_key_fingerprint_unq_idx` (`key`,`fingerprint`)
) ENGINE=InnoDB DEFAULT CHARSET=utf8 COLLATE=utf8_unicode_ci;

DROP TABLE IF EXISTS `craft_elementindexsettings`;


--
-- Schema for table `craft_elementindexsettings`
--
CREATE TABLE `craft_elementindexsettings` (
  `id` int(11) NOT NULL AUTO_INCREMENT,
  `type` varchar(150) COLLATE utf8_unicode_ci NOT NULL,
  `settings` text COLLATE utf8_unicode_ci,
  `dateCreated` datetime NOT NULL,
  `dateUpdated` datetime NOT NULL,
  `uid` char(36) COLLATE utf8_unicode_ci NOT NULL DEFAULT '0',
  PRIMARY KEY (`id`),
  UNIQUE KEY `craft_elementindexsettings_type_unq_idx` (`type`)
) ENGINE=InnoDB DEFAULT CHARSET=utf8 COLLATE=utf8_unicode_ci;

DROP TABLE IF EXISTS `craft_elements`;


--
-- Schema for table `craft_elements`
--
CREATE TABLE `craft_elements` (
  `id` int(11) NOT NULL AUTO_INCREMENT,
  `type` varchar(150) COLLATE utf8_unicode_ci NOT NULL,
  `enabled` tinyint(1) unsigned NOT NULL DEFAULT '1',
  `archived` tinyint(1) unsigned NOT NULL DEFAULT '0',
  `dateCreated` datetime NOT NULL,
  `dateUpdated` datetime NOT NULL,
  `uid` char(36) COLLATE utf8_unicode_ci NOT NULL DEFAULT '0',
  PRIMARY KEY (`id`),
  KEY `craft_elements_type_idx` (`type`),
  KEY `craft_elements_enabled_idx` (`enabled`),
  KEY `craft_elements_archived_dateCreated_idx` (`archived`,`dateCreated`)
) ENGINE=InnoDB AUTO_INCREMENT=70 DEFAULT CHARSET=utf8 COLLATE=utf8_unicode_ci;

--
-- Data for table `craft_elements`
--

INSERT INTO `craft_elements` (`id`, `type`, `enabled`, `archived`, `dateCreated`, `dateUpdated`, `uid`) VALUES
 ('1', 'User', '1', '0', '2016-07-07 19:23:40', '2016-07-07 19:34:57', 'ebb81456-fcc3-4c80-9933-b1c4894213cb'),
 ('2', 'Entry', '1', '0', '2016-07-07 19:23:43', '2016-07-08 15:32:27', '6b1b9ccd-15ec-4408-b270-97213db42980'),
 ('4', 'Entry', '1', '0', '2016-07-08 21:35:26', '2016-07-10 17:30:59', '888ad970-b80a-4e98-bbcd-0e55afdb6e5b'),
 ('5', 'Entry', '1', '0', '2016-07-08 22:24:04', '2016-07-12 23:45:34', '8fe8d07b-9bfe-4f70-ab71-d55215781784'),
 ('6', 'Entry', '1', '0', '2016-07-08 22:24:52', '2016-07-08 22:24:52', '079ee39f-0b21-457b-9b86-9e45fbf41d5b'),
 ('7', 'Asset', '1', '0', '2016-07-09 17:07:00', '2016-07-09 17:07:16', '5bc16c9c-6e56-4e16-b8a4-c3656976634e'),
 ('10', 'Asset', '1', '0', '2016-07-09 17:47:14', '2016-07-21 21:55:13', '3401308e-f791-4829-9e5d-a9789b900c45'),
 ('11', 'Asset', '1', '0', '2016-07-09 17:47:14', '2016-07-21 21:55:14', '0ec696bf-85eb-42db-b07f-8c0ae8e555ef'),
 ('12', 'Asset', '1', '0', '2016-07-09 17:47:14', '2016-07-21 21:55:14', 'a073c41f-3ebe-4adc-bf29-098a7f74eacc'),
 ('19', 'Asset', '1', '0', '2016-07-10 16:11:33', '2016-07-21 21:55:12', '86ab6a5c-d21b-4691-850d-58de84d942da'),
 ('20', 'Entry', '1', '0', '2016-07-10 16:11:53', '2016-07-10 16:54:58', '4bbebae7-0332-4ca5-8c2f-9c0a6eefb59b'),
 ('22', 'Asset', '1', '0', '2016-07-10 16:44:51', '2016-07-21 21:55:13', '0f091bb2-bb34-460c-96ab-54b1cc2d3c29'),
 ('24', 'Entry', '1', '0', '2016-07-10 16:46:40', '2016-07-10 16:50:58', '7686c59a-43a2-4f67-831c-47695873777c'),
 ('25', 'Entry', '1', '0', '2016-07-10 16:46:54', '2016-07-10 16:51:43', 'e003174f-3e02-45bf-9822-ff289c2e250a'),
 ('26', 'Asset', '1', '0', '2016-07-10 16:50:51', '2016-07-21 21:55:11', '3e7f65ac-0513-41a4-838e-ab46be0adbed'),
 ('27', 'Asset', '1', '0', '2016-07-10 16:51:36', '2016-07-21 21:55:11', 'ef06c35b-fefa-4cb4-acc6-e2ffcaf1651c'),
 ('28', 'Asset', '1', '0', '2016-07-10 16:54:52', '2016-07-21 21:55:12', 'e22613d3-a11d-4a90-9e15-ab4ba5e92610'),
 ('29', 'Asset', '1', '0', '2016-07-10 17:30:05', '2016-07-21 21:55:13', '2139d7ea-314f-4e47-af21-26d02c12d21b'),
 ('30', 'Entry', '1', '0', '2016-07-10 18:45:08', '2016-07-10 22:43:38', 'a06250d2-06f5-440f-8f3e-c004735c7970'),
 ('31', 'Entry', '1', '0', '2016-07-10 19:12:17', '2016-07-10 22:35:44', 'd6145166-127f-4b44-9865-a17de95c6a29'),
 ('32', 'Entry', '1', '0', '2016-07-10 19:17:03', '2016-07-10 22:53:06', 'c26cbb65-9b26-471b-9faf-a26f2ab34764'),
 ('34', 'Entry', '1', '0', '2016-07-11 19:07:03', '2016-07-11 21:06:31', '706e8d1b-0fab-4c29-a440-f958609546ac'),
 ('35', 'Entry', '1', '0', '2016-07-11 19:07:56', '2016-07-11 20:11:01', '9a9bc259-0eb4-4d0b-bc20-ee944aaeb120'),
 ('36', 'Entry', '1', '0', '2016-07-11 19:08:26', '2016-07-11 20:11:01', '4b8b054b-c04b-48b3-935d-2cc934236b45'),
 ('37', 'Entry', '1', '0', '2016-07-11 19:29:06', '2016-07-11 20:11:01', 'a2edd7e6-7d10-4ee0-a9e9-7a3079200038'),
 ('38', 'Asset', '1', '0', '2016-07-11 19:30:14', '2016-07-21 21:55:14', 'b73ce5fa-7dc1-4ea1-a534-4c4826a6fda5'),
 ('39', 'Asset', '1', '0', '2016-07-11 19:30:15', '2016-07-21 21:55:14', '16b3b37c-55a3-41bd-9dc2-81a2b260b240'),
 ('40', 'Asset', '1', '0', '2016-07-11 19:30:15', '2016-07-21 21:55:14', '0366fd6c-1d1c-4787-8f13-8d36611f6354'),
 ('41', 'Asset', '1', '0', '2016-07-11 19:30:15', '2016-07-21 21:55:14', '70824e83-4110-4805-b8cb-cab0369afcfc'),
 ('42', 'Entry', '1', '0', '2016-07-11 19:31:39', '2016-07-11 20:11:01', 'd15eef55-92bc-475e-9505-5dd583e1157e'),
 ('43', 'Entry', '1', '0', '2016-07-11 19:32:45', '2016-07-11 20:11:02', 'ce8b26b5-2e8c-47cd-9fda-aab9f4c6fb15'),
 ('44', 'Entry', '1', '0', '2016-07-11 19:33:53', '2016-07-11 20:11:02', 'c3c9bf65-b409-42d0-9da4-b9c2f764661c'),
 ('45', 'Entry', '1', '0', '2016-07-11 19:35:03', '2016-07-11 20:11:02', 'bcf68c7f-ea1a-47f2-8c3f-705375b1e1db'),
 ('46', 'Asset', '1', '0', '2016-07-11 20:43:28', '2016-07-21 21:55:11', 'a5708da3-792c-4fd4-bc9c-90a7d27b16bd'),
 ('47', 'Asset', '1', '0', '2016-07-12 01:37:37', '2016-07-21 21:55:13', '1cd6dc93-efe2-4340-a31b-a73556333323'),
 ('48', 'Asset', '1', '0', '2016-07-12 16:53:37', '2016-07-21 21:55:12', '510fd03e-570b-4d32-9ede-dd15ed7731da'),
 ('49', 'Entry', '1', '0', '2016-07-12 16:54:55', '2016-07-12 23:45:20', '76e3bea8-27d7-4489-9786-28676bbfc575'),
 ('50', 'Asset', '1', '0', '2016-07-12 17:12:52', '2016-07-21 21:55:12', 'db9970d4-b6f2-4b19-914a-5cdda90a34d1'),
 ('51', 'Entry', '1', '0', '2016-07-12 17:13:59', '2016-07-13 00:01:15', 'd750e0b1-21b6-4b64-98a1-3b39d8e29e35'),
 ('52', 'Asset', '1', '0', '2016-07-12 22:04:49', '2016-07-21 21:55:13', '42c8fe5d-6c2e-4385-a68d-1af2478a5654'),
 ('53', 'Entry', '1', '0', '2016-07-12 22:04:53', '2016-07-12 23:44:52', '51a43abf-7468-4610-b09d-11e32aa98fbc'),
 ('54', 'Asset', '1', '0', '2016-07-13 00:03:18', '2016-07-21 21:55:12', '7f907325-cb02-422f-bbb3-ccb121a11ccc'),
 ('55', 'Entry', '1', '0', '2016-07-13 00:03:25', '2016-07-13 00:03:25', 'c8c5f21d-20f4-4e37-8048-c3dfb3a71731'),
 ('56', 'Asset', '1', '0', '2016-07-13 00:10:46', '2016-07-21 21:55:12', '43f2d0d4-2230-4a53-bc4a-3bdf49632284'),
 ('57', 'Entry', '1', '0', '2016-07-13 00:10:58', '2016-07-13 02:41:10', '4aa15a15-8b71-451d-9254-081518033a85'),
 ('58', 'Asset', '1', '0', '2016-07-13 00:15:01', '2016-07-21 21:55:12', 'edfa6b48-09e7-449a-a7f5-0ed8ebb3ace8'),
 ('59', 'Entry', '1', '0', '2016-07-13 00:15:06', '2016-07-13 02:40:08', '99ec814f-5cdb-41b2-abfe-9ae0a0fd2d0f'),
 ('60', 'Asset', '1', '0', '2016-07-13 02:33:49', '2016-07-21 21:55:13', '1a41c048-7204-4433-aaa5-7994fbd010c3'),
 ('61', 'Entry', '1', '0', '2016-07-13 02:34:22', '2016-07-13 02:49:09', 'a23a875b-ded7-4439-8fc2-3b4c9cf31819'),
 ('62', 'Asset', '1', '0', '2016-07-13 22:13:54', '2016-07-21 21:55:13', '1c936ae5-414c-42fd-87ce-8ee2c012041c'),
 ('63', 'Entry', '1', '0', '2016-07-13 22:24:50', '2016-07-14 01:38:06', 'e9c3372a-9799-49f8-8e4b-0af28b42b9f5'),
 ('64', 'Entry', '1', '0', '2016-07-14 00:23:59', '2016-07-14 00:23:59', '1e2219cb-82e1-46ac-ae31-8c2fcd2110e6'),
 ('65', 'Entry', '1', '0', '2016-07-14 00:27:20', '2016-07-14 00:27:20', '28528183-1cad-41e6-936b-ebdcbecfd29a'),
 ('66', 'Asset', '1', '0', '2016-07-14 01:37:56', '2016-07-21 21:55:14', 'e8ab849e-70f5-433d-97f8-3ae7663c9dbd'),
 ('67', 'Entry', '1', '0', '2016-07-14 16:07:01', '2016-07-14 16:07:01', '6defa9f6-e8b0-494b-8375-0923b5f9c647'),
 ('68', 'Entry', '1', '0', '2016-07-15 01:10:45', '2016-07-15 01:10:45', '938e9d88-6d3c-4345-9eec-dfd08235aa78'),
 ('69', 'Entry', '1', '0', '2016-07-31 14:24:29', '2016-07-31 14:24:29', 'cba0e897-1dd8-4dde-bdfc-565c06510610');



DROP TABLE IF EXISTS `craft_elements_i18n`;


--
-- Schema for table `craft_elements_i18n`
--
CREATE TABLE `craft_elements_i18n` (
  `id` int(11) NOT NULL AUTO_INCREMENT,
  `elementId` int(11) NOT NULL,
  `locale` char(12) COLLATE utf8_unicode_ci NOT NULL,
  `slug` varchar(255) COLLATE utf8_unicode_ci DEFAULT NULL,
  `uri` varchar(255) COLLATE utf8_unicode_ci DEFAULT NULL,
  `enabled` tinyint(1) unsigned NOT NULL DEFAULT '1',
  `dateCreated` datetime NOT NULL,
  `dateUpdated` datetime NOT NULL,
  `uid` char(36) COLLATE utf8_unicode_ci NOT NULL DEFAULT '0',
  PRIMARY KEY (`id`),
  UNIQUE KEY `craft_elements_i18n_elementId_locale_unq_idx` (`elementId`,`locale`),
  UNIQUE KEY `craft_elements_i18n_uri_locale_unq_idx` (`uri`,`locale`),
  KEY `craft_elements_i18n_slug_locale_idx` (`slug`,`locale`),
  KEY `craft_elements_i18n_enabled_idx` (`enabled`),
  KEY `craft_elements_i18n_locale_fk` (`locale`)
) ENGINE=InnoDB AUTO_INCREMENT=70 DEFAULT CHARSET=utf8 COLLATE=utf8_unicode_ci;

--
-- Data for table `craft_elements_i18n`
--

INSERT INTO `craft_elements_i18n` (`id`, `elementId`, `locale`, `slug`, `uri`, `enabled`, `dateCreated`, `dateUpdated`, `uid`) VALUES
 ('1', '1', 'en_us', '', NULL, '1', '2016-07-07 19:23:41', '2016-07-07 19:34:57', '5861e769-9655-4370-b4fc-674d72f0a16a'),
 ('2', '2', 'en_us', 'homepage', '__home__', '1', '2016-07-07 19:23:43', '2016-07-08 15:32:27', 'af341264-0c85-4f5e-8094-ead0d9ed4fe6'),
 ('4', '4', 'en_us', 'about', 'about', '1', '2016-07-08 21:35:26', '2016-07-10 17:30:59', '88227728-7bca-45aa-a3d5-e3e835dc3e92'),
 ('5', '5', 'en_us', 'gallery', 'gallery/gallery', '1', '2016-07-08 22:24:04', '2016-07-12 23:45:34', '1a863b07-1c84-4104-bd8f-24871c37da9f'),
 ('6', '6', 'en_us', 'products', 'products/products', '1', '2016-07-08 22:24:52', '2016-07-08 22:24:52', '3c147b96-fb58-4a43-acc7-dd72250b4382'),
 ('7', '7', 'en_us', 'gecko1', NULL, '1', '2016-07-09 17:07:00', '2016-07-09 17:07:16', '127b07b2-4ee0-40ea-adee-fa69dedbd5c5'),
 ('10', '10', 'en_us', 'gecko2', NULL, '1', '2016-07-09 17:47:14', '2016-07-21 21:55:13', '6346e2d1-ed5e-46bc-8f26-90a43a7f1d53'),
 ('11', '11', 'en_us', 'header-bg', NULL, '1', '2016-07-09 17:47:14', '2016-07-21 21:55:14', '3343a617-4357-465a-8457-617644d4c85c'),
 ('12', '12', 'en_us', 'leopardgecko', NULL, '1', '2016-07-09 17:47:14', '2016-07-21 21:55:14', '393a5b80-e66c-4e8a-ad48-03c9010907d9'),
 ('19', '19', 'en_us', 'gecko1', NULL, '1', '2016-07-10 16:11:33', '2016-07-21 21:55:12', '6a25fc8a-2453-45fe-b447-b28ec92e8a28'),
 ('20', '20', 'en_us', 'mr-cleo', 'sidebar/mr-cleo', '1', '2016-07-10 16:11:53', '2016-07-10 16:54:58', '7ef90c7b-326b-4c7a-83be-e740668e6f81'),
 ('22', '22', 'en_us', 'gecko1', NULL, '1', '2016-07-10 16:44:51', '2016-07-21 21:55:13', '6b391e51-1fd0-4c05-9c97-dbb06279f9ff'),
 ('24', '24', 'en_us', 'alice', 'sidebar/alice', '1', '2016-07-10 16:46:40', '2016-07-10 16:50:58', '312696af-eebf-4809-963d-d2e1e734199b'),
 ('25', '25', 'en_us', 'hayday', 'sidebar/hayday', '1', '2016-07-10 16:46:54', '2016-07-31 14:31:22', 'bac6aef9-8fc1-4c62-8d5c-174775951b77'),
 ('26', '26', 'en_us', 'alice', NULL, '1', '2016-07-10 16:50:51', '2016-07-21 21:55:11', '33b113ff-ab85-4e5f-ad3a-4a9259ab6016'),
 ('27', '27', 'en_us', 'hayday', NULL, '1', '2016-07-10 16:51:36', '2016-07-21 21:55:11', 'bb4fc229-69ce-45ab-8fdf-867c04239c90'),
 ('28', '28', 'en_us', 'mrcleo', NULL, '1', '2016-07-10 16:54:53', '2016-07-21 21:55:12', 'f0ae08ff-3854-4579-8847-b573f6043279'),
 ('29', '29', 'en_us', 'gecko3', NULL, '1', '2016-07-10 17:30:05', '2016-07-21 21:55:13', 'c43b6dc2-5e49-480e-b1d7-a8afc03bbd77'),
 ('30', '30', 'en_us', 'orb1', 'orbs/orb1', '1', '2016-07-10 18:45:08', '2016-07-10 22:43:38', '33e94702-a0d5-43ce-9a19-d9b2efb7fb5c'),
 ('31', '31', 'en_us', 'orb2', 'orbs/orb2', '1', '2016-07-10 19:12:17', '2016-07-10 22:35:45', '999151c5-a105-4869-959f-19b02122de7b'),
 ('32', '32', 'en_us', 'orb3', 'orbs/orb3', '1', '2016-07-10 19:17:03', '2016-07-10 22:53:06', '8617d597-0f7b-48e4-8623-b2ba4a03b639'),
 ('34', '34', 'en_us', 'leopard-gecko-food', 'articles/leopard-gecko-food', '1', '2016-07-11 19:07:03', '2016-07-11 21:06:31', 'b69cf899-a4de-4d0f-8fbe-1394b5331544'),
 ('35', '35', 'en_us', 'habitat-and-environment', 'articles/habitat-and-environment', '1', '2016-07-11 19:07:56', '2016-07-11 20:11:01', '934210fd-d6c5-4390-99de-a3b93602245a'),
 ('36', '36', 'en_us', 'leopard-gecko-breeding', 'articles/leopard-gecko-breeding', '1', '2016-07-11 19:08:26', '2016-07-11 20:11:01', '1b8fd383-d2fe-49a7-8e38-ebc9939ef857'),
 ('37', '37', 'en_us', 'sexing-leopard-geckos', 'articles/sexing-leopard-geckos', '1', '2016-07-11 19:29:06', '2016-07-11 20:11:01', '4bf7e23b-7f2f-4c34-ae3a-669128e3608b'),
 ('38', '38', 'en_us', 'thumb1', NULL, '1', '2016-07-11 19:30:14', '2016-07-21 21:55:14', '1f45282f-b8ed-488c-9924-ab5f3ae34820'),
 ('39', '39', 'en_us', 'thumb2', NULL, '1', '2016-07-11 19:30:15', '2016-07-21 21:55:14', 'bc6dac06-e746-4d6c-9260-ab299abe9e10'),
 ('40', '40', 'en_us', 'thumb3', NULL, '1', '2016-07-11 19:30:15', '2016-07-21 21:55:14', '1bf22f0f-88aa-4a93-9b0d-0e65e8adc60c'),
 ('41', '41', 'en_us', 'thumb4', NULL, '1', '2016-07-11 19:30:15', '2016-07-21 21:55:14', '4efe5e0f-39bd-47bd-89ff-cade4e283525'),
 ('42', '42', 'en_us', 'leopard-gecko-books', 'articles/leopard-gecko-books', '1', '2016-07-11 19:31:39', '2016-07-11 20:11:02', 'f0707af8-0e44-4365-8d88-2c91c5ed3e8c'),
 ('43', '43', 'en_us', 'leopard-gecko-safety', 'articles/leopard-gecko-safety', '1', '2016-07-11 19:32:45', '2016-07-11 20:11:02', 'c360aa04-60e8-4b98-b74a-c8f97516150a'),
 ('44', '44', 'en_us', 'technology-for-leopard-geckos', 'articles/technology-for-leopard-geckos', '1', '2016-07-11 19:33:53', '2016-07-11 20:11:02', '8428c349-43ae-4e7b-9222-cdc2701f9f4c'),
 ('45', '45', 'en_us', 'caring-for-leopard-geckos', 'articles/caring-for-leopard-geckos', '1', '2016-07-11 19:35:03', '2016-07-11 20:11:02', '79c77b7d-0994-4502-9ae2-145f114f2426'),
 ('46', '46', 'en_us', 'geckofood', NULL, '1', '2016-07-11 20:43:28', '2016-07-21 21:55:11', '6bac889f-772e-4c88-b487-7955c62d62ad'),
 ('47', '47', 'en_us', 'gecko-feeding', NULL, '1', '2016-07-12 01:37:37', '2016-07-21 21:55:13', 'a4b7a7aa-f5cf-400a-9283-34818dcfb440'),
 ('48', '48', 'en_us', 'gallery2', NULL, '1', '2016-07-12 16:53:37', '2016-07-21 21:55:12', 'ff725cb1-1da5-4db3-b584-0a2b8ca534f8'),
 ('49', '49', 'en_us', 'gecko-black-bg', 'gallery/gecko-black-bg', '1', '2016-07-12 16:54:55', '2016-07-12 23:45:20', '58a776fe-a04c-45da-aacc-dc96c0454110'),
 ('50', '50', 'en_us', 'gallery3', NULL, '1', '2016-07-12 17:12:52', '2016-07-21 21:55:12', '107c7067-df75-4d3b-980d-f488df96885b'),
 ('51', '51', 'en_us', 'mr-cleo', 'gallery/mr-cleo', '1', '2016-07-12 17:13:59', '2016-07-13 00:01:15', 'f51ca9c4-e5e7-4045-89e8-f07450442719'),
 ('52', '52', 'en_us', 'mealworms', NULL, '1', '2016-07-12 22:04:49', '2016-07-21 21:55:13', '39a49bf7-b7a2-44ce-938b-29f219e23394'),
 ('53', '53', 'en_us', 'meal-worms', 'gallery/meal-worms', '1', '2016-07-12 22:04:53', '2016-07-12 23:44:52', '5bb85661-49f7-4717-baeb-4d02912a21a7'),
 ('54', '54', 'en_us', 'gallery4', NULL, '1', '2016-07-13 00:03:18', '2016-07-21 21:55:12', '1142cf8e-6fce-4537-a40d-1c59e4d6d02e'),
 ('55', '55', 'en_us', 'example-2', 'gallery/example-2', '1', '2016-07-13 00:03:25', '2016-07-13 00:03:25', '4be3776f-ea87-4650-9d8f-640eedcfa16e'),
 ('56', '56', 'en_us', 'gallery5', NULL, '1', '2016-07-13 00:10:46', '2016-07-21 21:55:12', 'a36a4336-7e7c-4a71-b93e-5fa005227ea5'),
 ('57', '57', 'en_us', 'breeding', 'gallery/breeding', '1', '2016-07-13 00:10:59', '2016-07-13 02:41:10', 'f8e81855-8580-4d07-918d-230eae7f87b4'),
 ('58', '58', 'en_us', 'gallery6', NULL, '1', '2016-07-13 00:15:01', '2016-07-21 21:55:12', '404d144e-7dfa-40bd-b5c1-421946c619f2'),
 ('59', '59', 'en_us', 'shedding', 'gallery/shedding', '1', '2016-07-13 00:15:06', '2016-07-13 02:40:08', 'a4321983-35c5-4d6b-be11-868946e62cd8'),
 ('60', '60', 'en_us', 'gallery7', NULL, '1', '2016-07-13 02:33:49', '2016-07-21 21:55:13', '1398380e-2801-41e1-b95a-bb3da9c5b848'),
 ('61', '61', 'en_us', 'gallery-7', 'gallery/gallery-7', '1', '2016-07-13 02:34:22', '2016-07-13 02:49:09', '4b8004f4-d730-4429-946d-16341fd3c277'),
 ('62', '62', 'en_us', 'gallery-bg', NULL, '1', '2016-07-13 22:13:54', '2016-07-21 21:55:13', 'f0c9b41e-3c2b-468d-8a3d-e5d4ed376d7c'),
 ('63', '63', 'en_us', 'we-just-installed-craft-cms', 'news/2016/we-just-installed-craft-cms', '1', '2016-07-13 22:24:50', '2016-07-14 01:38:06', 'df7fe8f1-444d-4f65-aec3-569bf5dfc24a'),
 ('64', '64', 'en_us', 'news-test-1', 'news/2016/news-test-1', '1', '2016-07-14 00:23:59', '2016-07-14 00:23:59', '140a6be4-ccf5-4cfb-ad88-7e9931179ccd'),
 ('65', '65', 'en_us', 'news-test-2', 'news/2016/news-test-2', '1', '2016-07-14 00:27:20', '2016-07-14 00:27:20', 'e92409e1-e8db-4ce4-9480-4d1eef9d5d25'),
 ('66', '66', 'en_us', 'craftcms-red', NULL, '1', '2016-07-14 01:37:56', '2016-07-21 21:55:14', '8215574a-4cbb-4e27-80ef-8a3ceead9cc5'),
 ('67', '67', 'en_us', 'news-test-3', 'news/2016/news-test-3', '1', '2016-07-14 16:07:01', '2016-07-14 16:07:01', '2a08c9ee-fee3-45b6-bd80-378ed136f8e9'),
 ('68', '68', 'en_us', 'news-test-four', 'news/2016/news-test-four', '1', '2016-07-15 01:10:45', '2016-07-15 01:10:45', 'fb9cdcff-e63c-4b08-a371-34036d5c99a9'),
 ('69', '69', 'en_us', 'test-101', 'gallery/test-101', '1', '2016-07-31 14:24:29', '2016-07-31 14:24:29', 'd11555f1-08ad-457d-9564-d515a52be1d3');



DROP TABLE IF EXISTS `craft_emailmessages`;


--
-- Schema for table `craft_emailmessages`
--
CREATE TABLE `craft_emailmessages` (
  `id` int(11) NOT NULL AUTO_INCREMENT,
  `key` char(150) COLLATE utf8_unicode_ci NOT NULL,
  `locale` char(12) COLLATE utf8_unicode_ci NOT NULL,
  `subject` varchar(1000) COLLATE utf8_unicode_ci NOT NULL,
  `body` text COLLATE utf8_unicode_ci NOT NULL,
  `dateCreated` datetime NOT NULL,
  `dateUpdated` datetime NOT NULL,
  `uid` char(36) COLLATE utf8_unicode_ci NOT NULL DEFAULT '0',
  PRIMARY KEY (`id`),
  UNIQUE KEY `craft_emailmessages_key_locale_unq_idx` (`key`,`locale`),
  KEY `craft_emailmessages_locale_fk` (`locale`)
) ENGINE=InnoDB DEFAULT CHARSET=utf8 COLLATE=utf8_unicode_ci;

DROP TABLE IF EXISTS `craft_entries`;


--
-- Schema for table `craft_entries`
--
CREATE TABLE `craft_entries` (
  `id` int(11) NOT NULL,
  `sectionId` int(11) NOT NULL,
  `typeId` int(11) DEFAULT NULL,
  `authorId` int(11) DEFAULT NULL,
  `postDate` datetime DEFAULT NULL,
  `expiryDate` datetime DEFAULT NULL,
  `dateCreated` datetime NOT NULL,
  `dateUpdated` datetime NOT NULL,
  `uid` char(36) COLLATE utf8_unicode_ci NOT NULL DEFAULT '0',
  PRIMARY KEY (`id`),
  KEY `craft_entries_sectionId_idx` (`sectionId`),
  KEY `craft_entries_typeId_idx` (`typeId`),
  KEY `craft_entries_postDate_idx` (`postDate`),
  KEY `craft_entries_expiryDate_idx` (`expiryDate`),
  KEY `craft_entries_authorId_fk` (`authorId`)
) ENGINE=InnoDB DEFAULT CHARSET=utf8 COLLATE=utf8_unicode_ci;

--
-- Data for table `craft_entries`
--

INSERT INTO `craft_entries` (`id`, `sectionId`, `typeId`, `authorId`, `postDate`, `expiryDate`, `dateCreated`, `dateUpdated`, `uid`) VALUES
 ('2', '1', NULL, NULL, '2016-07-07 19:23:43', NULL, '2016-07-07 19:23:43', '2016-07-08 15:32:27', '3cb68b5e-566d-4c2d-b01e-1e2a6c79a041'),
 ('4', '5', NULL, NULL, '2016-07-08 21:35:26', NULL, '2016-07-08 21:35:26', '2016-07-10 17:30:59', '2ab21ed7-1760-4092-95e7-33e453e7cf2c'),
 ('5', '6', '6', '1', '2016-07-08 22:24:00', NULL, '2016-07-08 22:24:04', '2016-07-12 23:45:34', 'e0e4d69d-a727-4ac1-be59-64951f411430'),
 ('6', '7', '7', '1', '2016-07-08 22:24:52', NULL, '2016-07-08 22:24:52', '2016-07-08 22:24:52', '14e98df0-0ec3-4ba2-8c96-e959beaecf84'),
 ('20', '8', '8', '1', '2016-07-10 16:11:00', NULL, '2016-07-10 16:11:53', '2016-07-10 16:54:58', 'eadf8388-6dde-4f26-89a5-0ceb94372ee0'),
 ('24', '8', '8', '1', '2016-07-10 16:46:00', NULL, '2016-07-10 16:46:40', '2016-07-10 16:50:58', 'a2baae02-c65e-4365-9e55-6e53d258f4cb'),
 ('25', '8', '8', '1', '2016-07-10 16:46:00', NULL, '2016-07-10 16:46:55', '2016-07-10 16:51:43', '5f00236b-bb04-43b4-b33a-8b068db2cbdc'),
 ('30', '9', '9', '1', '2016-07-10 18:45:00', NULL, '2016-07-10 18:45:08', '2016-07-10 22:43:38', '22e6ac6c-64b5-4d8e-bc42-e8ee4822dbf3'),
 ('31', '9', '9', '1', '2016-07-10 19:12:00', NULL, '2016-07-10 19:12:17', '2016-07-10 22:35:45', 'b6130200-52a1-4b26-9640-170587b966a9'),
 ('32', '9', '9', '1', '2016-07-10 19:17:00', NULL, '2016-07-10 19:17:03', '2016-07-10 22:53:06', '9ae06f90-cf26-4143-a54f-8375cda285dc'),
 ('34', '13', '13', '1', '2016-07-11 19:07:00', NULL, '2016-07-11 19:07:03', '2016-07-11 21:06:31', '7c268dd0-9b54-4f97-a53e-c23194f6f660'),
 ('35', '13', '13', '1', '2016-07-11 19:07:56', NULL, '2016-07-11 19:07:56', '2016-07-11 19:07:56', '625b120a-0cf2-4deb-8630-1edfbc1cbcdc'),
 ('36', '13', '13', '1', '2016-07-11 19:08:26', NULL, '2016-07-11 19:08:26', '2016-07-11 19:08:26', '5c4d3d79-7abc-4141-afef-2b19d8df1549'),
 ('37', '13', '13', '1', '2016-07-11 19:29:06', NULL, '2016-07-11 19:29:06', '2016-07-11 19:29:06', '47c02cde-2c87-42b4-b294-e5fe4beeeae1'),
 ('42', '13', '13', '1', '2016-07-11 19:31:39', NULL, '2016-07-11 19:31:39', '2016-07-11 19:31:39', 'b416c748-3faf-4f3e-bec4-f6fab649306b'),
 ('43', '13', '13', '1', '2016-07-11 19:32:45', NULL, '2016-07-11 19:32:45', '2016-07-11 19:32:45', 'ef4507f1-3446-4bac-9cca-5cdd81cf409a'),
 ('44', '13', '13', '1', '2016-07-11 19:33:53', NULL, '2016-07-11 19:33:53', '2016-07-11 19:33:53', 'b1d465d3-debe-4f68-a999-3cc01eefbc83'),
 ('45', '13', '13', '1', '2016-07-11 19:35:03', NULL, '2016-07-11 19:35:03', '2016-07-11 19:35:03', 'e9425888-51dd-4d91-a7ea-7efcc5f64054'),
 ('49', '6', '6', '1', '2016-07-12 16:54:00', NULL, '2016-07-12 16:54:55', '2016-07-12 23:45:20', 'c6d93cee-bef5-48a4-87af-ff5839d437b8'),
 ('51', '6', '6', '1', '2016-07-12 17:13:00', NULL, '2016-07-12 17:13:59', '2016-07-13 00:01:15', 'ecfd6d6e-ec21-431e-abcb-08547be6de79'),
 ('53', '6', '6', '1', '2016-07-12 22:04:00', NULL, '2016-07-12 22:04:53', '2016-07-12 23:44:52', 'e19f2326-762d-4fe7-bef5-074761fad68e'),
 ('55', '6', '6', '1', '2016-07-13 00:03:25', NULL, '2016-07-13 00:03:25', '2016-07-13 00:03:25', 'a776bfe4-7b8e-4db3-b1b2-6b2250d4abf7'),
 ('57', '6', '6', '1', '2016-07-13 00:10:00', NULL, '2016-07-13 00:10:59', '2016-07-13 02:41:10', '93972f8e-5447-4fbd-b621-e392fbc77b9e'),
 ('59', '6', '6', '1', '2016-07-13 00:15:00', NULL, '2016-07-13 00:15:06', '2016-07-13 02:40:08', 'efa0e8e9-d808-42f0-b7a5-7e41b2685d9d'),
 ('61', '6', '6', '1', '2016-07-13 02:34:00', NULL, '2016-07-13 02:34:22', '2016-07-13 02:49:09', 'f9c04dd1-1671-4fb5-9852-4515609a3f99'),
 ('63', '2', '2', '1', '2016-07-13 22:24:00', NULL, '2016-07-13 22:24:50', '2016-07-14 01:38:06', '3009d72e-3458-4da8-a0df-cdf3b83e104d'),
 ('64', '2', '2', '1', '2016-07-14 00:23:59', NULL, '2016-07-14 00:23:59', '2016-07-14 00:23:59', '5ac7e4d4-7cf7-4d25-9798-3e49cf9d895b'),
 ('65', '2', '2', '1', '2016-07-14 00:27:20', NULL, '2016-07-14 00:27:20', '2016-07-14 00:27:20', '028ead53-329a-4a53-ab8f-70c4be4ed8c4'),
 ('67', '2', '2', '1', '2016-07-14 16:07:01', NULL, '2016-07-14 16:07:01', '2016-07-14 16:07:01', 'd08b44dd-a7c4-46b1-bd5b-777ce6df099d'),
 ('68', '2', '2', '1', '2016-07-15 01:10:45', NULL, '2016-07-15 01:10:45', '2016-07-15 01:10:45', '583d1488-c682-4a9b-961a-764a96a1f878'),
 ('69', '6', '6', '1', '2016-07-31 14:24:29', NULL, '2016-07-31 14:24:29', '2016-07-31 14:24:29', 'f660145f-fda3-4683-ae42-da1ed0ea42b5');



DROP TABLE IF EXISTS `craft_entrydrafts`;


--
-- Schema for table `craft_entrydrafts`
--
CREATE TABLE `craft_entrydrafts` (
  `id` int(11) NOT NULL AUTO_INCREMENT,
  `entryId` int(11) NOT NULL,
  `sectionId` int(11) NOT NULL,
  `creatorId` int(11) NOT NULL,
  `locale` char(12) COLLATE utf8_unicode_ci NOT NULL,
  `name` varchar(255) COLLATE utf8_unicode_ci NOT NULL,
  `notes` tinytext COLLATE utf8_unicode_ci,
  `data` mediumtext COLLATE utf8_unicode_ci NOT NULL,
  `dateCreated` datetime NOT NULL,
  `dateUpdated` datetime NOT NULL,
  `uid` char(36) COLLATE utf8_unicode_ci NOT NULL DEFAULT '0',
  PRIMARY KEY (`id`),
  KEY `craft_entrydrafts_entryId_locale_idx` (`entryId`,`locale`),
  KEY `craft_entrydrafts_sectionId_fk` (`sectionId`),
  KEY `craft_entrydrafts_creatorId_fk` (`creatorId`),
  KEY `craft_entrydrafts_locale_fk` (`locale`)
) ENGINE=InnoDB DEFAULT CHARSET=utf8 COLLATE=utf8_unicode_ci;

DROP TABLE IF EXISTS `craft_entrytypes`;


--
-- Schema for table `craft_entrytypes`
--
CREATE TABLE `craft_entrytypes` (
  `id` int(11) NOT NULL AUTO_INCREMENT,
  `sectionId` int(11) NOT NULL,
  `fieldLayoutId` int(11) DEFAULT NULL,
  `name` varchar(255) COLLATE utf8_unicode_ci NOT NULL,
  `handle` varchar(255) COLLATE utf8_unicode_ci NOT NULL,
  `hasTitleField` tinyint(1) unsigned NOT NULL DEFAULT '1',
  `titleLabel` varchar(255) COLLATE utf8_unicode_ci DEFAULT 'Title',
  `titleFormat` varchar(255) COLLATE utf8_unicode_ci DEFAULT NULL,
  `sortOrder` smallint(6) unsigned DEFAULT NULL,
  `dateCreated` datetime NOT NULL,
  `dateUpdated` datetime NOT NULL,
  `uid` char(36) COLLATE utf8_unicode_ci NOT NULL DEFAULT '0',
  PRIMARY KEY (`id`),
  UNIQUE KEY `craft_entrytypes_name_sectionId_unq_idx` (`name`,`sectionId`),
  UNIQUE KEY `craft_entrytypes_handle_sectionId_unq_idx` (`handle`,`sectionId`),
  KEY `craft_entrytypes_sectionId_fk` (`sectionId`),
  KEY `craft_entrytypes_fieldLayoutId_fk` (`fieldLayoutId`)
) ENGINE=InnoDB AUTO_INCREMENT=14 DEFAULT CHARSET=utf8 COLLATE=utf8_unicode_ci;

--
-- Data for table `craft_entrytypes`
--

INSERT INTO `craft_entrytypes` (`id`, `sectionId`, `fieldLayoutId`, `name`, `handle`, `hasTitleField`, `titleLabel`, `titleFormat`, `sortOrder`, `dateCreated`, `dateUpdated`, `uid`) VALUES
 ('1', '1', '3', 'Homepage', 'homepage', '1', 'Title', NULL, NULL, '2016-07-07 19:23:43', '2016-07-07 19:23:43', 'f2dd28c0-a071-4a9b-92f5-45360bba096b'),
 ('2', '2', '49', 'News', 'news', '1', 'Title', NULL, NULL, '2016-07-07 19:23:43', '2016-07-13 21:43:42', 'f8cca7f5-994f-4c30-b66a-8691ea82beb9'),
 ('4', '4', '11', 'Blog', 'blog', '1', 'Title', NULL, NULL, '2016-07-08 21:20:25', '2016-07-08 22:10:52', 'a355103c-6c3f-40f9-a330-4570b6dcc298'),
 ('5', '5', '17', 'About', 'about', '0', NULL, '{section.name|raw}', NULL, '2016-07-08 21:35:26', '2016-07-09 17:24:55', '8382b438-2e56-40cb-98a5-93f1801e47e7'),
 ('6', '6', '48', 'Gallery', 'gallery', '1', 'Title', NULL, NULL, '2016-07-08 21:52:25', '2016-07-13 02:38:11', 'f79c7ef8-5ba8-442c-b9d2-ae9f4beaa825'),
 ('7', '7', '12', 'Products', 'products', '1', 'Title', NULL, NULL, '2016-07-08 22:17:03', '2016-07-08 22:17:03', '2a9fa4c4-c0d9-4733-8479-dcce66f9ebe3'),
 ('8', '8', '33', 'Sidebar', 'sidebar', '1', 'Title', NULL, NULL, '2016-07-10 15:32:49', '2016-07-10 15:34:24', '7bd00eb5-51fe-4437-a65e-9535664b5377'),
 ('9', '9', '37', 'Orbs', 'orbs', '1', 'Title', NULL, NULL, '2016-07-10 18:28:37', '2016-07-10 22:28:05', 'ed1ba9d0-bfdc-4c94-9623-c189cfab794e'),
 ('10', '10', '40', 'food', 'food', '1', 'Title', NULL, NULL, '2016-07-11 00:00:01', '2016-07-11 01:58:14', 'e6e2e4c4-9f3e-46c6-a0f4-cb6021020f45'),
 ('11', '11', '39', 'GeckoHabitat', 'geckohabitat', '1', 'Title', NULL, NULL, '2016-07-11 01:05:18', '2016-07-11 01:05:18', '211c880e-f330-4375-83ba-588bd498cda1'),
 ('13', '13', '45', 'Articles', 'articles', '1', 'Title', NULL, NULL, '2016-07-11 18:56:22', '2016-07-11 19:05:46', '26d0c9c1-e86d-4119-9bf5-bbebde6d129f');



DROP TABLE IF EXISTS `craft_entryversions`;


--
-- Schema for table `craft_entryversions`
--
CREATE TABLE `craft_entryversions` (
  `id` int(11) NOT NULL AUTO_INCREMENT,
  `entryId` int(11) NOT NULL,
  `sectionId` int(11) NOT NULL,
  `creatorId` int(11) DEFAULT NULL,
  `locale` char(12) COLLATE utf8_unicode_ci NOT NULL,
  `num` smallint(6) unsigned NOT NULL,
  `notes` tinytext COLLATE utf8_unicode_ci,
  `data` mediumtext COLLATE utf8_unicode_ci NOT NULL,
  `dateCreated` datetime NOT NULL,
  `dateUpdated` datetime NOT NULL,
  `uid` char(36) COLLATE utf8_unicode_ci NOT NULL DEFAULT '0',
  PRIMARY KEY (`id`),
  KEY `craft_entryversions_entryId_locale_idx` (`entryId`,`locale`),
  KEY `craft_entryversions_sectionId_fk` (`sectionId`),
  KEY `craft_entryversions_creatorId_fk` (`creatorId`),
  KEY `craft_entryversions_locale_fk` (`locale`)
) ENGINE=InnoDB AUTO_INCREMENT=102 DEFAULT CHARSET=utf8 COLLATE=utf8_unicode_ci;

--
-- Data for table `craft_entryversions`
--

INSERT INTO `craft_entryversions` (`id`, `entryId`, `sectionId`, `creatorId`, `locale`, `num`, `notes`, `data`, `dateCreated`, `dateUpdated`, `uid`) VALUES
 ('1', '2', '1', '1', 'en_us', '1', NULL, '{\"typeId\":\"1\",\"authorId\":null,\"title\":\"Homepage\",\"slug\":\"homepage\",\"postDate\":1467919423,\"expiryDate\":null,\"enabled\":1,\"parentId\":null,\"fields\":[]}', '2016-07-07 19:23:43', '2016-07-07 19:23:43', '8da77bc5-078e-4b66-b6a4-75c2cce44785'),
 ('2', '2', '1', '1', 'en_us', '2', NULL, '{\"typeId\":null,\"authorId\":null,\"title\":\"Welcome to Localhost!\",\"slug\":\"homepage\",\"postDate\":1467919423,\"expiryDate\":null,\"enabled\":\"1\",\"parentId\":null,\"fields\":{\"1\":\"<p>It\\u2019s true, this site doesn\\u2019t have a whole lot of content yet, but don\\u2019t worry. Our web developers have just installed the CMS, and they\\u2019re setting things up for the content editors this very moment. Soon Localhost will be an oasis of fresh perspectives, sharp analyses, and astute opinions that will keep you coming back again and again.<\\/p>\"}}', '2016-07-07 19:23:43', '2016-07-07 19:23:43', '76759a64-935c-4c03-8f7a-c2b82d0cc47f'),
 ('4', '2', '1', '1', 'en_us', '3', '', '{\"typeId\":null,\"authorId\":null,\"title\":\"Welcome to Leo Gecko!\",\"slug\":\"homepage\",\"postDate\":1467919423,\"expiryDate\":null,\"enabled\":1,\"parentId\":null,\"fields\":{\"1\":\"<p>It\\u2019s true, this site doesn\\u2019t have a whole lot of content yet, but don\\u2019t worry. We have just installed the CMS, and we\\u2019re setting things up for the content editors this very moment. Soon Leo Gecko&nbsp;will be an oasis of fresh perspectives, sharp analyses, and astute opinions that will keep you coming back again and again and again!<\\/p>\"}}', '2016-07-08 15:32:27', '2016-07-08 15:32:27', '7b3bb050-b4f8-41b0-80d8-9c4e3f7d529d'),
 ('5', '4', '5', '1', 'en_us', '1', NULL, '{\"typeId\":\"5\",\"authorId\":null,\"title\":\"About\",\"slug\":\"about\",\"postDate\":1468013726,\"expiryDate\":null,\"enabled\":1,\"parentId\":null,\"fields\":[]}', '2016-07-08 21:35:26', '2016-07-08 21:35:26', '07ead557-cc3e-4587-b89c-d722bd198481'),
 ('6', '5', '6', '1', 'en_us', '1', '', '{\"typeId\":null,\"authorId\":\"1\",\"title\":\"Gallery\",\"slug\":\"gallery\",\"postDate\":1468016644,\"expiryDate\":null,\"enabled\":1,\"parentId\":null,\"fields\":[]}', '2016-07-08 22:24:04', '2016-07-08 22:24:04', '8de9c3e7-3869-45ac-a363-d8e39e67497b'),
 ('7', '6', '7', '1', 'en_us', '1', '', '{\"typeId\":null,\"authorId\":\"1\",\"title\":\"Products\",\"slug\":\"products\",\"postDate\":1468016692,\"expiryDate\":null,\"enabled\":1,\"parentId\":null,\"fields\":[]}', '2016-07-08 22:24:52', '2016-07-08 22:24:52', '0723820a-97f9-4d38-bf16-ee58dae99a1b'),
 ('8', '4', '5', '1', 'en_us', '2', '', '{\"typeId\":null,\"authorId\":null,\"title\":\"About\",\"slug\":\"about\",\"postDate\":1468013726,\"expiryDate\":null,\"enabled\":1,\"parentId\":null,\"fields\":{\"1\":\"<p>There\'s nothing unique about us. In fact, we\'re probably just like you, having a love for reptiles and an overbearing desire to love the oh-so personable leopard gecko. We are not breeders or specialists in any way. We\'ve learned by trial, error and the internet. So, much that our geckos live in a technologically advanced environment.<\\/p><p>We decided to start blogging after many began contacting us and asking a ton of questions. I love answering those questions but it became so time consuming none of us&nbsp;could&nbsp;keep up. Additionally, a lot of the questions and comments we began receiving didn\'t make sense to us so a blog was born.<\\/p><p>You\'re more than welcome to take what interest you but please give of us a shout-out if your using our content elsewhere. Leave the rest at the curb for someone else. Remember, we are not experts and have several $300 vet bills to prove it!<\\/p>\",\"2\":\"\"}}', '2016-07-09 16:41:00', '2016-07-09 16:41:00', '03c4374b-e1db-47f2-94fb-1bbf1e4a4891'),
 ('9', '4', '5', '1', 'en_us', '3', '', '{\"typeId\":null,\"authorId\":null,\"title\":\"About\",\"slug\":\"about\",\"postDate\":1468013726,\"expiryDate\":null,\"enabled\":1,\"parentId\":null,\"fields\":{\"1\":\"<p>There\'s nothing unique about us. In fact, we\'re probably just like you, having a love for reptiles and an overbearing desire to love the oh-so personable leopard gecko. We are not breeders or specialists in any way. We\'ve learned by trial, error and the internet. So&nbsp;much that we like to think&nbsp;our geckos live in a technologically advanced environment.<\\/p>\\r\\n\\r\\n<p>We decided to start blogging after many began contacting us and asking a ton of questions. I love answering those questions but it became so time consuming none of us&nbsp;could&nbsp;keep up. Additionally, a lot of the questions and comments we began receiving didn\'t make sense to us so a blog was born.<\\/p>\\r\\n\\r\\n<p>You\'re more than welcome to take what interest you but please give of us a shout-out if your using our content elsewhere. Leave the rest at the curb for someone else. Remember, we are not experts and have several $300 vet bills to prove it!<\\/p>\",\"2\":\"\"}}', '2016-07-09 16:42:02', '2016-07-09 16:42:02', '58133cc3-5556-425a-bf8f-9f0b4dc92d68'),
 ('10', '4', '5', '1', 'en_us', '4', '', '{\"typeId\":null,\"authorId\":null,\"title\":\"About\",\"slug\":\"about\",\"postDate\":1468013726,\"expiryDate\":null,\"enabled\":1,\"parentId\":null,\"fields\":{\"1\":\"<p>There\'s nothing unique about us. In fact, we\'re probably just like you, having a love for reptiles and an overbearing desire to love the oh-so personable leopard gecko. We are not breeders or specialists in any way. We\'ve learned by trial, error and the internet. So&nbsp;much that we like to think&nbsp;our geckos live in a technologically advanced environment.<\\/p>\\r\\n\\r\\n<p>We decided to start blogging after many began contacting us and asking a ton of questions. I love answering those questions but it became so time consuming none of us&nbsp;could&nbsp;keep up. Additionally, a lot of the questions and comments we began receiving didn\'t make sense to us so a blog was born.<\\/p>\\r\\n\\r\\n\\r\\n\\r\\n<p>You\'re more than welcome to take what interest you but please give of us a shout-out if your using our content elsewhere. Leave the rest at the curb for someone else. Remember, we are not experts and have several $300 vet bills to prove it!<\\/p>\",\"6\":[\"7\"],\"5\":\"Hayday\",\"2\":\"\"}}', '2016-07-09 17:07:16', '2016-07-09 17:07:16', '144a086e-01c6-4415-af94-ebd354187623'),
 ('11', '4', '5', '1', 'en_us', '5', '', '{\"typeId\":null,\"authorId\":null,\"title\":\"About\",\"slug\":\"about\",\"postDate\":1468013726,\"expiryDate\":null,\"enabled\":1,\"parentId\":null,\"fields\":{\"1\":\"<p>There\'s nothing unique about us. In fact, we\'re probably just like you, having a love for reptiles and an overbearing desire to love the oh-so personable leopard gecko. We are not breeders or specialists in any way. We\'ve learned by trial, error and the internet. So&nbsp;much that we like to think&nbsp;our geckos live in a technologically advanced environment.<\\/p>\\r\\n\\r\\n<p>We decided to start blogging after many began contacting us and asking a ton of questions. I love answering those questions but it became so time consuming none of us&nbsp;could&nbsp;keep up. Additionally, a lot of the questions and comments we began receiving didn\'t make sense to us so a blog was born.<\\/p>\\r\\n\\r\\n\\r\\n\\r\\n\\r\\n\\r\\n<p>You\'re more than welcome to take what interest you but please give of us a shout-out if your using our content elsewhere. Leave the rest at the curb for someone else. Remember, we are not experts and have several $300 vet bills to prove it!<\\/p>\",\"6\":\"\",\"5\":\"\",\"2\":\"\"}}', '2016-07-09 17:23:56', '2016-07-09 17:23:56', '83608c01-8f8b-4af1-a4d7-7732753b47e6'),
 ('12', '4', '5', '1', 'en_us', '6', '', '{\"typeId\":null,\"authorId\":null,\"title\":\"About\",\"slug\":\"about\",\"postDate\":1468013726,\"expiryDate\":null,\"enabled\":1,\"parentId\":null,\"fields\":{\"1\":\"<p>There\'s nothing unique about us. In fact, we\'re probably just like you, having a love for reptiles and an overbearing desire to love the oh-so personable leopard gecko. We are not breeders or specialists in any way. We\'ve learned by trial, error and the internet. So&nbsp;much that we like to think&nbsp;our geckos live in a technologically advanced environment.<\\/p>\\r\\n\\r\\n<p>We decided to start blogging after many began contacting us and asking a ton of questions. I love answering those questions but it became so time consuming none of us&nbsp;could&nbsp;keep up. Additionally, a lot of the questions and comments we began receiving didn\'t make sense to us so a blog was born.<\\/p>\\r\\n\\r\\n\\r\\n\\r\\n\\r\\n\\r\\n\\r\\n\\r\\n<p>You\'re more than welcome to take what interest you but please give of us a shout-out if your using our content elsewhere. Leave the rest at the curb for someone else. Remember, we are not experts and have several $300 vet bills to prove it!<\\/p>\",\"7\":[\"9\"],\"2\":\"\"}}', '2016-07-09 17:49:18', '2016-07-09 17:49:18', '8a054c71-4641-4ad9-a1b1-5ea656cf1310'),
 ('13', '4', '5', '1', 'en_us', '7', '', '{\"typeId\":null,\"authorId\":null,\"title\":\"About\",\"slug\":\"about\",\"postDate\":1468013726,\"expiryDate\":null,\"enabled\":1,\"parentId\":null,\"fields\":{\"1\":\"<p>There\'s nothing unique about us. In fact, we\'re probably just like you, having a love for reptiles and an overbearing desire to love the oh-so personable leopard gecko. We are not breeders or specialists in any way. We\'ve learned by trial, error and the internet. So&nbsp;much that we like to think&nbsp;our geckos live in a technologically advanced environment.<\\/p>\\r\\n\\r\\n<p>We decided to start blogging after many began contacting us and asking a ton of questions. I love answering those questions but it became so time consuming none of us&nbsp;could&nbsp;keep up. Additionally, a lot of the questions and comments we began receiving didn\'t make sense to us so a blog was born.<\\/p>\\r\\n\\r\\n\\r\\n\\r\\n\\r\\n\\r\\n\\r\\n\\r\\n\\r\\n\\r\\n<p>You\'re more than welcome to take what interest you but please give of us a shout-out if your using our content elsewhere. Leave the rest at the curb for someone else. Remember, we are not experts and have several $300 vet bills to prove it!<\\/p>\",\"7\":\"\",\"2\":\"\"}}', '2016-07-09 19:37:45', '2016-07-09 19:37:45', 'd05d3abf-7d0a-49f6-a293-a64d6b2be4ad'),
 ('14', '4', '5', '1', 'en_us', '8', '', '{\"typeId\":null,\"authorId\":null,\"title\":\"About\",\"slug\":\"about\",\"postDate\":1468013726,\"expiryDate\":null,\"enabled\":1,\"parentId\":null,\"fields\":{\"1\":\"<p>There\'s nothing unique about us. In fact, we\'re probably just like you, having a love for reptiles and an overbearing desire to love the oh-so personable leopard gecko. We are not breeders or specialists in any way. We\'ve learned by trial, error and the internet. So&nbsp;much that we like to think&nbsp;our geckos live in a technologically advanced environment.<\\/p>\\r\\n\\r\\n<p>We decided to start blogging after many began contacting us and asking a ton of questions. I love answering those questions but it became so time consuming none of us&nbsp;could&nbsp;keep up. Additionally, a lot of the questions and comments we began receiving didn\'t make sense to us so a blog was born.<\\/p>\\r\\n\\r\\n\\r\\n\\r\\n\\r\\n\\r\\n\\r\\n\\r\\n\\r\\n\\r\\n\\r\\n\\r\\n<p>You\'re more than welcome to take what interest you but please give of us a shout-out if your using our content elsewhere. Leave the rest at the curb for someone else. Remember, we are not experts and have several $300 vet bills to prove it!<\\/p>\",\"7\":[\"9\"],\"2\":\"\"}}', '2016-07-09 19:38:04', '2016-07-09 19:38:04', '176b4cc8-7935-4f77-a7aa-992fea60b449'),
 ('15', '4', '5', '1', 'en_us', '9', '', '{\"typeId\":null,\"authorId\":null,\"title\":\"About\",\"slug\":\"about\",\"postDate\":1468013726,\"expiryDate\":null,\"enabled\":1,\"parentId\":null,\"fields\":{\"1\":\"<p>There\'s nothing unique about us. In fact, we\'re probably just like you, having a love for reptiles and an overbearing desire to love the oh-so personable leopard gecko. We are not breeders or specialists in any way. We\'ve learned by trial, error and the internet. So&nbsp;much that we like to think&nbsp;our geckos live in a technologically advanced environment. True. I like to tap a camera that I have pointed into their crate and watch them regardless of where I\'m at. Also, like having the ability to monitor humidity and temp from afar. With todays tech, I can provide better for them even if I am a bit anal about it.<\\/p>\\r\\n\\r\\n<p>We decided to start blogging after many began contacting us and asking a ton of questions. I love answering those questions but it became so time consuming none of us&nbsp;could&nbsp;keep up. Additionally, a lot of the questions and comments we began receiving didn\'t make sense to us so a blog was born.<\\/p>\\r\\n\\r\\n\\r\\n\\r\\n\\r\\n\\r\\n\\r\\n\\r\\n\\r\\n\\r\\n\\r\\n\\r\\n\\r\\n\\r\\n<p>You\'re more than welcome to take what interest you but please give of us a shout-out if your using our content elsewhere. Leave the rest at the curb for someone else. Remember, we are not experts and have several $300 vet bills to prove it!<\\/p>\",\"7\":[\"9\"],\"2\":\"\"}}', '2016-07-09 20:18:25', '2016-07-09 20:18:25', '5fa90939-2f81-4a9c-8ef3-a5f1460f4f1b'),
 ('22', '20', '8', '1', 'en_us', '1', '', '{\"typeId\":null,\"authorId\":\"1\",\"title\":\"Mr. Cleo\",\"slug\":\"mr-cleo\",\"postDate\":1468167113,\"expiryDate\":null,\"enabled\":1,\"parentId\":\"\",\"fields\":{\"6\":[\"19\"],\"5\":\"Mr. Cleo\"}}', '2016-07-10 16:11:54', '2016-07-10 16:11:54', 'eb6fe255-fdc7-4172-8661-ca9593db9df8'),
 ('23', '20', '8', '1', 'en_us', '2', '', '{\"typeId\":\"8\",\"authorId\":\"1\",\"title\":\"Mr. Cleo\",\"slug\":\"mr-cleo\",\"postDate\":1468167060,\"expiryDate\":null,\"enabled\":1,\"parentId\":\"\",\"fields\":{\"6\":\"\",\"5\":\"Mr. Cleo\"}}', '2016-07-10 16:19:01', '2016-07-10 16:19:01', 'f00c712e-b92b-4990-8e50-e90b5bfb10de'),
 ('24', '20', '8', '1', 'en_us', '3', '', '{\"typeId\":\"8\",\"authorId\":\"1\",\"title\":\"Mr. Cleo\",\"slug\":\"mr-cleo\",\"postDate\":1468167060,\"expiryDate\":null,\"enabled\":1,\"parentId\":\"\",\"fields\":{\"6\":[\"19\"],\"5\":\"Mr. Cleo\"}}', '2016-07-10 16:19:37', '2016-07-10 16:19:37', '51377f26-ade7-4900-99dc-34e4c8b5653a'),
 ('25', '20', '8', '1', 'en_us', '4', '', '{\"typeId\":\"8\",\"authorId\":\"1\",\"title\":\"Mr. Cleo\",\"slug\":\"mr-cleo\",\"postDate\":1468167060,\"expiryDate\":null,\"enabled\":1,\"parentId\":\"\",\"fields\":{\"6\":\"\",\"5\":\"Mr. Cleo\"}}', '2016-07-10 16:20:57', '2016-07-10 16:20:57', 'a02f6d09-c48b-48b2-bc76-90c4bfd8cc02'),
 ('26', '20', '8', '1', 'en_us', '5', '', '{\"typeId\":\"8\",\"authorId\":\"1\",\"title\":\"Mr. Cleo\",\"slug\":\"mr-cleo\",\"postDate\":1468167060,\"expiryDate\":null,\"enabled\":1,\"parentId\":\"\",\"fields\":{\"6\":[\"19\"],\"5\":\"Mr. Cleo\"}}', '2016-07-10 16:45:45', '2016-07-10 16:45:45', 'aff7e3f9-1100-4cbe-b731-f6af06c0ed9b'),
 ('27', '24', '8', '1', 'en_us', '1', '', '{\"typeId\":null,\"authorId\":\"1\",\"title\":\"Alice\",\"slug\":\"alice\",\"postDate\":1468169200,\"expiryDate\":null,\"enabled\":1,\"parentId\":\"\",\"fields\":{\"6\":\"\",\"5\":\"Alice\"}}', '2016-07-10 16:46:40', '2016-07-10 16:46:40', '7836c3dc-677a-458a-a0d9-7b251070b2b5'),
 ('28', '25', '8', '1', 'en_us', '1', '', '{\"typeId\":null,\"authorId\":\"1\",\"title\":\"HayDay\",\"slug\":\"hayday\",\"postDate\":1468169214,\"expiryDate\":null,\"enabled\":1,\"parentId\":\"\",\"fields\":{\"6\":\"\",\"5\":\"HayDay\"}}', '2016-07-10 16:46:55', '2016-07-10 16:46:55', '8f0cb9b2-d243-490c-990d-efc713c4a0a9'),
 ('29', '24', '8', '1', 'en_us', '2', '', '{\"typeId\":\"8\",\"authorId\":\"1\",\"title\":\"Alice\",\"slug\":\"alice\",\"postDate\":1468169160,\"expiryDate\":null,\"enabled\":1,\"parentId\":\"\",\"fields\":{\"6\":[\"26\"],\"5\":\"Alice\"}}', '2016-07-10 16:50:58', '2016-07-10 16:50:58', 'c6730e11-93b4-4c03-bd0d-7f6fce2caa48'),
 ('30', '25', '8', '1', 'en_us', '2', '', '{\"typeId\":\"8\",\"authorId\":\"1\",\"title\":\"HayDay\",\"slug\":\"hayday\",\"postDate\":1468169160,\"expiryDate\":null,\"enabled\":1,\"parentId\":\"\",\"fields\":{\"6\":[\"27\"],\"5\":\"HayDay\"}}', '2016-07-10 16:51:43', '2016-07-10 16:51:43', '60caf6f1-67b1-48c0-a926-d5dcddf244c7'),
 ('31', '20', '8', '1', 'en_us', '6', '', '{\"typeId\":\"8\",\"authorId\":\"1\",\"title\":\"Mr. Cleo\",\"slug\":\"mr-cleo\",\"postDate\":1468167060,\"expiryDate\":null,\"enabled\":1,\"parentId\":\"\",\"fields\":{\"6\":[\"28\"],\"5\":\"Mr. Cleo\"}}', '2016-07-10 16:54:58', '2016-07-10 16:54:58', 'a07e8fb8-c5c9-40e0-97e2-dd1deb5e176c'),
 ('32', '4', '5', '1', 'en_us', '10', '', '{\"typeId\":null,\"authorId\":null,\"title\":\"About\",\"slug\":\"about\",\"postDate\":1468013726,\"expiryDate\":null,\"enabled\":1,\"parentId\":null,\"fields\":{\"1\":\"<p>There\'s nothing unique about us. In fact, we\'re probably just like you, having a love for reptiles and an overbearing desire to love the oh-so personable leopard gecko. We are not breeders or specialists in any way. We\'ve learned by trial, error and the internet. So&nbsp;much that we like to think&nbsp;our geckos live in a technologically advanced environment. True. I like to tap a camera that I have pointed into their crate and watch them regardless of where I\'m at. Also, like having the ability to monitor humidity and temp from afar. With todays tech, I can provide better for them even if I am a bit anal about it.<\\/p>\\r\\n\\r\\n<p>We decided to start blogging after many began contacting us and asking a ton of questions. I love answering those questions but it became so time consuming none of us&nbsp;could&nbsp;keep up. Additionally, a lot of the questions and comments we began receiving didn\'t make sense to us so a blog was born.<\\/p>\\r\\n\\r\\n\\r\\n\\r\\n\\r\\n\\r\\n\\r\\n\\r\\n\\r\\n\\r\\n\\r\\n\\r\\n\\r\\n\\r\\n\\r\\n\\r\\n<p>You\'re more than welcome to take what interest you but please give of us a shout-out if your using our content elsewhere. Leave the rest at the curb for someone else. Remember, we are not experts and have several $300 vet bills to prove it!<\\/p>\",\"7\":[\"29\"],\"2\":\"\"}}', '2016-07-10 17:30:59', '2016-07-10 17:30:59', 'd044e170-aa39-4eb0-a8c4-3ebaa0aea972'),
 ('33', '30', '9', '1', 'en_us', '1', '', '{\"typeId\":null,\"authorId\":\"1\",\"title\":\"orb1\",\"slug\":\"orb1\",\"postDate\":1468176308,\"expiryDate\":null,\"enabled\":1,\"parentId\":\"\",\"fields\":{\"8\":\"our geckos\",\"9\":\"<ul><li>baby geckos<\\/li><li>small geckos<\\/li><li>large geckos<\\/li><\\/ul>\"}}', '2016-07-10 18:45:08', '2016-07-10 18:45:08', '16b1b368-bd4d-4a2d-83a6-db34ba0236ed'),
 ('34', '30', '9', '1', 'en_us', '2', '', '{\"typeId\":\"9\",\"authorId\":\"1\",\"title\":\"orb1\",\"slug\":\"orb1\",\"postDate\":1468176300,\"expiryDate\":null,\"enabled\":1,\"parentId\":\"\",\"fields\":{\"8\":\"our geckos\",\"9\":\"<ul><li>baby geckos<\\/li><li>small geckos<\\/li><li>large geckos<\\/li><\\/ul>\"}}', '2016-07-10 19:04:31', '2016-07-10 19:04:31', 'bc6d1b44-4c35-4bd2-8d1b-f9b27f5f339c'),
 ('35', '31', '9', '1', 'en_us', '1', '', '{\"typeId\":null,\"authorId\":\"1\",\"title\":\"orb2\",\"slug\":\"orb2\",\"postDate\":1468177937,\"expiryDate\":null,\"enabled\":1,\"parentId\":\"\",\"fields\":{\"8\":\"gecko food\",\"9\":\"<ul><li>mealworms<\\/li><li>dubia roaches<\\/li><li>superworms<\\/li><\\/ul>\"}}', '2016-07-10 19:12:17', '2016-07-10 19:12:17', '2e0e0179-5302-4a72-a8f3-d24bb1eafb2d'),
 ('36', '31', '9', '1', 'en_us', '2', '', '{\"typeId\":\"9\",\"authorId\":\"1\",\"title\":\"orb2\",\"slug\":\"orb2\",\"postDate\":1468177920,\"expiryDate\":null,\"enabled\":0,\"parentId\":\"\",\"fields\":{\"8\":\"gecko food\",\"9\":\"<ul><li>mealworms<\\/li><li>dubia roaches<\\/li><li>superworms<\\/li><\\/ul>\"}}', '2016-07-10 19:15:50', '2016-07-10 19:15:50', '8965e14c-f5f7-40d4-89a1-f2f5192a7bdf'),
 ('37', '32', '9', '1', 'en_us', '1', '', '{\"typeId\":null,\"authorId\":\"1\",\"title\":\"orb3\",\"slug\":\"orb3\",\"postDate\":1468178223,\"expiryDate\":null,\"enabled\":1,\"parentId\":\"\",\"fields\":{\"8\":\"gecko care\",\"9\":\"<ul><li>habitat<\\/li><li>sexing: male or female<\\/li><li>health\\/sickness<\\/li><\\/ul>\"}}', '2016-07-10 19:17:03', '2016-07-10 19:17:03', 'dde70fd0-5fc0-4d69-a852-0a58d1234f7e'),
 ('38', '32', '9', '1', 'en_us', '2', '', '{\"typeId\":\"9\",\"authorId\":\"1\",\"title\":\"orb3\",\"slug\":\"orb3\",\"postDate\":1468178220,\"expiryDate\":null,\"enabled\":0,\"parentId\":\"\",\"fields\":{\"8\":\"gecko care\",\"9\":\"<ul><li>habitat<\\/li><li>sexing: male or female<\\/li><li>health\\/sickness<\\/li><\\/ul>\"}}', '2016-07-10 19:17:18', '2016-07-10 19:17:18', '7d90e996-647c-4a7d-9f15-d8b78fce8c7c'),
 ('39', '31', '9', '1', 'en_us', '3', '', '{\"typeId\":\"9\",\"authorId\":\"1\",\"title\":\"orb2\",\"slug\":\"orb2\",\"postDate\":1468177920,\"expiryDate\":null,\"enabled\":1,\"parentId\":\"\",\"fields\":{\"8\":\"gecko food\",\"9\":\"<ul><li>mealworms<\\/li><li>dubia roaches<\\/li><li>superworms<\\/li><\\/ul>\"}}', '2016-07-10 19:37:55', '2016-07-10 19:37:55', '5c798131-9e2c-4860-8f9b-589249946347'),
 ('40', '32', '9', '1', 'en_us', '3', '', '{\"typeId\":\"9\",\"authorId\":\"1\",\"title\":\"orb3\",\"slug\":\"orb3\",\"postDate\":1468178220,\"expiryDate\":null,\"enabled\":1,\"parentId\":null,\"fields\":{\"8\":\"gecko care\",\"9\":\"<ul><li>habitat<\\/li><li>sexing: male or female<\\/li><li>health\\/sickness<\\/li><\\/ul>\"}}', '2016-07-10 20:07:44', '2016-07-10 20:07:44', 'cf205bff-7fdc-4a0c-b149-0d690de3d04f'),
 ('41', '30', '9', '1', 'en_us', '3', '', '{\"typeId\":\"9\",\"authorId\":\"1\",\"title\":\"orb1\",\"slug\":\"orb1\",\"postDate\":1468176300,\"expiryDate\":null,\"enabled\":1,\"parentId\":null,\"fields\":{\"10\":\"<p>We feed our leopard geckos meal worms for a staple and supplement their diets with dubias, wax worms, occasional superworms as well as calcium + D3...<\\/p>\",\"8\":\"our geckos\",\"9\":\"<ul><li>baby geckos<\\/li><li>small geckos<\\/li><li>large geckos<\\/li><\\/ul>\"}}', '2016-07-10 22:33:20', '2016-07-10 22:33:20', 'a0e67851-2379-47bc-aef1-4937a6984366'),
 ('42', '30', '9', '1', 'en_us', '4', '', '{\"typeId\":\"9\",\"authorId\":\"1\",\"title\":\"orb1\",\"slug\":\"orb1\",\"postDate\":1468176300,\"expiryDate\":null,\"enabled\":1,\"parentId\":null,\"fields\":{\"10\":\"\",\"8\":\"our geckos\",\"9\":\"<ul><li>baby geckos<\\/li><li>small geckos<\\/li><li>large geckos<\\/li><\\/ul>\"}}', '2016-07-10 22:35:29', '2016-07-10 22:35:29', '0109dd39-3e97-4215-940d-9d890d7c91d4'),
 ('43', '31', '9', '1', 'en_us', '4', '', '{\"typeId\":\"9\",\"authorId\":\"1\",\"title\":\"orb2\",\"slug\":\"orb2\",\"postDate\":1468177920,\"expiryDate\":null,\"enabled\":1,\"parentId\":null,\"fields\":{\"10\":\"<p>We feed our leopard geckos meal worms for a staple and supplement their diets with dubias, wax worms, occasional superworms as well as calcium + D3...<\\/p>\",\"8\":\"gecko food\",\"9\":\"<ul><li>mealworms<\\/li><li>dubia roaches<\\/li><li>superworms<\\/li><\\/ul>\"}}', '2016-07-10 22:35:45', '2016-07-10 22:35:45', '8786a68a-8748-4deb-8e60-d2f929205619'),
 ('44', '30', '9', '1', 'en_us', '5', '', '{\"typeId\":\"9\",\"authorId\":\"1\",\"title\":\"orb1\",\"slug\":\"orb1\",\"postDate\":1468176300,\"expiryDate\":null,\"enabled\":1,\"parentId\":null,\"fields\":{\"10\":\"<p>Of course we think our leopards geckos are the best and most unique. Hopefully, this is how you feel about yours. We also think our geckos are the greatest or entertainers but each of them seem to have unique personalities. Hayday for instance is our climber. Once the crate opens up her head is pointed straight up and she awaits a lift into the outer domain. She is curious and leaves no stone unturned. She is by far the most active. Additionally, she is not sexually mature as our other female is. She also has no issue with buddying up with our mature male or even stepping on his head to get to food. She is a big eater, too.<\\/p><p>Alice is a sexually mature female who is currently laying eggs every 2 weeks...<\\/p><p>Mr.&nbsp;Cleo is our stud...<\\/p>\",\"8\":\"our geckos\",\"9\":\"<ul><li>baby geckos<\\/li><li>small geckos<\\/li><li>large geckos<\\/li><\\/ul>\"}}', '2016-07-10 22:41:43', '2016-07-10 22:41:43', '125b1b5c-38a6-40a2-b7bd-76a1ef087dc8'),
 ('45', '30', '9', '1', 'en_us', '6', '', '{\"typeId\":\"9\",\"authorId\":\"1\",\"title\":\"orb1\",\"slug\":\"orb1\",\"postDate\":1468176300,\"expiryDate\":null,\"enabled\":1,\"parentId\":null,\"fields\":{\"10\":\"<p>Of course, we think our leopard&nbsp;geckos are the best and most unique of reptiles. Hopefully, this is how you feel about yours. We also think of&nbsp;our geckos as&nbsp;the greatest of&nbsp;entertainers but each of them&nbsp;have unique personalities. HayDay for instance is our climber. Once the crate opens up her head is pointed straight up and she awaits a lift into the outer domain. She is curious and leaves no stone unturned. She is by far the most active. Additionally, she is not sexually mature as our other female is. She also has no issue with buddying up with our mature male or even stepping on his head to get to food. She is a big eater, too.<\\/p>\\r\\n\\r\\n<p>Alice is a sexually mature female who is currently laying eggs every 2 weeks...<\\/p>\\r\\n\\r\\n<p>Mr.&nbsp;Cleo is our stud...<\\/p>\",\"8\":\"our geckos\",\"9\":\"<ul><li>baby geckos<\\/li><li>small geckos<\\/li><li>large geckos<\\/li><\\/ul>\"}}', '2016-07-10 22:43:38', '2016-07-10 22:43:38', '94b4dda7-882a-45f7-96e0-9ab203da4804'),
 ('46', '32', '9', '1', 'en_us', '4', '', '{\"typeId\":\"9\",\"authorId\":\"1\",\"title\":\"orb3\",\"slug\":\"orb3\",\"postDate\":1468178220,\"expiryDate\":null,\"enabled\":1,\"parentId\":null,\"fields\":{\"10\":\"<p>As with all pets, leopard geckos depend on us for complete and unconditional care. The better their habitat and environment is maintained the happier they are.&nbsp;<\\/p><p>When we received Mr.Cleo he was in dire straits. He wasn\'t malnourished but he had several layers of bad sheds that had piled up in bad places. His eyelids and toes took the worse hit. I had no idea how to care for a leopard gecko other than a crash course of Google but one thing I was sure about. He didn\'t look right. His eyes were black and he was not eating. So, I took him to the vet who luckily had leopard geckos of her own. $260 later we took Mr. Cleo home. In the ensuing few days, I learned that because his eyes were infected due to the bad sheds piling up on his lower eyelids,&nbsp;he could not see his food so gave up on hunting. 2-3 times a day I&nbsp;gave him eye&nbsp;drops and fed him through a syringe. Within 2 weeks he began eating again and had a perfect shed thanks to being moved into an environment where we could monitor and maintain humidity.&nbsp;<\\/p><p>The point of this story is that we inherited Mr.Cleo and knew nothing about caring for him. However, he let us know the best way he could that he needed help.&nbsp;That was a long time ago and I\'ve not had to take any of our leo\'s to a vet since (knock on wood). We love them and look after them daily. We are lucky to have each other.&nbsp;&nbsp;<\\/p>\",\"8\":\"gecko care\",\"9\":\"<ul><li>habitat<\\/li><li>sexing: male or female<\\/li><li>health\\/sickness<\\/li><\\/ul>\"}}', '2016-07-10 22:53:06', '2016-07-10 22:53:06', '25a9c73e-945e-41ef-b191-5b6acca5495f'),
 ('48', '34', '13', '1', 'en_us', '1', '', '{\"typeId\":null,\"authorId\":\"1\",\"title\":\"Leopard Gecko Food\",\"slug\":\"leopard-gecko-food\",\"postDate\":1468264023,\"expiryDate\":null,\"enabled\":1,\"parentId\":null,\"fields\":{\"19\":\"<p>Lorem ipsum dolor sit amet, netus et malesuada fames ac turpis egestas. Vestibulum tortor quam, feugiat vitae, ultricies eget, tempor sit amet, ante. Donec eu libero sit amet quam egestas semper. Aenean ultricies mi vitae est. Mauris placerat eleifend leo. Quisque sit amet est et sapien ullamcorper pharetra. Vestibulum erat wisi, condimentum sed, commodo vitae, ornare sit amet, wisi. Aenean fermentum, elit eget tincidunt condimentum, eros ipsum rutrum orci, sagittis tempus lacus enim ac dui. Donec non enim in turpis pulvinar facilisis. Ut felis. Praesent dapibus, neque id cursus faucibus, tortor neque egestas augue, eu vulputate magna eros eu erat. Aliquam erat volutpat. Nam dui mi, tincidunt quis, accumsan porttitor, facilisis luctus, metus.<\\/p>\",\"20\":\"\",\"18\":\"Leopard Gecko Food\"}}', '2016-07-11 19:07:03', '2016-07-11 19:07:03', 'b77a3eb2-2afa-40cd-9e62-bd0af3caaf77'),
 ('49', '35', '13', '1', 'en_us', '1', '', '{\"typeId\":null,\"authorId\":\"1\",\"title\":\"Habitat and Environment\",\"slug\":\"habitat-and-environment\",\"postDate\":1468264076,\"expiryDate\":null,\"enabled\":1,\"parentId\":null,\"fields\":{\"19\":\"<p>Vestibulum tortor quam, <del>feugiat<\\/del> vitae, ultricies eget, tempor sit amet, ante. Donec eu libero sit amet quam egestas semper. Aenean ultricies mi vitae est. Mauris placerat eleifend leo. Quisque sit amet est et sapien ullamcorper pharetra. Vestibulum erat wisi, condimentum sed, commodo vitae, ornare sit amet, wisi. Aenean fermentum, elit eget tincidunt condimentum, eros ipsum rutrum orci, sagittis tempus lacus enim ac dui. Donec non enim in turpis pulvinar facilisis. Ut felis. Praesent dapibus, neque id cursus faucibus, tortor neque egestas augue, eu vulputate magna eros eu erat. Aliquam erat volutpat. Nam dui mi, tincidunt quis, accumsan porttitor, facilisis luctus, metus.<\\/p>\",\"20\":\"\",\"18\":\"Habitat and Environment\"}}', '2016-07-11 19:07:56', '2016-07-11 19:07:56', '3f0f18bd-4f57-4050-892b-64acacdcdbb2'),
 ('50', '36', '13', '1', 'en_us', '1', '', '{\"typeId\":null,\"authorId\":\"1\",\"title\":\"Leopard Gecko Breeding\",\"slug\":\"leopard-gecko-breeding\",\"postDate\":1468264106,\"expiryDate\":null,\"enabled\":1,\"parentId\":null,\"fields\":{\"19\":\"<p>Lorem ipsum dolor sit amet, netus et malesuada fames ac turpis egestas. Vestibulum tortor quam, feugiat vitae, ultricies eget, tempor sit amet, ante. Donec eu libero sit amet quam egestas semper. Aenean ultricies mi vitae est. Mauris placerat eleifend leo. Quisque sit amet est et sapien ullamcorper pharetra. Vestibulum erat wisi, condimentum sed, commodo vitae, ornare sit amet, wisi. Aenean fermentum, elit eget tincidunt condimentum, eros ipsum rutrum orci, sagittis tempus lacus enim ac dui. Donec non enim in turpis pulvinar facilisis. Ut felis. Praesent dapibus, neque id cursus faucibus, tortor neque egestas augue, eu vulputate magna eros eu erat. Aliquam erat volutpat. Nam dui mi, tincidunt quis, accumsan porttitor, facilisis luctus, metus.<\\/p>\",\"20\":\"\",\"18\":\"Leopard Gecko Breeding\"}}', '2016-07-11 19:08:26', '2016-07-11 19:08:26', 'a0725c65-1a03-4e75-8b5e-2e02aed7e943'),
 ('51', '37', '13', '1', 'en_us', '1', '', '{\"typeId\":null,\"authorId\":\"1\",\"title\":\"Sexing Leopard Geckos\",\"slug\":\"sexing-leopard-geckos\",\"postDate\":1468265346,\"expiryDate\":null,\"enabled\":1,\"parentId\":null,\"fields\":{\"19\":\"<p>Donec eu libero sit amet quam egestas semper. Aenean ultricies mi vitae est. Mauris placerat eleifend leo. Quisque sit amet est et sapien ullamcorper pharetra. Vestibulum erat wisi, condimentum sed, commodo vitae, ornare sit amet, wisi. Aenean fermentum, elit eget tincidunt condimentum, eros ipsum rutrum orci, sagittis tempus lacus enim ac dui. Donec non enim in turpis pulvinar facilisis. Ut felis. Praesent dapibus, neque id cursus faucibus, tortor neque egestas augue, eu vulputate magna eros eu erat. Aliquam erat volutpat. Nam dui mi, tincidunt quis, accumsan porttitor, facilisis luctus, metus.<\\/p>\",\"20\":\"\",\"18\":\"Sexing Leopard Geckos\"}}', '2016-07-11 19:29:06', '2016-07-11 19:29:06', 'df986bc9-9fe0-4872-bf2f-d1b780320fdf'),
 ('52', '42', '13', '1', 'en_us', '1', '', '{\"typeId\":null,\"authorId\":\"1\",\"title\":\"Leopard Gecko Books\",\"slug\":\"leopard-gecko-books\",\"postDate\":1468265499,\"expiryDate\":null,\"enabled\":1,\"parentId\":\"\",\"fields\":{\"19\":\"<p>Lorem ipsum dolor sit amet, netus et malesuada fames ac turpis egestas. Vestibulum tortor quam, feugiat vitae, ultricies eget, tempor sit amet, ante. Donec eu libero sit amet quam egestas semper. Aenean ultricies mi vitae est. Mauris placerat eleifend leo. Quisque sit amet est et sapien ullamcorper pharetra. Vestibulum erat wisi, condimentum sed, commodo vitae, ornare sit amet, wisi. Aenean fermentum, elit eget tincidunt condimentum, eros ipsum rutrum orci, sagittis tempus lacus enim ac dui. Donec non enim in turpis pulvinar facilisis. Ut felis.<\\/p>\",\"20\":\"\",\"18\":\"Leopard Gecko Books\"}}', '2016-07-11 19:31:39', '2016-07-11 19:31:39', '378c8ad5-4b86-43f3-8483-66eac8fe3358'),
 ('53', '43', '13', '1', 'en_us', '1', '', '{\"typeId\":null,\"authorId\":\"1\",\"title\":\"Leopard Gecko Safety\",\"slug\":\"leopard-gecko-safety\",\"postDate\":1468265565,\"expiryDate\":null,\"enabled\":1,\"parentId\":\"\",\"fields\":{\"19\":\"<p>Vestibulum tortor quam, feugiat vitae, ultricies eget, tempor sit amet, ante. Donec eu libero sit amet quam egestas semper. Aenean ultricies mi vitae est. Mauris placerat eleifend leo. Quisque sit amet est et sapien ullamcorper pharetra. Vestibulum erat wisi, condimentum sed, commodo vitae, ornare sit amet, wisi. Aenean fermentum, elit eget tincidunt condimentum, eros ipsum rutrum orci, sagittis tempus lacus enim ac dui. Donec non enim in turpis pulvinar facilisis. Ut felis. Praesent dapibus, neque id cursus faucibus, tortor neque egestas augue, eu vulputate magna eros eu erat. Aliquam erat volutpat.<\\/p>\",\"20\":\"\",\"18\":\"Leopard Gecko Safety\"}}', '2016-07-11 19:32:45', '2016-07-11 19:32:45', 'acd328cc-46f4-4663-b3d3-692cb2fe3a9e'),
 ('54', '44', '13', '1', 'en_us', '1', '', '{\"typeId\":null,\"authorId\":\"1\",\"title\":\"Technology for Leopard Geckos\",\"slug\":\"technology-for-leopard-geckos\",\"postDate\":1468265633,\"expiryDate\":null,\"enabled\":1,\"parentId\":\"\",\"fields\":{\"19\":\"<p>Quisque sit amet est et sapien ullamcorper pharetra. Vestibulum erat wisi, condimentum sed, commodo vitae, ornare sit amet, wisi. Aenean fermentum, elit eget tincidunt condimentum, eros ipsum rutrum orci, sagittis tempus lacus enim ac dui. Donec non enim in turpis pulvinar facilisis. Ut felis. Praesent dapibus, neque id cursus faucibus, tortor neque egestas augue, eu vulputate magna eros eu erat. Aliquam erat volutpat. Nam dui mi, tincidunt quis, accumsan porttitor, facilisis luctus, metus.<\\/p>\",\"20\":\"\",\"18\":\"Technology for Leopard Geckos\"}}', '2016-07-11 19:33:53', '2016-07-11 19:33:53', '62405b6f-8887-4062-8b0d-7a0d0c229362'),
 ('55', '45', '13', '1', 'en_us', '1', '', '{\"typeId\":null,\"authorId\":\"1\",\"title\":\"Caring for Leopard Geckos\",\"slug\":\"caring-for-leopard-geckos\",\"postDate\":1468265703,\"expiryDate\":null,\"enabled\":1,\"parentId\":\"\",\"fields\":{\"19\":\"<p>Aenean fermentum, elit eget tincidunt condimentum, eros ipsum rutrum orci, sagittis tempus lacus enim ac dui. Donec non enim in turpis pulvinar facilisis. Ut felis. Praesent dapibus, neque id cursus faucibus, tortor neque egestas augue, eu vulputate magna eros eu erat. Aliquam erat volutpat. Nam dui mi, tincidunt quis, accumsan porttitor, facilisis luctus, metus.<\\/p>\",\"20\":\"\",\"18\":\"Caring for Leopard Geckos\"}}', '2016-07-11 19:35:03', '2016-07-11 19:35:03', 'f0bc9144-3c86-473e-890e-f15dd7395e92'),
 ('56', '34', '13', '1', 'en_us', '2', '', '{\"typeId\":\"13\",\"authorId\":\"1\",\"title\":\"Leopard Gecko Food\",\"slug\":\"leopard-gecko-food\",\"postDate\":1468264020,\"expiryDate\":null,\"enabled\":1,\"parentId\":null,\"fields\":{\"19\":\"<p>Lorem ipsum dolor sit amet, netus et malesuada fames ac turpis egestas. Vestibulum tortor quam, feugiat vitae, ultricies eget, tempor sit amet, ante. Donec eu libero sit amet quam egestas semper. Aenean ultricies mi vitae est. Mauris placerat eleifend leo. Quisque sit amet est et sapien ullamcorper pharetra. Vestibulum erat wisi, condimentum sed, commodo vitae, ornare sit amet, wisi. Aenean fermentum, elit eget tincidunt condimentum, eros ipsum rutrum orci, sagittis tempus lacus enim ac dui. Donec non enim in turpis pulvinar facilisis. Ut felis. Praesent dapibus, neque id cursus faucibus, tortor neque egestas augue, eu vulputate magna eros eu erat. Aliquam erat volutpat. Nam dui mi, tincidunt quis, accumsan porttitor, facilisis luctus, metus.<\\/p>\",\"20\":[\"46\"],\"18\":\"Leopard Gecko Food\"}}', '2016-07-11 20:43:36', '2016-07-11 20:43:36', '3d267267-4dc2-4328-a69e-7b2e1e7fd379'),
 ('57', '34', '13', '1', 'en_us', '3', '', '{\"typeId\":\"13\",\"authorId\":\"1\",\"title\":\"Leopard Gecko Food\",\"slug\":\"leopard-gecko-food\",\"postDate\":1468264020,\"expiryDate\":null,\"enabled\":1,\"parentId\":null,\"fields\":{\"19\":\"<p>Lorem ipsum dolor sit amet, netus et malesuada fames ac turpis egestas. Vestibulum tortor quam, feugiat vitae, ultricies eget, tempor sit amet, ante. Donec eu libero sit amet quam egestas semper. Aenean ultricies mi vitae est. Mauris placerat eleifend leo. Quisque sit amet est et sapien ullamcorper pharetra. Vestibulum erat wisi, condimentum sed, commodo vitae, ornare sit amet, wisi. Aenean fermentum, elit eget tincidunt condimentum, eros ipsum rutrum orci, sagittis tempus lacus enim ac dui. Donec non enim in turpis pulvinar facilisis. Ut felis. Praesent dapibus, neque id cursus faucibus, tortor neque egestas augue, eu vulputate magna eros eu erat. Aliquam erat volutpat. Nam dui mi, tincidunt quis, accumsan porttitor, facilisis luctus, metus.<\\/p>\",\"20\":[\"46\"],\"18\":\"Leopard Gecko Food\"}}', '2016-07-11 21:06:31', '2016-07-11 21:06:31', 'c95390e4-fbbe-4f36-8d94-8b553436ec9d'),
 ('58', '5', '6', '1', 'en_us', '2', '', '{\"typeId\":\"6\",\"authorId\":\"1\",\"title\":\"Gallery\",\"slug\":\"gallery\",\"postDate\":1468016640,\"expiryDate\":null,\"enabled\":1,\"parentId\":null,\"fields\":{\"21\":[\"47\"],\"22\":\"Crickets!!! Yum!!!!!!!!!!!!\"}}', '2016-07-12 01:37:45', '2016-07-12 01:37:45', 'cea0e5a6-77d7-4d6f-b80b-da7ce4da1033'),
 ('59', '5', '6', '1', 'en_us', '3', '', '{\"typeId\":\"6\",\"authorId\":\"1\",\"title\":\"Feeding Gecko\",\"slug\":\"gallery\",\"postDate\":1468016640,\"expiryDate\":null,\"enabled\":1,\"parentId\":null,\"fields\":{\"21\":[\"47\"],\"22\":\"Crickets!!! Yum!!!!!!!!!!!!\"}}', '2016-07-12 01:39:25', '2016-07-12 01:39:25', '8b80029b-bde3-4b4c-bbc4-70b11a18c89e'),
 ('60', '5', '6', '1', 'en_us', '4', '', '{\"typeId\":\"6\",\"authorId\":\"1\",\"title\":\"Feeding Gecko\",\"slug\":\"gallery\",\"postDate\":1468016640,\"expiryDate\":null,\"enabled\":1,\"parentId\":null,\"fields\":{\"22\":\"Crickets!!! Yum!!!!!!!!!!!!\",\"23\":\"Feeding What?\",\"21\":[\"47\"]}}', '2016-07-12 16:40:55', '2016-07-12 16:40:55', '7b6396f0-b0a4-4e2f-8984-fb00bef49656'),
 ('61', '5', '6', '1', 'en_us', '5', '', '{\"typeId\":\"6\",\"authorId\":\"1\",\"title\":\"Feeding Gecko\",\"slug\":\"gallery\",\"postDate\":1468016640,\"expiryDate\":null,\"enabled\":1,\"parentId\":null,\"fields\":{\"22\":\"Crickets!!! Yum!!!!!!!!!!!!\",\"23\":\"Feeding Crickets?\",\"21\":[\"47\"]}}', '2016-07-12 16:42:27', '2016-07-12 16:42:27', '53c6f81c-c603-4c47-8fad-3e793f237090'),
 ('62', '5', '6', '1', 'en_us', '6', '', '{\"typeId\":\"6\",\"authorId\":\"1\",\"title\":\"Feeding Gecko\",\"slug\":\"gallery\",\"postDate\":1468016640,\"expiryDate\":null,\"enabled\":1,\"parentId\":null,\"fields\":{\"22\":\"Crickets are a tasty element in the leopard gecko\'s diet. However, it\'s good to offer a variety.\",\"23\":\"Feeding Crickets?\",\"21\":[\"47\"]}}', '2016-07-12 16:43:36', '2016-07-12 16:43:36', 'f20929f2-cb4e-4f19-8df5-95240c14ee9a'),
 ('63', '49', '6', '1', 'en_us', '1', '', '{\"typeId\":null,\"authorId\":\"1\",\"title\":\"Gecko Black BG\",\"slug\":\"gecko-black-bg\",\"postDate\":1468342495,\"expiryDate\":null,\"enabled\":1,\"parentId\":null,\"fields\":{\"22\":\"Seeing your baby\'s become mature adults is quite a sight. Something that happens very fast, too.\",\"23\":\"Baby Gecko\",\"21\":[\"48\"]}}', '2016-07-12 16:54:55', '2016-07-12 16:54:55', '8aed3a50-1bad-4f86-94f7-6569da175d19'),
 ('64', '49', '6', '1', 'en_us', '2', '', '{\"typeId\":\"6\",\"authorId\":\"1\",\"title\":\"Baby Gecko\",\"slug\":\"gecko-black-bg\",\"postDate\":1468342440,\"expiryDate\":null,\"enabled\":1,\"parentId\":null,\"fields\":{\"22\":\"Seeing your baby\'s become mature adults is quite a sight. Something that happens very fast, too.\",\"23\":\"Baby Gecko\",\"21\":[\"48\"]}}', '2016-07-12 16:55:42', '2016-07-12 16:55:42', '292d8934-ea86-4e90-94f2-63756cd7fe1e'),
 ('65', '51', '6', '1', 'en_us', '1', '', '{\"typeId\":null,\"authorId\":\"1\",\"title\":\"Mr. Cleo\",\"slug\":\"mr-cleo\",\"postDate\":1468343639,\"expiryDate\":null,\"enabled\":1,\"parentId\":null,\"fields\":{\"22\":\"You bet! They have absolutely no issues at all letting you know when they\'re happy.\",\"23\":\"Happy Gecko\'s?\",\"21\":[\"50\"]}}', '2016-07-12 17:13:59', '2016-07-12 17:13:59', 'c8325b4b-5bc0-4e47-9836-66cec6ae315b'),
 ('66', '53', '6', '1', 'en_us', '1', '', '{\"typeId\":null,\"authorId\":\"1\",\"title\":\"Meal Worms\",\"slug\":\"meal-worms\",\"postDate\":1468361093,\"expiryDate\":null,\"enabled\":1,\"parentId\":null,\"fields\":{\"22\":\"We feed our leopard geckos mealworms as a staple but we often change things up throughout the week.\",\"23\":\"Meal Worms\",\"21\":[\"52\"]}}', '2016-07-12 22:04:53', '2016-07-12 22:04:53', '89411fb7-d239-4b82-b2ab-89aba5ebbcdb'),
 ('67', '53', '6', '1', 'en_us', '2', '', '{\"typeId\":\"6\",\"authorId\":\"1\",\"title\":\"Meal Worms\",\"slug\":\"meal-worms\",\"postDate\":1468361040,\"expiryDate\":null,\"enabled\":1,\"parentId\":null,\"fields\":{\"22\":\"Breakfast of Champs!\",\"23\":\"Meal Worms\",\"21\":[\"52\"]}}', '2016-07-12 23:44:52', '2016-07-12 23:44:52', '48d0b4da-6561-4974-9345-0c80099185bd'),
 ('68', '51', '6', '1', 'en_us', '2', '', '{\"typeId\":\"6\",\"authorId\":\"1\",\"title\":\"Mr. Cleo\",\"slug\":\"mr-cleo\",\"postDate\":1468343580,\"expiryDate\":null,\"enabled\":1,\"parentId\":null,\"fields\":{\"22\":\"You bet! \",\"23\":\"Happy Gecko\'s?\",\"21\":[\"50\"]}}', '2016-07-12 23:45:04', '2016-07-12 23:45:04', '24e52027-c9c9-4f72-acf0-d6da1d8343d0'),
 ('69', '49', '6', '1', 'en_us', '3', '', '{\"typeId\":\"6\",\"authorId\":\"1\",\"title\":\"Baby Gecko\",\"slug\":\"gecko-black-bg\",\"postDate\":1468342440,\"expiryDate\":null,\"enabled\":1,\"parentId\":null,\"fields\":{\"22\":\"So cute!\",\"23\":\"Baby Gecko\",\"21\":[\"48\"]}}', '2016-07-12 23:45:20', '2016-07-12 23:45:20', 'a6d1ce65-90b0-4b8f-8eae-8ca7f5f06e36'),
 ('70', '5', '6', '1', 'en_us', '7', '', '{\"typeId\":\"6\",\"authorId\":\"1\",\"title\":\"Feeding Gecko\",\"slug\":\"gallery\",\"postDate\":1468016640,\"expiryDate\":null,\"enabled\":1,\"parentId\":null,\"fields\":{\"22\":\"Yummmm!\",\"23\":\"Feeding Crickets?\",\"21\":[\"47\"]}}', '2016-07-12 23:45:34', '2016-07-12 23:45:34', 'c5a143cd-3de1-4050-bc54-012d25488b8b'),
 ('71', '51', '6', '1', 'en_us', '3', '', '{\"typeId\":\"6\",\"authorId\":\"1\",\"title\":\"Happy Geckos?\",\"slug\":\"mr-cleo\",\"postDate\":1468343580,\"expiryDate\":null,\"enabled\":1,\"parentId\":null,\"fields\":{\"22\":\"You bet! \",\"23\":\"Happy Gecko\'s?\",\"21\":[\"50\"]}}', '2016-07-12 23:55:47', '2016-07-12 23:55:47', '87bc3287-75b0-4323-9862-9a3e355c7e14'),
 ('72', '51', '6', '1', 'en_us', '4', '', '{\"typeId\":\"6\",\"authorId\":\"1\",\"title\":\"Happy Geckos?\",\"slug\":\"mr-cleo\",\"postDate\":1468343580,\"expiryDate\":null,\"enabled\":1,\"parentId\":null,\"fields\":{\"22\":\"You bet! \",\"23\":\"Happy Gecko\'s?\",\"21\":[\"50\"]}}', '2016-07-13 00:01:15', '2016-07-13 00:01:15', '608f542b-f296-47f3-99e8-cefe2786a983'),
 ('73', '55', '6', '1', 'en_us', '1', '', '{\"typeId\":null,\"authorId\":\"1\",\"title\":\"Example 2\",\"slug\":\"example-2\",\"postDate\":1468368205,\"expiryDate\":null,\"enabled\":1,\"parentId\":null,\"fields\":{\"22\":\"Example Caption...\",\"23\":\"What?\",\"21\":[\"54\"]}}', '2016-07-13 00:03:25', '2016-07-13 00:03:25', 'd9a69993-81c6-4f5b-b93e-b3de9466c9e0'),
 ('74', '57', '6', '1', 'en_us', '1', '', '{\"typeId\":null,\"authorId\":\"1\",\"title\":\"Breeding\",\"slug\":\"breeding\",\"postDate\":1468368658,\"expiryDate\":null,\"enabled\":1,\"parentId\":null,\"fields\":{\"22\":\"Thinking about babies?\",\"23\":\"Breeding\",\"21\":[\"56\"]}}', '2016-07-13 00:10:59', '2016-07-13 00:10:59', 'ebe26bbe-5bc7-4dab-bfc8-750a581716d4'),
 ('75', '59', '6', '1', 'en_us', '1', '', '{\"typeId\":null,\"authorId\":\"1\",\"title\":\"Shedding\",\"slug\":\"shedding\",\"postDate\":1468368906,\"expiryDate\":null,\"enabled\":1,\"parentId\":null,\"fields\":{\"22\":\"Healthy Sheds\",\"23\":\"Shedding\",\"21\":[\"58\"]}}', '2016-07-13 00:15:06', '2016-07-13 00:15:06', 'ada2a35f-2c6d-4694-8e21-0e7cd08c7bab'),
 ('76', '59', '6', '1', 'en_us', '2', '', '{\"typeId\":\"6\",\"authorId\":\"1\",\"title\":\"Shedding\",\"slug\":\"shedding\",\"postDate\":1468368900,\"expiryDate\":null,\"enabled\":1,\"parentId\":null,\"fields\":{\"22\":\"Healthy Sheds\",\"23\":\"Shedding\",\"21\":[\"58\"]}}', '2016-07-13 02:07:40', '2016-07-13 02:07:40', 'e293ad9a-f18b-468b-b669-46e8b298ae99'),
 ('77', '61', '6', '1', 'en_us', '1', '', '{\"typeId\":null,\"authorId\":\"1\",\"title\":\"Gallery 7\",\"slug\":\"gallery-7\",\"postDate\":1468377262,\"expiryDate\":null,\"enabled\":1,\"parentId\":null,\"fields\":{\"22\":\"Where oh where oh where could she be?\",\"23\":\"Alice?\",\"21\":[\"60\"]}}', '2016-07-13 02:34:22', '2016-07-13 02:34:22', '17d42054-7bc3-4fb5-9458-57eb750a6dbf'),
 ('78', '61', '6', '1', 'en_us', '2', '', '{\"typeId\":\"6\",\"authorId\":\"1\",\"title\":\"Gallery 7\",\"slug\":\"gallery-7\",\"postDate\":1468377240,\"expiryDate\":null,\"enabled\":1,\"parentId\":null,\"fields\":{\"19\":\"<p>Lorem ipsum dolor sit amet, netus et malesuada fames ac turpis egestas. Vestibulum tortor quam, feugiat vitae, ultricies eget, tempor sit amet, ante. Donec eu libero sit amet quam egestas semper. Aenean ultricies mi vitae est. Mauris placerat eleifend leo. Quisque sit amet est et sapien ullamcorper pharetra. Vestibulum erat wisi, condimentum sed, commodo vitae, ornare sit amet, wisi. Aenean fermentum, elit eget tincidunt condimentum, eros ipsum rutrum orci, sagittis tempus lacus enim ac dui. Donec non enim in turpis pulvinar facilisis. Ut felis. Praesent dapibus, neque id cursus faucibus, tortor neque egestas augue, eu vulputate magna eros eu erat. Aliquam erat volutpat. Nam dui mi, tincidunt quis, accumsan porttitor, facilisis luctus, metus.<\\/p>\",\"22\":\"Where oh where oh where could she be?\",\"23\":\"Alice?\",\"21\":[\"60\"]}}', '2016-07-13 02:39:44', '2016-07-13 02:39:44', '510d2e91-731d-4ddd-889d-5deb2ec30fd7'),
 ('79', '59', '6', '1', 'en_us', '3', '', '{\"typeId\":\"6\",\"authorId\":\"1\",\"title\":\"Shedding\",\"slug\":\"shedding\",\"postDate\":1468368900,\"expiryDate\":null,\"enabled\":1,\"parentId\":null,\"fields\":{\"19\":\"<p>Lorem ipsum dolor sit amet, netus et malesuada fames ac turpis egestas. Vestibulum tortor quam, feugiat vitae, ultricies eget, tempor sit amet, ante. Donec eu libero sit amet quam egestas semper. Aenean ultricies mi vitae est. Mauris placerat eleifend leo. Quisque sit amet est et sapien ullamcorper pharetra. Vestibulum erat wisi, condimentum sed, commodo vitae, ornare sit amet, wisi. Aenean fermentum, elit eget tincidunt condimentum, eros ipsum rutrum orci, sagittis tempus lacus enim ac dui. Donec non enim in turpis pulvinar facilisis. Ut felis. Praesent dapibus, neque id cursus faucibus, tortor neque egestas augue, eu vulputate magna eros eu erat. Aliquam erat volutpat. Nam dui mi, tincidunt quis, accumsan porttitor, facilisis luctus, metus.<\\/p>\",\"22\":\"Healthy Sheds\",\"23\":\"Shedding\",\"21\":[\"58\"]}}', '2016-07-13 02:40:08', '2016-07-13 02:40:08', 'fbd948f1-1c19-47b2-8e77-69b3c30f11c2'),
 ('80', '57', '6', '1', 'en_us', '2', '', '{\"typeId\":\"6\",\"authorId\":\"1\",\"title\":\"Breeding\",\"slug\":\"breeding\",\"postDate\":1468368600,\"expiryDate\":null,\"enabled\":1,\"parentId\":null,\"fields\":{\"19\":\"<p>Lorem ipsum dolor sit amet, netus et malesuada fames ac turpis egestas. Vestibulum tortor quam, feugiat vitae, ultricies eget, tempor sit amet, ante. Donec eu libero sit amet quam egestas semper. Aenean ultricies mi vitae est. Mauris placerat eleifend leo. Quisque sit amet est et sapien ullamcorper pharetra. Vestibulum erat wisi, condimentum sed, commodo vitae, ornare sit amet, wisi. Aenean fermentum, elit eget tincidunt condimentum, eros ipsum rutrum orci, sagittis tempus lacus enim ac dui. Donec non enim in turpis pulvinar facilisis. Ut felis. Praesent dapibus, neque id cursus faucibus, tortor neque egestas augue, eu vulputate magna eros eu erat. Aliquam erat volutpat. Nam dui mi, tincidunt quis, accumsan porttitor, facilisis luctus, metus.<\\/p>\",\"22\":\"Thinking about babies?\",\"23\":\"Breeding\",\"21\":[\"56\"]}}', '2016-07-13 02:41:10', '2016-07-13 02:41:10', 'db1b4114-877c-48bd-8c41-1ae14dd899a6'),
 ('81', '61', '6', '1', 'en_us', '3', '', '{\"typeId\":\"6\",\"authorId\":\"1\",\"title\":\"Alice\'s Eggs\",\"slug\":\"gallery-7\",\"postDate\":1468377240,\"expiryDate\":null,\"enabled\":1,\"parentId\":null,\"fields\":{\"19\":\"<p>Lorem ipsum dolor sit amet, netus et malesuada fames ac turpis egestas. Vestibulum tortor quam, feugiat vitae, ultricies eget, tempor sit amet, ante. Donec eu libero sit amet quam egestas semper. Aenean ultricies mi vitae est. Mauris placerat eleifend leo. Quisque sit amet est et sapien ullamcorper pharetra. Vestibulum erat wisi, condimentum sed, commodo vitae, ornare sit amet, wisi. Aenean fermentum, elit eget tincidunt condimentum, eros ipsum rutrum orci, sagittis tempus lacus enim ac dui. Donec non enim in turpis pulvinar facilisis. Ut felis. Praesent dapibus, neque id cursus faucibus, tortor neque egestas augue, eu vulputate magna eros eu erat. Aliquam erat volutpat. Nam dui mi, tincidunt quis, accumsan porttitor, facilisis luctus, metus.<\\/p>\",\"22\":\"Where, oh where, oh where could they be?\",\"23\":\"Alice\'s Eggs\",\"21\":[\"60\"]}}', '2016-07-13 02:49:09', '2016-07-13 02:49:09', '17191aa7-9602-478c-bf1c-d86a2a0f8c99'),
 ('94', '63', '2', '1', 'en_us', '1', '', '{\"typeId\":null,\"authorId\":\"1\",\"title\":\"We just installed Craft CMS!\",\"slug\":\"we-just-installed-craft-cms\",\"postDate\":1468448690,\"expiryDate\":null,\"enabled\":1,\"parentId\":null,\"fields\":{\"26\":\"Quisque sit amet est et sapien ullamcorper pharetra. Vestibulum erat wisi, condimentum sed, commodo vitae, ornare sit amet, wisi. Aenean fermentum, elit eget tincidunt condimentum, eros ipsum rutrum orci, sagittis tempus lacus enim ac dui. Donec non enim in turpis pulvinar facilisis. Ut felis. Praesent dapibus, neque id cursus faucibus, tortor neque egestas augue, eu vulputate magna eros eu erat. Aliquam erat volutpat. Nam dui mi, tincidunt quis, accumsan porttitor, facilisis luctus, metus.\",\"25\":\"\",\"24\":\"We Just Installed Craft\"}}', '2016-07-13 22:24:50', '2016-07-13 22:24:50', 'e18e2c25-8eb7-4a24-8ff5-908d3cf453f5'),
 ('95', '63', '2', '1', 'en_us', '2', '', '{\"typeId\":\"2\",\"authorId\":\"1\",\"title\":\"We just installed Craft CMS!\",\"slug\":\"we-just-installed-craft-cms\",\"postDate\":1468448640,\"expiryDate\":null,\"enabled\":1,\"parentId\":null,\"fields\":{\"26\":\"Quisque sit amet est et sapien ullamcorper pharetra. Vestibulum erat wisi, condimentum sed, commodo vitae, ornare sit amet, wisi. Aenean fermentum, elit eget tincidunt condimentum, eros ipsum rutrum orci, sagittis tempus lacus enim ac dui. Donec non enim in turpis pulvinar facilisis. Ut felis. Praesent dapibus, neque id cursus faucibus, tortor neque egestas augue, eu vulputate magna eros eu erat. Aliquam erat volutpat. Nam dui mi, tincidunt quis, accumsan porttitor, facilisis luctus, metus.\",\"25\":\"\",\"24\":\"We Just Installed Craft\"}}', '2016-07-14 00:22:52', '2016-07-14 00:22:52', 'b4e5ba5a-f1ef-40f1-b1aa-8739fdd72f82'),
 ('96', '64', '2', '1', 'en_us', '1', '', '{\"typeId\":null,\"authorId\":\"1\",\"title\":\"News Test 1\",\"slug\":\"news-test-1\",\"postDate\":1468455839,\"expiryDate\":null,\"enabled\":1,\"parentId\":null,\"fields\":{\"26\":\"Duis aute irure dolor in reprehenderit in voluptate velit esse cillum dolore eu fugiat nulla pariatur. Excepteur sint occaecat cupidatat non proident, sunt in culpa qui officia deserunt mollit anim id est laborum.\",\"25\":\"\",\"24\":\"News Test 1\"}}', '2016-07-14 00:23:59', '2016-07-14 00:23:59', 'e4442933-1eca-4605-b07e-ae10f00052d8'),
 ('97', '65', '2', '1', 'en_us', '1', '', '{\"typeId\":null,\"authorId\":\"1\",\"title\":\"News Test 2\",\"slug\":\"news-test-2\",\"postDate\":1468456040,\"expiryDate\":null,\"enabled\":1,\"parentId\":null,\"fields\":{\"26\":\"Pellentesque habitant morbi tristique senectus et netus et malesuada fames ac turpis egestas. Vestibulum tortor quam, feugiat vitae, ultricies eget, tempor sit amet, ante. Donec eu libero sit amet quam egestas semper. Aenean ultricies mi vitae est. Mauris placerat eleifend leo.\",\"25\":\"\",\"24\":\"News Test 2\"}}', '2016-07-14 00:27:20', '2016-07-14 00:27:20', '9a50d7a9-0dd2-49e1-bf3c-b4d273c5c4ef'),
 ('98', '63', '2', '1', 'en_us', '3', '', '{\"typeId\":\"2\",\"authorId\":\"1\",\"title\":\"We just installed Craft CMS!\",\"slug\":\"we-just-installed-craft-cms\",\"postDate\":1468448640,\"expiryDate\":null,\"enabled\":1,\"parentId\":null,\"fields\":{\"26\":\"Quisque sit amet est et sapien ullamcorper pharetra. Vestibulum erat wisi, condimentum sed, commodo vitae, ornare sit amet, wisi. Aenean fermentum, elit eget tincidunt condimentum, eros ipsum rutrum orci, sagittis tempus lacus enim ac dui. Donec non enim in turpis pulvinar facilisis. Ut felis. Praesent dapibus, neque id cursus faucibus, tortor neque egestas augue, eu vulputate magna eros eu erat. Aliquam erat volutpat. Nam dui mi, tincidunt quis, accumsan porttitor, facilisis luctus, metus.\",\"25\":[\"66\"],\"24\":\"We Just Installed Craft\"}}', '2016-07-14 01:38:06', '2016-07-14 01:38:06', 'c97c2ac2-e7ec-400a-984c-58deec84aa17'),
 ('99', '67', '2', '1', 'en_us', '1', '', '{\"typeId\":null,\"authorId\":\"1\",\"title\":\"News Test 3\",\"slug\":\"news-test-3\",\"postDate\":1468512421,\"expiryDate\":null,\"enabled\":1,\"parentId\":null,\"fields\":{\"26\":\"Highly customizable custom scrollbar jQuery plugin. Features include vertical and\\/or horizontal scrollbar(s), adjustable scrolling momentum, mouse-wheel (via jQuery mousewheel plugin), keyboard and touch support, ready-to-use themes and customization via CSS, RTL direction support, option parameters for full control of scrollbar functionality, methods for triggering actions like scroll-to, update, destroy etc., user-defined callbacks and more.\",\"25\":\"\",\"24\":\"This is a test \"}}', '2016-07-14 16:07:01', '2016-07-14 16:07:01', '3b0ad49c-b340-4204-b4fc-296d825bd261'),
 ('100', '68', '2', '1', 'en_us', '1', '', '{\"typeId\":null,\"authorId\":\"1\",\"title\":\"News Test Four\",\"slug\":\"news-test-four\",\"postDate\":1468545045,\"expiryDate\":null,\"enabled\":1,\"parentId\":null,\"fields\":{\"26\":\"Add the class mCustomScrollbar to any element you want to add custom scrollbar(s) with default options. Optionally, set its axis via the HTML data attribute data-mcs-axis (e.g. \\\"x\\\" for horizontal and \\\"y\\\" for vertical) and its theme via data-mcs-theme. For example:\",\"25\":\"\",\"24\":\"News Test Four\"}}', '2016-07-15 01:10:45', '2016-07-15 01:10:45', 'f446bbd8-2941-4c0b-8a23-7a3e04395b39'),
 ('101', '69', '6', '1', 'en_us', '1', '', '{\"typeId\":null,\"authorId\":\"1\",\"title\":\"Test 101\",\"slug\":\"test-101\",\"postDate\":1469975069,\"expiryDate\":null,\"enabled\":1,\"parentId\":null,\"fields\":{\"19\":\"\",\"22\":\"was here\",\"23\":\"Matthew\",\"21\":[\"58\"]}}', '2016-07-31 14:24:29', '2016-07-31 14:24:29', '744b4f6e-6db2-4d4a-8eb2-7704d9119bbc');



DROP TABLE IF EXISTS `craft_fieldgroups`;


--
-- Schema for table `craft_fieldgroups`
--
CREATE TABLE `craft_fieldgroups` (
  `id` int(11) NOT NULL AUTO_INCREMENT,
  `name` varchar(255) COLLATE utf8_unicode_ci NOT NULL,
  `dateCreated` datetime NOT NULL,
  `dateUpdated` datetime NOT NULL,
  `uid` char(36) COLLATE utf8_unicode_ci NOT NULL DEFAULT '0',
  PRIMARY KEY (`id`),
  UNIQUE KEY `craft_fieldgroups_name_unq_idx` (`name`)
) ENGINE=InnoDB AUTO_INCREMENT=11 DEFAULT CHARSET=utf8 COLLATE=utf8_unicode_ci;

--
-- Data for table `craft_fieldgroups`
--

INSERT INTO `craft_fieldgroups` (`id`, `name`, `dateCreated`, `dateUpdated`, `uid`) VALUES
 ('1', 'Default', '2016-07-07 19:23:43', '2016-07-07 19:23:43', '31c2835b-78af-43d9-a043-d3f82cc3efe6'),
 ('3', 'Our Geckos', '2016-07-09 16:59:27', '2016-07-09 16:59:27', 'b9a252ee-1b6d-4bd8-8f50-ccc217f05b02'),
 ('4', 'Orbs', '2016-07-10 18:29:14', '2016-07-10 18:29:14', 'f475ed1a-152e-48db-a77c-69e52a33af94'),
 ('5', 'Products', '2016-07-11 01:06:39', '2016-07-11 01:06:39', '3c7ad466-51e2-4092-9b0a-a9c6591c3c51'),
 ('6', 'Gecko Food', '2016-07-11 01:47:14', '2016-07-11 01:47:14', '129adbc2-9b28-4020-99a1-8d7daad35c74'),
 ('7', 'Gecko Habitat', '2016-07-11 01:49:29', '2016-07-11 01:49:29', '9453af57-ae5f-4650-9ac2-aaf3464f2baa'),
 ('8', 'Articles', '2016-07-11 18:56:47', '2016-07-11 18:56:47', 'd81b6e79-7b1b-41c6-af0c-45c142400037'),
 ('9', 'Gallery', '2016-07-11 23:08:55', '2016-07-11 23:08:55', 'c994527b-6816-4f8b-ae80-9c489f2942c6'),
 ('10', 'News', '2016-07-13 21:31:28', '2016-07-13 21:31:28', '84b00d69-dc6b-4f2c-8290-ab4f5cccec4b');



DROP TABLE IF EXISTS `craft_fieldlayoutfields`;


--
-- Schema for table `craft_fieldlayoutfields`
--
CREATE TABLE `craft_fieldlayoutfields` (
  `id` int(11) NOT NULL AUTO_INCREMENT,
  `layoutId` int(11) NOT NULL,
  `tabId` int(11) NOT NULL,
  `fieldId` int(11) NOT NULL,
  `required` tinyint(1) unsigned NOT NULL DEFAULT '0',
  `sortOrder` smallint(6) unsigned DEFAULT NULL,
  `dateCreated` datetime NOT NULL,
  `dateUpdated` datetime NOT NULL,
  `uid` char(36) COLLATE utf8_unicode_ci NOT NULL DEFAULT '0',
  PRIMARY KEY (`id`),
  UNIQUE KEY `craft_fieldlayoutfields_layoutId_fieldId_unq_idx` (`layoutId`,`fieldId`),
  KEY `craft_fieldlayoutfields_sortOrder_idx` (`sortOrder`),
  KEY `craft_fieldlayoutfields_tabId_fk` (`tabId`),
  KEY `craft_fieldlayoutfields_fieldId_fk` (`fieldId`)
) ENGINE=InnoDB AUTO_INCREMENT=47 DEFAULT CHARSET=utf8 COLLATE=utf8_unicode_ci;

--
-- Data for table `craft_fieldlayoutfields`
--

INSERT INTO `craft_fieldlayoutfields` (`id`, `layoutId`, `tabId`, `fieldId`, `required`, `sortOrder`, `dateCreated`, `dateUpdated`, `uid`) VALUES
 ('1', '3', '1', '1', '1', '1', '2016-07-07 19:23:43', '2016-07-07 19:23:43', '090e3b5f-a5e3-4705-ab97-5d427c26f7aa'),
 ('6', '11', '4', '1', '0', '1', '2016-07-08 22:10:52', '2016-07-08 22:10:52', '886ba3a5-4eec-4a61-b536-017491798c88'),
 ('7', '11', '4', '2', '0', '2', '2016-07-08 22:10:52', '2016-07-08 22:10:52', 'b47d504a-dde1-47cb-be9c-0e8feaed84d7'),
 ('18', '17', '10', '7', '0', '1', '2016-07-09 17:24:55', '2016-07-09 17:24:55', 'd438612d-3ce6-4e6b-a67b-16a3a27908fa'),
 ('19', '17', '10', '1', '0', '2', '2016-07-09 17:24:55', '2016-07-09 17:24:55', 'e4f58738-90e8-4718-9578-11361dc45e08'),
 ('20', '17', '10', '2', '0', '3', '2016-07-09 17:24:55', '2016-07-09 17:24:55', '05a83503-6f30-407d-a17d-e5cad8687969'),
 ('21', '19', '11', '7', '0', '1', '2016-07-09 17:29:30', '2016-07-09 17:29:30', 'a80821f1-1d94-4813-a689-3cabb1d67d1e'),
 ('22', '33', '12', '5', '0', '1', '2016-07-10 15:34:24', '2016-07-10 15:34:24', 'a92bbcb4-155f-4829-b729-fcb761227d7a'),
 ('23', '33', '12', '6', '0', '2', '2016-07-10 15:34:24', '2016-07-10 15:34:24', '13c00a27-d0b9-4f00-bf84-9db07ce4a682'),
 ('26', '37', '14', '8', '0', '1', '2016-07-10 22:28:05', '2016-07-10 22:28:05', '97cce922-2e7b-45c0-bc10-6ccb1f3c348e'),
 ('27', '37', '14', '9', '0', '2', '2016-07-10 22:28:05', '2016-07-10 22:28:05', '0d1e2d2c-79f8-4cb5-8589-d0ae1d3b54a2'),
 ('28', '37', '14', '10', '0', '3', '2016-07-10 22:28:05', '2016-07-10 22:28:05', '10c5ffbe-77ea-47c8-a0ad-6d80a22b26d6'),
 ('29', '40', '15', '14', '0', '1', '2016-07-11 01:58:14', '2016-07-11 01:58:14', '47b9892b-5807-4693-bee1-8b31de5c8322'),
 ('30', '40', '15', '13', '0', '2', '2016-07-11 01:58:14', '2016-07-11 01:58:14', '953ad9df-f77f-4377-9e48-918db2bec475'),
 ('32', '45', '17', '18', '0', '1', '2016-07-11 19:05:46', '2016-07-11 19:05:46', 'eb0c5d99-c75b-493a-89a4-fc938816742d'),
 ('33', '45', '17', '20', '0', '2', '2016-07-11 19:05:46', '2016-07-11 19:05:46', '801d7910-9992-4f90-9c39-f5c6a8d749f3'),
 ('34', '45', '17', '19', '0', '3', '2016-07-11 19:05:46', '2016-07-11 19:05:46', 'f53952f6-324c-4e9c-9661-7199e590744d'),
 ('40', '48', '20', '21', '0', '1', '2016-07-13 02:38:11', '2016-07-13 02:38:11', '3fad34e8-6021-4b52-ad21-0a334f46270b'),
 ('41', '48', '20', '23', '0', '2', '2016-07-13 02:38:11', '2016-07-13 02:38:11', '3e74bbba-5c0c-4597-93a5-03c49d49b494'),
 ('42', '48', '20', '22', '0', '3', '2016-07-13 02:38:11', '2016-07-13 02:38:11', 'e6d4a44e-a088-4d26-8bff-67f8ba74e5db'),
 ('43', '48', '20', '19', '0', '4', '2016-07-13 02:38:11', '2016-07-13 02:38:11', '64e9e87e-9e73-46d5-8ab9-da7c3fa80f19'),
 ('44', '49', '21', '25', '0', '1', '2016-07-13 21:43:42', '2016-07-13 21:43:42', '544d56f4-f77a-4fad-a853-b0623508f288'),
 ('45', '49', '21', '24', '0', '2', '2016-07-13 21:43:42', '2016-07-13 21:43:42', 'c3066d50-c09a-459f-97a0-9d8844361fb2'),
 ('46', '49', '21', '26', '0', '3', '2016-07-13 21:43:42', '2016-07-13 21:43:42', 'bf5c7121-e5e1-4063-836a-bc8c6ca2995f');



DROP TABLE IF EXISTS `craft_fieldlayouts`;


--
-- Schema for table `craft_fieldlayouts`
--
CREATE TABLE `craft_fieldlayouts` (
  `id` int(11) NOT NULL AUTO_INCREMENT,
  `type` varchar(150) COLLATE utf8_unicode_ci NOT NULL,
  `dateCreated` datetime NOT NULL,
  `dateUpdated` datetime NOT NULL,
  `uid` char(36) COLLATE utf8_unicode_ci NOT NULL DEFAULT '0',
  PRIMARY KEY (`id`),
  KEY `craft_fieldlayouts_type_idx` (`type`)
) ENGINE=InnoDB AUTO_INCREMENT=50 DEFAULT CHARSET=utf8 COLLATE=utf8_unicode_ci;

--
-- Data for table `craft_fieldlayouts`
--

INSERT INTO `craft_fieldlayouts` (`id`, `type`, `dateCreated`, `dateUpdated`, `uid`) VALUES
 ('1', 'Tag', '2016-07-07 19:23:43', '2016-07-07 19:23:43', 'e0d8fb39-cbff-49fb-8bfe-9d1fe8c97e8e'),
 ('3', 'Entry', '2016-07-07 19:23:43', '2016-07-07 19:23:43', '65e13911-f66b-4a05-8a37-e0bdeb917b32'),
 ('11', 'Entry', '2016-07-08 22:10:52', '2016-07-08 22:10:52', 'e49fe464-dbdd-4ed4-b2e3-f41f1d2243b6'),
 ('12', 'Entry', '2016-07-08 22:17:03', '2016-07-08 22:17:03', '7de95acd-1d18-41b4-9b03-c1796dac4d40'),
 ('17', 'Entry', '2016-07-09 17:24:55', '2016-07-09 17:24:55', '4cb6d25d-3ef1-4f21-a201-11064214e62c'),
 ('19', 'Asset', '2016-07-09 17:29:30', '2016-07-09 17:29:30', 'ffc299e1-ce2a-44f2-9634-ecfcacf1bb2c'),
 ('33', 'Entry', '2016-07-10 15:34:24', '2016-07-10 15:34:24', 'bf6c5c32-e6c0-46e9-b0d7-1230addc64b6'),
 ('34', 'Asset', '2016-07-10 16:04:50', '2016-07-10 16:04:50', '9504d2ce-51c8-4050-831a-498a2c556535'),
 ('37', 'Entry', '2016-07-10 22:28:05', '2016-07-10 22:28:05', '79451dc2-714e-4e26-891a-b1a4909e69bb'),
 ('39', 'Entry', '2016-07-11 01:05:18', '2016-07-11 01:05:18', '0b7fce02-82f6-4e5b-9012-f924d6f47303'),
 ('40', 'Entry', '2016-07-11 01:58:14', '2016-07-11 01:58:14', '2007ac06-e7f1-468e-8a0a-b8e42f06ef1b'),
 ('45', 'Entry', '2016-07-11 19:05:46', '2016-07-11 19:05:46', '0dd5d1a4-4f88-4036-b864-11e311e67bd9'),
 ('48', 'Entry', '2016-07-13 02:38:11', '2016-07-13 02:38:11', '475b3fa8-6c8a-4caf-a6bf-4a0534ae653f'),
 ('49', 'Entry', '2016-07-13 21:43:42', '2016-07-13 21:43:42', '268bd41e-4668-4103-b2cd-bbefc6ea3607');



DROP TABLE IF EXISTS `craft_fieldlayouttabs`;


--
-- Schema for table `craft_fieldlayouttabs`
--
CREATE TABLE `craft_fieldlayouttabs` (
  `id` int(11) NOT NULL AUTO_INCREMENT,
  `layoutId` int(11) NOT NULL,
  `name` varchar(255) COLLATE utf8_unicode_ci NOT NULL,
  `sortOrder` smallint(6) unsigned DEFAULT NULL,
  `dateCreated` datetime NOT NULL,
  `dateUpdated` datetime NOT NULL,
  `uid` char(36) COLLATE utf8_unicode_ci NOT NULL DEFAULT '0',
  PRIMARY KEY (`id`),
  KEY `craft_fieldlayouttabs_sortOrder_idx` (`sortOrder`),
  KEY `craft_fieldlayouttabs_layoutId_fk` (`layoutId`)
) ENGINE=InnoDB AUTO_INCREMENT=22 DEFAULT CHARSET=utf8 COLLATE=utf8_unicode_ci;

--
-- Data for table `craft_fieldlayouttabs`
--

INSERT INTO `craft_fieldlayouttabs` (`id`, `layoutId`, `name`, `sortOrder`, `dateCreated`, `dateUpdated`, `uid`) VALUES
 ('1', '3', 'Content', '1', '2016-07-07 19:23:43', '2016-07-07 19:23:43', '97342a4d-13aa-4860-b7c0-e2c01c25bc36'),
 ('4', '11', 'Default', '1', '2016-07-08 22:10:52', '2016-07-08 22:10:52', '7f4d2ab5-d49c-4ea7-abd9-fbce06f4adcc'),
 ('10', '17', 'About', '1', '2016-07-09 17:24:55', '2016-07-09 17:24:55', '8fb01b53-e8fc-4dac-b395-26a0301bab41'),
 ('11', '19', 'Content', '1', '2016-07-09 17:29:30', '2016-07-09 17:29:30', '4a4b8650-ee8d-48f5-abf8-9646489c8f30'),
 ('12', '33', 'Our Geckos', '1', '2016-07-10 15:34:24', '2016-07-10 15:34:24', '80e2e80d-965f-462a-95fb-2c5df26fbd40'),
 ('14', '37', 'Orbs', '1', '2016-07-10 22:28:05', '2016-07-10 22:28:05', '2373e5a1-9a78-4263-a5ce-f98753899af7'),
 ('15', '40', 'Gecko Food', '1', '2016-07-11 01:58:14', '2016-07-11 01:58:14', '2a39d5f2-5601-44b8-91b6-0332299579e5'),
 ('17', '45', 'Articles', '1', '2016-07-11 19:05:46', '2016-07-11 19:05:46', 'bc61288d-b89a-45e9-b937-7f9c517b8728'),
 ('20', '48', 'Gallery', '1', '2016-07-13 02:38:11', '2016-07-13 02:38:11', '27d15d03-7d4b-49cc-9f31-ea72960dbda2'),
 ('21', '49', 'News', '1', '2016-07-13 21:43:42', '2016-07-13 21:43:42', 'd08a73f8-624e-4000-8a34-9b84b6fa6146');



DROP TABLE IF EXISTS `craft_fields`;


--
-- Schema for table `craft_fields`
--
CREATE TABLE `craft_fields` (
  `id` int(11) NOT NULL AUTO_INCREMENT,
  `groupId` int(11) DEFAULT NULL,
  `name` varchar(255) COLLATE utf8_unicode_ci NOT NULL,
  `handle` varchar(58) COLLATE utf8_unicode_ci NOT NULL,
  `context` varchar(255) COLLATE utf8_unicode_ci NOT NULL DEFAULT 'global',
  `instructions` text COLLATE utf8_unicode_ci,
  `translatable` tinyint(1) unsigned NOT NULL DEFAULT '0',
  `type` varchar(150) COLLATE utf8_unicode_ci NOT NULL,
  `settings` text COLLATE utf8_unicode_ci,
  `dateCreated` datetime NOT NULL,
  `dateUpdated` datetime NOT NULL,
  `uid` char(36) COLLATE utf8_unicode_ci NOT NULL DEFAULT '0',
  PRIMARY KEY (`id`),
  UNIQUE KEY `craft_fields_handle_context_unq_idx` (`handle`,`context`),
  KEY `craft_fields_context_idx` (`context`),
  KEY `craft_fields_groupId_fk` (`groupId`)
) ENGINE=InnoDB AUTO_INCREMENT=27 DEFAULT CHARSET=utf8 COLLATE=utf8_unicode_ci;

--
-- Data for table `craft_fields`
--

INSERT INTO `craft_fields` (`id`, `groupId`, `name`, `handle`, `context`, `instructions`, `translatable`, `type`, `settings`, `dateCreated`, `dateUpdated`, `uid`) VALUES
 ('1', '1', 'Body', 'body', 'global', NULL, '1', 'RichText', '{\"configFile\":\"Standard.json\",\"columnType\":\"text\"}', '2016-07-07 19:23:43', '2016-07-07 19:23:43', '38ab0fe4-5dfb-4155-a256-3233f0b45128'),
 ('2', '1', 'Tags', 'tags', 'global', NULL, '0', 'Tags', '{\"source\":\"taggroup:1\"}', '2016-07-07 19:23:43', '2016-07-07 19:23:43', '154496eb-8884-44d5-8a43-0188a9f57fe6'),
 ('5', '3', 'Gecko Name', 'geckoName', 'global', 'Add a gecko\'s name', '0', 'PlainText', '{\"placeholder\":\"\",\"maxLength\":\"\",\"multiline\":\"\",\"initialRows\":\"4\"}', '2016-07-09 17:00:07', '2016-07-09 17:00:07', '0723a9ab-714e-4085-884c-5d82f32a3a79'),
 ('6', '3', 'Gecko Image', 'geckoImage', 'global', 'add the gecko\'s picture...', '0', 'Assets', '{\"useSingleFolder\":\"1\",\"sources\":\"*\",\"defaultUploadLocationSource\":\"2\",\"defaultUploadLocationSubpath\":\"\",\"singleUploadLocationSource\":\"2\",\"singleUploadLocationSubpath\":\"assets\\/images\\/\",\"restrictFiles\":\"1\",\"allowedKinds\":[\"image\"],\"limit\":\"1\",\"viewMode\":\"list\",\"selectionLabel\":\"\"}', '2016-07-09 17:01:32', '2016-07-10 16:11:07', '48d6a9d4-a531-4d40-9492-a5010ec48c2e'),
 ('7', '1', 'content image', 'contentImage', 'global', 'add content related image...', '0', 'Assets', '{\"useSingleFolder\":\"\",\"defaultUploadLocationSubpath\":\"assets\\/images\",\"singleUploadLocationSubpath\":\"\",\"restrictFiles\":\"1\",\"allowedKinds\":[\"image\"],\"limit\":\"1\",\"viewMode\":\"list\",\"selectionLabel\":\"\"}', '2016-07-09 17:23:18', '2016-07-09 17:23:18', 'ac37e053-4f57-47c5-9602-dd0e527ed224'),
 ('8', '4', 'orbHeading', 'orbheading', 'global', 'tile your orb here...', '0', 'PlainText', '{\"placeholder\":\"placeholder\",\"maxLength\":\"10\",\"multiline\":\"\",\"initialRows\":\"4\"}', '2016-07-10 18:32:02', '2016-07-10 18:32:02', '276187eb-3c5e-4563-ab03-43b3c3b62830'),
 ('9', '4', 'orbList', 'orblist', 'global', 'enter only 3 list items...', '0', 'RichText', '{\"configFile\":\"\",\"availableAssetSources\":\"*\",\"availableTransforms\":\"*\",\"cleanupHtml\":\"1\",\"purifyHtml\":\"1\",\"columnType\":\"text\"}', '2016-07-10 18:36:29', '2016-07-10 18:43:39', '38ec3c7b-74bc-48c0-b62c-f70967f30544'),
 ('10', '4', 'orb story', 'orbStory', 'global', 'add an editorial here...', '0', 'RichText', '{\"configFile\":\"\",\"availableAssetSources\":\"*\",\"availableTransforms\":\"*\",\"cleanupHtml\":\"1\",\"purifyHtml\":\"1\",\"columnType\":\"text\"}', '2016-07-10 22:27:32', '2016-07-10 22:27:32', '7b2187b9-9832-42d0-b10e-f5a001f03304'),
 ('13', '6', 'Food Name', 'foodName', 'global', '', '0', 'PlainText', '{\"placeholder\":\"Enter Food Name\",\"maxLength\":\"\",\"multiline\":\"\",\"initialRows\":\"4\"}', '2016-07-11 01:48:01', '2016-07-11 01:48:01', '998d2196-3d64-4d78-8bd0-48fdfeb716fa'),
 ('14', '6', 'Food Image', 'foodImage', 'global', '', '0', 'Assets', '{\"useSingleFolder\":\"1\",\"sources\":\"*\",\"defaultUploadLocationSource\":\"2\",\"defaultUploadLocationSubpath\":\"\",\"singleUploadLocationSource\":\"2\",\"singleUploadLocationSubpath\":\"\",\"restrictFiles\":\"1\",\"allowedKinds\":[\"image\"],\"limit\":\"1\",\"viewMode\":\"list\",\"selectionLabel\":\"\"}', '2016-07-11 01:49:16', '2016-07-11 01:49:16', '329fb745-6103-4726-b8d3-2ebdaa1c52e6'),
 ('15', '7', 'Habitat Name', 'habitatName', 'global', '', '0', 'PlainText', '{\"placeholder\":\"\",\"maxLength\":\"\",\"multiline\":\"\",\"initialRows\":\"4\"}', '2016-07-11 01:50:50', '2016-07-11 01:50:50', '27f0ec2a-9e68-4774-91ff-1673cbbda804'),
 ('16', '7', 'Habitat Image', 'habitatImage', 'global', '', '0', 'Assets', '{\"useSingleFolder\":\"1\",\"sources\":\"*\",\"defaultUploadLocationSource\":\"2\",\"defaultUploadLocationSubpath\":\"\",\"singleUploadLocationSource\":\"2\",\"singleUploadLocationSubpath\":\"\",\"restrictFiles\":\"\",\"limit\":\"1\",\"viewMode\":\"list\",\"selectionLabel\":\"\"}', '2016-07-11 01:51:51', '2016-07-11 01:51:51', '5ed76b64-c698-4f68-9ff6-a287a9350da7'),
 ('17', '1', 'Category Link', 'categoryLink', 'global', '', '0', 'PlainText', '{\"placeholder\":\"Add link here\",\"maxLength\":\"30\",\"multiline\":\"\",\"initialRows\":\"4\"}', '2016-07-11 18:14:28', '2016-07-11 18:14:28', '85aad6e7-1b0b-4d88-8bae-873a199e5599'),
 ('18', '8', 'Article Title', 'articleTitle', 'global', 'add the article title here...', '0', 'PlainText', '{\"placeholder\":\"\",\"maxLength\":\"30\",\"multiline\":\"\",\"initialRows\":\"4\"}', '2016-07-11 18:59:47', '2016-07-11 18:59:47', 'e5a30209-cf92-40b8-8395-529a59d12c1c'),
 ('19', '8', 'Article Body', 'articleBody', 'global', 'add your article body here...', '0', 'RichText', '{\"configFile\":\"\",\"availableAssetSources\":\"*\",\"availableTransforms\":\"*\",\"cleanupHtml\":\"1\",\"purifyHtml\":\"1\",\"columnType\":\"text\"}', '2016-07-11 19:00:56', '2016-07-11 19:00:56', '1a26042e-a7d3-4d7b-a7bb-f5475a2e1856'),
 ('20', '8', 'Article Image', 'articleImage', 'global', 'add an image related to your article...', '0', 'Assets', '{\"useSingleFolder\":\"1\",\"sources\":\"*\",\"defaultUploadLocationSource\":\"2\",\"defaultUploadLocationSubpath\":\"\",\"singleUploadLocationSource\":\"2\",\"singleUploadLocationSubpath\":\"articles\",\"restrictFiles\":\"1\",\"allowedKinds\":[\"image\"],\"limit\":\"1\",\"viewMode\":\"list\",\"selectionLabel\":\"\"}', '2016-07-11 19:02:55', '2016-07-11 19:02:55', 'a6027bbc-3df8-40fa-84d0-4d45ea6bc6ec'),
 ('21', '9', 'Gallery Image', 'galleryImage', 'global', 'add a gallery image here...', '0', 'Assets', '{\"useSingleFolder\":\"1\",\"sources\":\"*\",\"defaultUploadLocationSource\":\"2\",\"defaultUploadLocationSubpath\":\"\",\"singleUploadLocationSource\":\"2\",\"singleUploadLocationSubpath\":\"gallery\",\"restrictFiles\":\"1\",\"allowedKinds\":[\"image\"],\"limit\":\"1\",\"viewMode\":\"large\",\"selectionLabel\":\"\"}', '2016-07-11 23:10:30', '2016-07-11 23:10:30', '5a15cf07-e731-4f5e-9c26-66cbef2dee23'),
 ('22', '9', 'Caption', 'caption', 'global', 'add image caption here...', '0', 'PlainText', '{\"placeholder\":\"Forget the caption?\",\"maxLength\":\"100\",\"multiline\":\"\",\"initialRows\":\"4\"}', '2016-07-11 23:11:48', '2016-07-12 16:40:30', '548636b0-43cb-4270-80d4-a8725196420e'),
 ('23', '9', 'Caption Heading', 'captionHeading', 'global', 'add caption heading here...', '0', 'PlainText', '{\"placeholder\":\"\",\"maxLength\":\"25\",\"multiline\":\"\",\"initialRows\":\"4\"}', '2016-07-12 16:37:10', '2016-07-12 16:37:10', '3144347a-5aba-4f07-849d-a829e57ea9d6'),
 ('24', '10', 'News Title', 'newsTitle', 'global', 'add the title of the news article here...', '0', 'PlainText', '{\"placeholder\":\"Did you forget the title?\",\"maxLength\":\"\",\"multiline\":\"\",\"initialRows\":\"4\"}', '2016-07-13 21:34:38', '2016-07-13 21:34:38', '4cda5486-8ee0-44b6-9d81-7c71691ae89e'),
 ('25', '10', 'News Image', 'newsImage', 'global', 'add news related image here', '0', 'Assets', '{\"useSingleFolder\":\"1\",\"sources\":\"*\",\"defaultUploadLocationSource\":\"2\",\"defaultUploadLocationSubpath\":\"news\",\"singleUploadLocationSource\":\"2\",\"singleUploadLocationSubpath\":\"news\",\"restrictFiles\":\"1\",\"allowedKinds\":[\"image\"],\"limit\":\"1\",\"viewMode\":\"list\",\"selectionLabel\":\"\"}', '2016-07-13 21:39:51', '2016-07-13 21:39:51', '9f0e5f10-1c58-4b3e-aa9d-6062ddbb284a'),
 ('26', '10', 'News Body', 'newsBody', 'global', '', '0', 'PlainText', '{\"placeholder\":\"\",\"maxLength\":\"\",\"multiline\":\"\",\"initialRows\":\"4\"}', '2016-07-13 21:42:13', '2016-07-13 22:11:44', '8ea4991c-d079-4997-bfa1-45cee1472ffa');



DROP TABLE IF EXISTS `craft_globalsets`;


--
-- Schema for table `craft_globalsets`
--
CREATE TABLE `craft_globalsets` (
  `id` int(11) NOT NULL,
  `name` varchar(255) COLLATE utf8_unicode_ci NOT NULL,
  `handle` varchar(255) COLLATE utf8_unicode_ci NOT NULL,
  `fieldLayoutId` int(10) DEFAULT NULL,
  `dateCreated` datetime NOT NULL,
  `dateUpdated` datetime NOT NULL,
  `uid` char(36) COLLATE utf8_unicode_ci NOT NULL DEFAULT '0',
  PRIMARY KEY (`id`),
  UNIQUE KEY `craft_globalsets_name_unq_idx` (`name`),
  UNIQUE KEY `craft_globalsets_handle_unq_idx` (`handle`),
  KEY `craft_globalsets_fieldLayoutId_fk` (`fieldLayoutId`)
) ENGINE=InnoDB DEFAULT CHARSET=utf8 COLLATE=utf8_unicode_ci;

DROP TABLE IF EXISTS `craft_info`;


--
-- Schema for table `craft_info`
--
CREATE TABLE `craft_info` (
  `id` int(11) NOT NULL AUTO_INCREMENT,
  `version` varchar(15) COLLATE utf8_unicode_ci NOT NULL,
  `build` int(11) unsigned NOT NULL,
  `schemaVersion` varchar(15) COLLATE utf8_unicode_ci NOT NULL,
  `releaseDate` datetime NOT NULL,
  `edition` tinyint(1) unsigned NOT NULL DEFAULT '0',
  `siteName` varchar(100) COLLATE utf8_unicode_ci NOT NULL,
  `siteUrl` varchar(255) COLLATE utf8_unicode_ci NOT NULL,
  `timezone` varchar(30) COLLATE utf8_unicode_ci DEFAULT NULL,
  `on` tinyint(1) unsigned NOT NULL DEFAULT '0',
  `maintenance` tinyint(1) unsigned NOT NULL DEFAULT '0',
  `track` varchar(40) COLLATE utf8_unicode_ci NOT NULL,
  `dateCreated` datetime NOT NULL,
  `dateUpdated` datetime NOT NULL,
  `uid` char(36) COLLATE utf8_unicode_ci NOT NULL DEFAULT '0',
  PRIMARY KEY (`id`)
) ENGINE=InnoDB AUTO_INCREMENT=2 DEFAULT CHARSET=utf8 COLLATE=utf8_unicode_ci;

--
-- Data for table `craft_info`
--

INSERT INTO `craft_info` (`id`, `version`, `build`, `schemaVersion`, `releaseDate`, `edition`, `siteName`, `siteUrl`, `timezone`, `on`, `maintenance`, `track`, `dateCreated`, `dateUpdated`, `uid`) VALUES
 ('1', '2.6', '2797', '2.6.5', '2016-07-18 17:52:13', '0', 'Leo Gecko\'s', 'http://localhost:8888/', 'America/New_York', '1', '1', 'stable', '2016-07-07 19:23:38', '2016-08-03 14:58:24', '6c078fa8-b154-4626-8f80-be52767ded48');



DROP TABLE IF EXISTS `craft_locales`;


--
-- Schema for table `craft_locales`
--
CREATE TABLE `craft_locales` (
  `locale` char(12) COLLATE utf8_unicode_ci NOT NULL,
  `sortOrder` smallint(6) unsigned DEFAULT NULL,
  `dateCreated` datetime NOT NULL,
  `dateUpdated` datetime NOT NULL,
  `uid` char(36) COLLATE utf8_unicode_ci NOT NULL DEFAULT '0',
  PRIMARY KEY (`locale`),
  KEY `craft_locales_sortOrder_idx` (`sortOrder`)
) ENGINE=InnoDB DEFAULT CHARSET=utf8 COLLATE=utf8_unicode_ci;

--
-- Data for table `craft_locales`
--

INSERT INTO `craft_locales` (`locale`, `sortOrder`, `dateCreated`, `dateUpdated`, `uid`) VALUES
 ('en_us', '1', '2016-07-07 19:23:39', '2016-07-07 19:23:39', 'b63a14df-1b70-44de-bc5f-95d8de46efc6');



DROP TABLE IF EXISTS `craft_matrixblocks`;


--
-- Schema for table `craft_matrixblocks`
--
CREATE TABLE `craft_matrixblocks` (
  `id` int(11) NOT NULL,
  `ownerId` int(11) NOT NULL,
  `fieldId` int(11) NOT NULL,
  `typeId` int(11) DEFAULT NULL,
  `sortOrder` smallint(6) unsigned DEFAULT NULL,
  `ownerLocale` char(12) COLLATE utf8_unicode_ci DEFAULT NULL,
  `dateCreated` datetime NOT NULL,
  `dateUpdated` datetime NOT NULL,
  `uid` char(36) COLLATE utf8_unicode_ci NOT NULL DEFAULT '0',
  PRIMARY KEY (`id`),
  KEY `craft_matrixblocks_ownerId_idx` (`ownerId`),
  KEY `craft_matrixblocks_fieldId_idx` (`fieldId`),
  KEY `craft_matrixblocks_typeId_idx` (`typeId`),
  KEY `craft_matrixblocks_sortOrder_idx` (`sortOrder`),
  KEY `craft_matrixblocks_ownerLocale_fk` (`ownerLocale`)
) ENGINE=InnoDB DEFAULT CHARSET=utf8 COLLATE=utf8_unicode_ci;

DROP TABLE IF EXISTS `craft_matrixblocktypes`;


--
-- Schema for table `craft_matrixblocktypes`
--
CREATE TABLE `craft_matrixblocktypes` (
  `id` int(11) NOT NULL AUTO_INCREMENT,
  `fieldId` int(11) NOT NULL,
  `fieldLayoutId` int(11) DEFAULT NULL,
  `name` varchar(255) COLLATE utf8_unicode_ci NOT NULL,
  `handle` varchar(255) COLLATE utf8_unicode_ci NOT NULL,
  `sortOrder` smallint(6) unsigned DEFAULT NULL,
  `dateCreated` datetime NOT NULL,
  `dateUpdated` datetime NOT NULL,
  `uid` char(36) COLLATE utf8_unicode_ci NOT NULL DEFAULT '0',
  PRIMARY KEY (`id`),
  UNIQUE KEY `craft_matrixblocktypes_name_fieldId_unq_idx` (`name`,`fieldId`),
  UNIQUE KEY `craft_matrixblocktypes_handle_fieldId_unq_idx` (`handle`,`fieldId`),
  KEY `craft_matrixblocktypes_fieldId_fk` (`fieldId`),
  KEY `craft_matrixblocktypes_fieldLayoutId_fk` (`fieldLayoutId`)
) ENGINE=InnoDB DEFAULT CHARSET=utf8 COLLATE=utf8_unicode_ci;

DROP TABLE IF EXISTS `craft_migrations`;


--
-- Schema for table `craft_migrations`
--
CREATE TABLE `craft_migrations` (
  `id` int(11) NOT NULL AUTO_INCREMENT,
  `pluginId` int(11) DEFAULT NULL,
  `version` varchar(255) COLLATE utf8_unicode_ci NOT NULL,
  `applyTime` datetime NOT NULL,
  `dateCreated` datetime NOT NULL,
  `dateUpdated` datetime NOT NULL,
  `uid` char(36) COLLATE utf8_unicode_ci NOT NULL DEFAULT '0',
  PRIMARY KEY (`id`),
  UNIQUE KEY `craft_migrations_version_unq_idx` (`version`),
  KEY `craft_migrations_pluginId_fk` (`pluginId`)
) ENGINE=InnoDB AUTO_INCREMENT=36 DEFAULT CHARSET=utf8 COLLATE=utf8_unicode_ci;

--
-- Data for table `craft_migrations`
--

INSERT INTO `craft_migrations` (`id`, `pluginId`, `version`, `applyTime`, `dateCreated`, `dateUpdated`, `uid`) VALUES
 ('1', NULL, 'm000000_000000_base', '2016-07-07 19:23:38', '2016-07-07 19:23:38', '2016-07-07 19:23:38', '0b1799cb-af2d-478b-a9bc-4bd6ae6b8cdf'),
 ('2', NULL, 'm140730_000001_add_filename_and_format_to_transformindex', '2016-07-07 19:23:38', '2016-07-07 19:23:38', '2016-07-07 19:23:38', '8c5fea9f-602d-400a-819e-183e5f7e670f'),
 ('3', NULL, 'm140815_000001_add_format_to_transforms', '2016-07-07 19:23:38', '2016-07-07 19:23:38', '2016-07-07 19:23:38', '9f34dcee-bc70-4c2c-a03d-89cf38217b61'),
 ('4', NULL, 'm140822_000001_allow_more_than_128_items_per_field', '2016-07-07 19:23:38', '2016-07-07 19:23:38', '2016-07-07 19:23:38', '7ae3df33-5428-4ce6-886d-b3c0dc657a93'),
 ('5', NULL, 'm140829_000001_single_title_formats', '2016-07-07 19:23:38', '2016-07-07 19:23:38', '2016-07-07 19:23:38', 'f02d553c-ef93-4f91-9d41-f2d45f024e3b'),
 ('6', NULL, 'm140831_000001_extended_cache_keys', '2016-07-07 19:23:38', '2016-07-07 19:23:38', '2016-07-07 19:23:38', '89e28d39-29cb-4c9d-a6be-20c9f36e3a91'),
 ('7', NULL, 'm140922_000001_delete_orphaned_matrix_blocks', '2016-07-07 19:23:38', '2016-07-07 19:23:38', '2016-07-07 19:23:38', '9f35a5aa-7856-4eb8-8403-cf7eb581fd63'),
 ('8', NULL, 'm141008_000001_elements_index_tune', '2016-07-07 19:23:38', '2016-07-07 19:23:38', '2016-07-07 19:23:38', 'e926b319-5b88-4846-b793-c58603095247'),
 ('9', NULL, 'm141009_000001_assets_source_handle', '2016-07-07 19:23:38', '2016-07-07 19:23:38', '2016-07-07 19:23:38', 'ab4a79c4-6a22-4136-82f7-ee3ff653bc98'),
 ('10', NULL, 'm141024_000001_field_layout_tabs', '2016-07-07 19:23:38', '2016-07-07 19:23:38', '2016-07-07 19:23:38', 'fb9af08a-8cbd-4eea-b26a-219755234ffc'),
 ('11', NULL, 'm141030_000000_plugin_schema_versions', '2016-07-07 19:23:38', '2016-07-07 19:23:38', '2016-07-07 19:23:38', '380ce0c7-a87e-4db2-984c-a25b96e573d3'),
 ('12', NULL, 'm141030_000001_drop_structure_move_permission', '2016-07-07 19:23:38', '2016-07-07 19:23:38', '2016-07-07 19:23:38', 'c52e2988-c6af-4333-980f-ca047f0afee1'),
 ('13', NULL, 'm141103_000001_tag_titles', '2016-07-07 19:23:38', '2016-07-07 19:23:38', '2016-07-07 19:23:38', '7132391c-d713-4afe-8378-59e492a1621d'),
 ('14', NULL, 'm141109_000001_user_status_shuffle', '2016-07-07 19:23:38', '2016-07-07 19:23:38', '2016-07-07 19:23:38', '2d1e49b0-6f87-424f-8e90-e47a63dd11b7'),
 ('15', NULL, 'm141126_000001_user_week_start_day', '2016-07-07 19:23:38', '2016-07-07 19:23:38', '2016-07-07 19:23:38', '29ff6203-3a46-4f28-b8d5-6abb8cdea583'),
 ('16', NULL, 'm150210_000001_adjust_user_photo_size', '2016-07-07 19:23:38', '2016-07-07 19:23:38', '2016-07-07 19:23:38', '38f80155-44c7-4a0d-9d83-badf73bd84e4'),
 ('17', NULL, 'm150724_000001_adjust_quality_settings', '2016-07-07 19:23:38', '2016-07-07 19:23:38', '2016-07-07 19:23:38', 'ddd23d01-8fce-4dd1-a6ed-5ee9c0699d66'),
 ('18', NULL, 'm150827_000000_element_index_settings', '2016-07-07 19:23:38', '2016-07-07 19:23:38', '2016-07-07 19:23:38', 'd04c0983-188f-4f36-84a3-7f19e39d6ed2'),
 ('19', NULL, 'm150918_000001_add_colspan_to_widgets', '2016-07-07 19:23:38', '2016-07-07 19:23:38', '2016-07-07 19:23:38', '28b790a9-f995-4204-bac4-06164dff93a6'),
 ('20', NULL, 'm151007_000000_clear_asset_caches', '2016-07-07 19:23:38', '2016-07-07 19:23:38', '2016-07-07 19:23:38', '3009ea74-5918-4b60-aaf7-b371be4cf3e9'),
 ('21', NULL, 'm151109_000000_text_url_formats', '2016-07-07 19:23:38', '2016-07-07 19:23:38', '2016-07-07 19:23:38', '6c2ddaf1-ce32-4778-95df-bb6a6d7859a9'),
 ('22', NULL, 'm151110_000000_move_logo', '2016-07-07 19:23:38', '2016-07-07 19:23:38', '2016-07-07 19:23:38', '2a8392c2-e3db-4228-83b7-ac122abdc6aa'),
 ('23', NULL, 'm151117_000000_adjust_image_widthheight', '2016-07-07 19:23:38', '2016-07-07 19:23:38', '2016-07-07 19:23:38', '67cff139-2a31-4694-b59a-4ba7f15f059c'),
 ('24', NULL, 'm151127_000000_clear_license_key_status', '2016-07-07 19:23:38', '2016-07-07 19:23:38', '2016-07-07 19:23:38', '5a817e60-8980-4138-b54f-f6d85c69f39f'),
 ('25', NULL, 'm151127_000000_plugin_license_keys', '2016-07-07 19:23:38', '2016-07-07 19:23:38', '2016-07-07 19:23:38', '5c150132-1448-4c37-bd3e-ff7de4a5dd1c'),
 ('26', NULL, 'm151130_000000_update_pt_widget_feeds', '2016-07-07 19:23:38', '2016-07-07 19:23:38', '2016-07-07 19:23:38', '08ef34a4-d3c9-4296-9013-1ece63511ab4'),
 ('27', NULL, 'm160114_000000_asset_sources_public_url_default_true', '2016-07-07 19:23:38', '2016-07-07 19:23:38', '2016-07-07 19:23:38', '7634cb09-9c95-47d6-9841-bef02589be9f'),
 ('28', NULL, 'm160223_000000_sortorder_to_smallint', '2016-07-07 19:23:38', '2016-07-07 19:23:38', '2016-07-07 19:23:38', '62b09029-0ed9-4612-be15-f4be15bf4044'),
 ('29', NULL, 'm160229_000000_set_default_entry_statuses', '2016-07-07 19:23:38', '2016-07-07 19:23:38', '2016-07-07 19:23:38', '227c8e37-1cb5-4351-9790-b870374508be'),
 ('30', NULL, 'm160304_000000_client_permissions', '2016-07-07 19:23:38', '2016-07-07 19:23:38', '2016-07-07 19:23:38', 'bc54161f-45d8-4888-bf93-53fc83223ff0'),
 ('31', NULL, 'm160322_000000_asset_filesize', '2016-07-07 19:23:38', '2016-07-07 19:23:38', '2016-07-07 19:23:38', '2c172501-af58-4b6d-ae8d-760059428c89'),
 ('32', NULL, 'm160503_000000_orphaned_fieldlayouts', '2016-07-07 19:23:38', '2016-07-07 19:23:38', '2016-07-07 19:23:38', 'c80ac163-c16e-4b22-8db3-7d50e0103ace'),
 ('33', NULL, 'm160510_000000_tasksettings', '2016-07-07 19:23:38', '2016-07-07 19:23:39', '2016-07-07 19:23:39', '35f8c2b4-a243-4ba5-b787-212ffeef5e97'),
 ('34', '1', 'm150324_000002_comments_addVotesAndFlagsTable', '2016-07-15 02:05:33', '2016-07-15 02:05:33', '2016-07-15 02:05:33', '4fd9e213-997f-4124-b5fd-3839387734f4'),
 ('35', '1', 'm150324_000004_comments_supportElements', '2016-07-15 02:05:33', '2016-07-15 02:05:33', '2016-07-15 02:05:33', '8d47ef1b-4317-4764-b971-1a81c578504f');



DROP TABLE IF EXISTS `craft_plugins`;


--
-- Schema for table `craft_plugins`
--
CREATE TABLE `craft_plugins` (
  `id` int(11) NOT NULL AUTO_INCREMENT,
  `class` varchar(150) COLLATE utf8_unicode_ci NOT NULL,
  `version` varchar(15) COLLATE utf8_unicode_ci NOT NULL,
  `schemaVersion` varchar(15) COLLATE utf8_unicode_ci DEFAULT NULL,
  `licenseKey` char(24) COLLATE utf8_unicode_ci DEFAULT NULL,
  `licenseKeyStatus` enum('valid','invalid','mismatched','unknown') COLLATE utf8_unicode_ci NOT NULL DEFAULT 'unknown',
  `enabled` tinyint(1) unsigned NOT NULL DEFAULT '0',
  `settings` text COLLATE utf8_unicode_ci,
  `installDate` datetime NOT NULL,
  `dateCreated` datetime NOT NULL,
  `dateUpdated` datetime NOT NULL,
  `uid` char(36) COLLATE utf8_unicode_ci NOT NULL DEFAULT '0',
  PRIMARY KEY (`id`)
) ENGINE=InnoDB AUTO_INCREMENT=2 DEFAULT CHARSET=utf8 COLLATE=utf8_unicode_ci;

--
-- Data for table `craft_plugins`
--

INSERT INTO `craft_plugins` (`id`, `class`, `version`, `schemaVersion`, `licenseKey`, `licenseKeyStatus`, `enabled`, `settings`, `installDate`, `dateCreated`, `dateUpdated`, `uid`) VALUES
 ('1', 'Comments', '0.4.4', '1.0.0', NULL, 'unknown', '1', '{\"structureId\":\"6\",\"permissions\":{\"Asset\":\"*\",\"Entry\":[\"7\",\"6\",\"4\",\"13\"],\"Tag\":\"*\",\"User\":\"*\"},\"closed\":null,\"allowAnonymous\":false,\"requireModeration\":true,\"autoCloseDays\":\"\",\"allowVoting\":true,\"flaggedCommentLimit\":\"5\",\"allowFlagging\":true,\"downvoteCommentLimit\":\"5\",\"templateFolderOverride\":null,\"securityModeration\":null,\"securityBlacklist\":null,\"securityBanned\":null,\"securityFlooding\":null,\"notificationAuthorEnabled\":true,\"notificationReplyEnabled\":true}', '2016-07-15 02:05:33', '2016-07-15 02:05:33', '2016-08-03 14:58:21', '4fc90265-4b1e-4488-a783-fcca53beabe9');



DROP TABLE IF EXISTS `craft_rackspaceaccess`;


--
-- Schema for table `craft_rackspaceaccess`
--
CREATE TABLE `craft_rackspaceaccess` (
  `id` int(11) NOT NULL AUTO_INCREMENT,
  `connectionKey` varchar(255) COLLATE utf8_unicode_ci NOT NULL,
  `token` varchar(255) COLLATE utf8_unicode_ci NOT NULL,
  `storageUrl` varchar(255) COLLATE utf8_unicode_ci NOT NULL,
  `cdnUrl` varchar(255) COLLATE utf8_unicode_ci NOT NULL,
  `dateCreated` datetime NOT NULL,
  `dateUpdated` datetime NOT NULL,
  `uid` char(36) COLLATE utf8_unicode_ci NOT NULL DEFAULT '0',
  PRIMARY KEY (`id`),
  UNIQUE KEY `craft_rackspaceaccess_connectionKey_unq_idx` (`connectionKey`)
) ENGINE=InnoDB DEFAULT CHARSET=utf8 COLLATE=utf8_unicode_ci;

DROP TABLE IF EXISTS `craft_relations`;


--
-- Schema for table `craft_relations`
--
CREATE TABLE `craft_relations` (
  `id` int(11) NOT NULL AUTO_INCREMENT,
  `fieldId` int(11) NOT NULL,
  `sourceId` int(11) NOT NULL,
  `sourceLocale` char(12) COLLATE utf8_unicode_ci DEFAULT NULL,
  `targetId` int(11) NOT NULL,
  `sortOrder` smallint(6) DEFAULT NULL,
  `dateCreated` datetime NOT NULL,
  `dateUpdated` datetime NOT NULL,
  `uid` char(36) COLLATE utf8_unicode_ci NOT NULL DEFAULT '0',
  PRIMARY KEY (`id`),
  UNIQUE KEY `craft_relations_fieldId_sourceId_sourceLocale_targetId_unq_idx` (`fieldId`,`sourceId`,`sourceLocale`,`targetId`),
  KEY `craft_relations_sourceId_fk` (`sourceId`),
  KEY `craft_relations_sourceLocale_fk` (`sourceLocale`),
  KEY `craft_relations_targetId_fk` (`targetId`)
) ENGINE=InnoDB AUTO_INCREMENT=40 DEFAULT CHARSET=utf8 COLLATE=utf8_unicode_ci;

--
-- Data for table `craft_relations`
--

INSERT INTO `craft_relations` (`id`, `fieldId`, `sourceId`, `sourceLocale`, `targetId`, `sortOrder`, `dateCreated`, `dateUpdated`, `uid`) VALUES
 ('8', '6', '24', NULL, '26', '1', '2016-07-10 16:50:58', '2016-07-10 16:50:58', '49a1d2c3-8bba-4d9e-863d-d69f8c50ef3d'),
 ('9', '6', '25', NULL, '27', '1', '2016-07-10 16:51:43', '2016-07-10 16:51:43', 'c0960b77-1898-45d5-844a-eea63c3f1064'),
 ('10', '6', '20', NULL, '28', '1', '2016-07-10 16:54:58', '2016-07-10 16:54:58', '86e92e51-f3aa-4cc1-9ce0-293e4317925b'),
 ('11', '7', '4', NULL, '29', '1', '2016-07-10 17:30:59', '2016-07-10 17:30:59', '99fb60e3-dfe2-4c2b-9b9a-cf20639b2fc6'),
 ('13', '20', '34', NULL, '46', '1', '2016-07-11 21:06:31', '2016-07-11 21:06:31', 'a4c32dbb-339c-459d-8f96-04888bc10494'),
 ('23', '21', '53', NULL, '52', '1', '2016-07-12 23:44:52', '2016-07-12 23:44:52', '05bc9a33-c4e4-4152-bc93-8e03da7810b0'),
 ('25', '21', '49', NULL, '48', '1', '2016-07-12 23:45:20', '2016-07-12 23:45:20', '8fb60cf0-3802-4753-a563-e8c5036b189c'),
 ('26', '21', '5', NULL, '47', '1', '2016-07-12 23:45:34', '2016-07-12 23:45:34', 'cfdd2dba-58c3-4dec-aa7a-cf0e7b6d6f4a'),
 ('28', '21', '51', NULL, '50', '1', '2016-07-13 00:01:15', '2016-07-13 00:01:15', '8ce0a2d0-528a-4590-9503-dcd6e2ba8b0a'),
 ('29', '21', '55', NULL, '54', '1', '2016-07-13 00:03:25', '2016-07-13 00:03:25', 'd64c1dae-9240-4775-92e0-a45f60cdf587'),
 ('35', '21', '59', NULL, '58', '1', '2016-07-13 02:40:08', '2016-07-13 02:40:08', '386a4ed2-d619-4dfd-a4ba-abf66dcb347c'),
 ('36', '21', '57', NULL, '56', '1', '2016-07-13 02:41:10', '2016-07-13 02:41:10', '9e1ad216-250b-4a77-8a1d-15b4bf300cc9'),
 ('37', '21', '61', NULL, '60', '1', '2016-07-13 02:49:09', '2016-07-13 02:49:09', '84d03ea4-6682-4dfb-b536-ee1a51e25c79'),
 ('38', '25', '63', NULL, '66', '1', '2016-07-14 01:38:06', '2016-07-14 01:38:06', '89fdc520-5f1e-4cd8-8eed-4d4488562457'),
 ('39', '21', '69', NULL, '58', '1', '2016-07-31 14:24:29', '2016-07-31 14:24:29', '8787b5db-d02f-4506-a285-0b7c1bdce044');



DROP TABLE IF EXISTS `craft_routes`;


--
-- Schema for table `craft_routes`
--
CREATE TABLE `craft_routes` (
  `id` int(11) NOT NULL AUTO_INCREMENT,
  `locale` char(12) COLLATE utf8_unicode_ci DEFAULT NULL,
  `urlParts` varchar(255) COLLATE utf8_unicode_ci NOT NULL,
  `urlPattern` varchar(255) COLLATE utf8_unicode_ci NOT NULL,
  `template` varchar(255) COLLATE utf8_unicode_ci NOT NULL,
  `sortOrder` smallint(6) unsigned DEFAULT NULL,
  `dateCreated` datetime NOT NULL,
  `dateUpdated` datetime NOT NULL,
  `uid` char(36) COLLATE utf8_unicode_ci NOT NULL DEFAULT '0',
  PRIMARY KEY (`id`),
  UNIQUE KEY `craft_routes_urlPattern_unq_idx` (`urlPattern`),
  KEY `craft_routes_locale_idx` (`locale`)
) ENGINE=InnoDB DEFAULT CHARSET=utf8 COLLATE=utf8_unicode_ci;

DROP TABLE IF EXISTS `craft_searchindex`;


--
-- Schema for table `craft_searchindex`
--
CREATE TABLE `craft_searchindex` (
  `elementId` int(11) NOT NULL,
  `attribute` varchar(25) COLLATE utf8_unicode_ci NOT NULL,
  `fieldId` int(11) NOT NULL,
  `locale` char(12) COLLATE utf8_unicode_ci NOT NULL,
  `keywords` text COLLATE utf8_unicode_ci NOT NULL,
  PRIMARY KEY (`elementId`,`attribute`,`fieldId`,`locale`),
  FULLTEXT KEY `craft_searchindex_keywords_idx` (`keywords`)
) ENGINE=MyISAM DEFAULT CHARSET=utf8 COLLATE=utf8_unicode_ci;

--
-- Data for table `craft_searchindex`
--

INSERT INTO `craft_searchindex` (`elementId`, `attribute`, `fieldId`, `locale`, `keywords`) VALUES
 ('1', 'username', '0', 'en_us', ' daddyo '),
 ('1', 'firstname', '0', 'en_us', ''),
 ('1', 'lastname', '0', 'en_us', ''),
 ('1', 'fullname', '0', 'en_us', ''),
 ('1', 'email', '0', 'en_us', ' mark markjmoyer com '),
 ('1', 'slug', '0', 'en_us', ''),
 ('2', 'slug', '0', 'en_us', ' homepage '),
 ('2', 'title', '0', 'en_us', ' welcome to leo gecko '),
 ('2', 'field', '1', 'en_us', ' it s true this site doesn t have a whole lot of content yet but don t worry we have just installed the cms and we re setting things up for the content editors this very moment soon leo gecko will be an oasis of fresh perspectives sharp analyses and astute opinions that will keep you coming back again and again and again '),
 ('67', 'field', '25', 'en_us', ''),
 ('67', 'field', '24', 'en_us', ' this is a test '),
 ('67', 'field', '26', 'en_us', ' highly customizable custom scrollbar jquery plugin features include vertical and or horizontal scrollbar s adjustable scrolling momentum mouse wheel via jquery mousewheel plugin keyboard and touch support ready to use themes and customization via css rtl direction support option parameters for full control of scrollbar functionality methods for triggering actions like scroll to update destroy etc user defined callbacks and more '),
 ('66', 'title', '0', 'en_us', ' craftcms red '),
 ('66', 'slug', '0', 'en_us', ' craftcms red '),
 ('66', 'extension', '0', 'en_us', ' png '),
 ('66', 'kind', '0', 'en_us', ' image '),
 ('4', 'slug', '0', 'en_us', ' about '),
 ('4', 'title', '0', 'en_us', ' about '),
 ('5', 'slug', '0', 'en_us', ' gallery '),
 ('5', 'title', '0', 'en_us', ' feeding gecko '),
 ('6', 'slug', '0', 'en_us', ' products '),
 ('6', 'title', '0', 'en_us', ' products '),
 ('4', 'field', '1', 'en_us', ' there s nothing unique about us in fact we re probably just like you having a love for reptiles and an overbearing desire to love the oh so personable leopard gecko we are not breeders or specialists in any way we ve learned by trial error and the internet so much that we like to think our geckos live in a technologically advanced environment true i like to tap a camera that i have pointed into their crate and watch them regardless of where i m at also like having the ability to monitor humidity and temp from afar with todays tech i can provide better for them even if i am a bit anal about it we decided to start blogging after many began contacting us and asking a ton of questions i love answering those questions but it became so time consuming none of us could keep up additionally a lot of the questions and comments we began receiving didn t make sense to us so a blog was born you re more than welcome to take what interest you but please give of us a shout out if your using our content elsewhere leave the rest at the curb for someone else remember we are not experts and have several $300 vet bills to prove it '),
 ('4', 'field', '2', 'en_us', ''),
 ('7', 'filename', '0', 'en_us', ' gecko1 jpg '),
 ('7', 'extension', '0', 'en_us', ' jpg '),
 ('7', 'kind', '0', 'en_us', ' image '),
 ('7', 'slug', '0', 'en_us', ' gecko1 '),
 ('7', 'title', '0', 'en_us', ' gecko1 '),
 ('4', 'field', '6', 'en_us', ''),
 ('4', 'field', '5', 'en_us', ''),
 ('22', 'kind', '0', 'en_us', ' image '),
 ('22', 'slug', '0', 'en_us', ' gecko1 '),
 ('22', 'title', '0', 'en_us', ' gecko1 '),
 ('25', 'field', '5', 'en_us', ' hayday '),
 ('29', 'filename', '0', 'en_us', ' gecko3 jpg '),
 ('10', 'filename', '0', 'en_us', ' gecko2 jpg '),
 ('10', 'extension', '0', 'en_us', ' jpg '),
 ('10', 'kind', '0', 'en_us', ' image '),
 ('10', 'slug', '0', 'en_us', ' gecko2 '),
 ('10', 'title', '0', 'en_us', ' gecko2 '),
 ('11', 'filename', '0', 'en_us', ' headerbg png '),
 ('11', 'extension', '0', 'en_us', ' png '),
 ('11', 'kind', '0', 'en_us', ' image '),
 ('11', 'slug', '0', 'en_us', ' header bg '),
 ('11', 'title', '0', 'en_us', ' header bg '),
 ('12', 'filename', '0', 'en_us', ' leopardgecko png '),
 ('12', 'extension', '0', 'en_us', ' png '),
 ('12', 'kind', '0', 'en_us', ' image '),
 ('12', 'slug', '0', 'en_us', ' leopardgecko '),
 ('12', 'title', '0', 'en_us', ' leopardgecko '),
 ('4', 'field', '7', 'en_us', ' gecko3 '),
 ('65', 'title', '0', 'en_us', ' news test 2 '),
 ('66', 'filename', '0', 'en_us', ' craftcms red png '),
 ('65', 'slug', '0', 'en_us', ' news test 2 '),
 ('63', 'field', '26', 'en_us', ' quisque sit amet est et sapien ullamcorper pharetra vestibulum erat wisi condimentum sed commodo vitae ornare sit amet wisi aenean fermentum elit eget tincidunt condimentum eros ipsum rutrum orci sagittis tempus lacus enim ac dui donec non enim in turpis pulvinar facilisis ut felis praesent dapibus neque id cursus faucibus tortor neque egestas augue eu vulputate magna eros eu erat aliquam erat volutpat nam dui mi tincidunt quis accumsan porttitor facilisis luctus metus '),
 ('63', 'field', '25', 'en_us', ' craftcms red '),
 ('63', 'field', '24', 'en_us', ' we just installed craft '),
 ('67', 'slug', '0', 'en_us', ' news test 3 '),
 ('19', 'filename', '0', 'en_us', ' gecko1 jpg '),
 ('22', 'extension', '0', 'en_us', ' jpg '),
 ('22', 'filename', '0', 'en_us', ' gecko1 jpg '),
 ('19', 'extension', '0', 'en_us', ' jpg '),
 ('19', 'kind', '0', 'en_us', ' image '),
 ('19', 'slug', '0', 'en_us', ' gecko1 '),
 ('19', 'title', '0', 'en_us', ' gecko1 '),
 ('20', 'field', '5', 'en_us', ' mr cleo '),
 ('20', 'field', '6', 'en_us', ' mrcleo '),
 ('20', 'slug', '0', 'en_us', ' mr cleo '),
 ('20', 'title', '0', 'en_us', ' mr cleo '),
 ('24', 'title', '0', 'en_us', ' alice '),
 ('24', 'slug', '0', 'en_us', ' alice '),
 ('24', 'field', '6', 'en_us', ' alice '),
 ('24', 'field', '5', 'en_us', ' alice '),
 ('25', 'field', '6', 'en_us', ' hayday '),
 ('25', 'slug', '0', 'en_us', ' hayday '),
 ('25', 'title', '0', 'en_us', ' hayday '),
 ('26', 'filename', '0', 'en_us', ' alice jpg '),
 ('26', 'extension', '0', 'en_us', ' jpg '),
 ('26', 'kind', '0', 'en_us', ' image '),
 ('26', 'slug', '0', 'en_us', ' alice '),
 ('26', 'title', '0', 'en_us', ' alice '),
 ('27', 'filename', '0', 'en_us', ' hayday jpg '),
 ('27', 'extension', '0', 'en_us', ' jpg '),
 ('27', 'kind', '0', 'en_us', ' image '),
 ('27', 'slug', '0', 'en_us', ' hayday '),
 ('27', 'title', '0', 'en_us', ' hayday '),
 ('28', 'filename', '0', 'en_us', ' mrcleo jpg '),
 ('28', 'extension', '0', 'en_us', ' jpg '),
 ('28', 'kind', '0', 'en_us', ' image '),
 ('28', 'slug', '0', 'en_us', ' mrcleo '),
 ('28', 'title', '0', 'en_us', ' mrcleo '),
 ('29', 'extension', '0', 'en_us', ' jpg '),
 ('29', 'kind', '0', 'en_us', ' image '),
 ('29', 'slug', '0', 'en_us', ' gecko3 '),
 ('29', 'title', '0', 'en_us', ' gecko3 '),
 ('30', 'field', '8', 'en_us', ' our geckos '),
 ('30', 'field', '9', 'en_us', ' baby geckossmall geckoslarge geckos '),
 ('30', 'slug', '0', 'en_us', ' orb1 '),
 ('30', 'title', '0', 'en_us', ' orb1 ');
INSERT INTO `craft_searchindex` (`elementId`, `attribute`, `fieldId`, `locale`, `keywords`) VALUES
 ('31', 'field', '8', 'en_us', ' gecko food '),
 ('31', 'field', '9', 'en_us', ' mealwormsdubia roachessuperworms '),
 ('31', 'slug', '0', 'en_us', ' orb2 '),
 ('31', 'title', '0', 'en_us', ' orb2 '),
 ('32', 'field', '8', 'en_us', ' gecko care '),
 ('32', 'field', '9', 'en_us', ' habitatsexing male or femalehealth sickness '),
 ('32', 'slug', '0', 'en_us', ' orb3 '),
 ('32', 'title', '0', 'en_us', ' orb3 '),
 ('30', 'field', '10', 'en_us', ' of course we think our leopard geckos are the best and most unique of reptiles hopefully this is how you feel about yours we also think of our geckos as the greatest of entertainers but each of them have unique personalities hayday for instance is our climber once the crate opens up her head is pointed straight up and she awaits a lift into the outer domain she is curious and leaves no stone unturned she is by far the most active additionally she is not sexually mature as our other female is she also has no issue with buddying up with our mature male or even stepping on his head to get to food she is a big eater too alice is a sexually mature female who is currently laying eggs every 2 weeks mr cleo is our stud '),
 ('31', 'field', '10', 'en_us', ' we feed our leopard geckos meal worms for a staple and supplement their diets with dubias wax worms occasional superworms as well as calcium d3 '),
 ('32', 'field', '10', 'en_us', ' as with all pets leopard geckos depend on us for complete and unconditional care the better their habitat and environment is maintained the happier they are when we received mr cleo he was in dire straits he wasn t malnourished but he had several layers of bad sheds that had piled up in bad places his eyelids and toes took the worse hit i had no idea how to care for a leopard gecko other than a crash course of google but one thing i was sure about he didn t look right his eyes were black and he was not eating so i took him to the vet who luckily had leopard geckos of her own $260 later we took mr cleo home in the ensuing few days i learned that because his eyes were infected due to the bad sheds piling up on his lower eyelids he could not see his food so gave up on hunting 2 3 times a day i gave him eye drops and fed him through a syringe within 2 weeks he began eating again and had a perfect shed thanks to being moved into an environment where we could monitor and maintain humidity the point of this story is that we inherited mr cleo and knew nothing about caring for him however he let us know the best way he could that he needed help that was a long time ago and i ve not had to take any of our leo s to a vet since knock on wood we love them and look after them daily we are lucky to have each other '),
 ('34', 'field', '20', 'en_us', ' geckofood '),
 ('34', 'field', '18', 'en_us', ' leopard gecko food '),
 ('34', 'field', '19', 'en_us', ' lorem ipsum dolor sit amet netus et malesuada fames ac turpis egestas vestibulum tortor quam feugiat vitae ultricies eget tempor sit amet ante donec eu libero sit amet quam egestas semper aenean ultricies mi vitae est mauris placerat eleifend leo quisque sit amet est et sapien ullamcorper pharetra vestibulum erat wisi condimentum sed commodo vitae ornare sit amet wisi aenean fermentum elit eget tincidunt condimentum eros ipsum rutrum orci sagittis tempus lacus enim ac dui donec non enim in turpis pulvinar facilisis ut felis praesent dapibus neque id cursus faucibus tortor neque egestas augue eu vulputate magna eros eu erat aliquam erat volutpat nam dui mi tincidunt quis accumsan porttitor facilisis luctus metus '),
 ('34', 'slug', '0', 'en_us', ' leopard gecko food '),
 ('34', 'title', '0', 'en_us', ' leopard gecko food '),
 ('35', 'field', '18', 'en_us', ' habitat and environment '),
 ('35', 'field', '20', 'en_us', ''),
 ('35', 'field', '19', 'en_us', ' vestibulum tortor quam feugiat vitae ultricies eget tempor sit amet ante donec eu libero sit amet quam egestas semper aenean ultricies mi vitae est mauris placerat eleifend leo quisque sit amet est et sapien ullamcorper pharetra vestibulum erat wisi condimentum sed commodo vitae ornare sit amet wisi aenean fermentum elit eget tincidunt condimentum eros ipsum rutrum orci sagittis tempus lacus enim ac dui donec non enim in turpis pulvinar facilisis ut felis praesent dapibus neque id cursus faucibus tortor neque egestas augue eu vulputate magna eros eu erat aliquam erat volutpat nam dui mi tincidunt quis accumsan porttitor facilisis luctus metus '),
 ('35', 'slug', '0', 'en_us', ' habitat and environment '),
 ('35', 'title', '0', 'en_us', ' habitat and environment '),
 ('36', 'field', '18', 'en_us', ' leopard gecko breeding '),
 ('36', 'field', '20', 'en_us', ''),
 ('36', 'field', '19', 'en_us', ' lorem ipsum dolor sit amet netus et malesuada fames ac turpis egestas vestibulum tortor quam feugiat vitae ultricies eget tempor sit amet ante donec eu libero sit amet quam egestas semper aenean ultricies mi vitae est mauris placerat eleifend leo quisque sit amet est et sapien ullamcorper pharetra vestibulum erat wisi condimentum sed commodo vitae ornare sit amet wisi aenean fermentum elit eget tincidunt condimentum eros ipsum rutrum orci sagittis tempus lacus enim ac dui donec non enim in turpis pulvinar facilisis ut felis praesent dapibus neque id cursus faucibus tortor neque egestas augue eu vulputate magna eros eu erat aliquam erat volutpat nam dui mi tincidunt quis accumsan porttitor facilisis luctus metus '),
 ('36', 'slug', '0', 'en_us', ' leopard gecko breeding '),
 ('36', 'title', '0', 'en_us', ' leopard gecko breeding '),
 ('37', 'field', '18', 'en_us', ' sexing leopard geckos '),
 ('37', 'field', '20', 'en_us', ''),
 ('37', 'field', '19', 'en_us', ' donec eu libero sit amet quam egestas semper aenean ultricies mi vitae est mauris placerat eleifend leo quisque sit amet est et sapien ullamcorper pharetra vestibulum erat wisi condimentum sed commodo vitae ornare sit amet wisi aenean fermentum elit eget tincidunt condimentum eros ipsum rutrum orci sagittis tempus lacus enim ac dui donec non enim in turpis pulvinar facilisis ut felis praesent dapibus neque id cursus faucibus tortor neque egestas augue eu vulputate magna eros eu erat aliquam erat volutpat nam dui mi tincidunt quis accumsan porttitor facilisis luctus metus '),
 ('37', 'slug', '0', 'en_us', ' sexing leopard geckos '),
 ('37', 'title', '0', 'en_us', ' sexing leopard geckos '),
 ('38', 'filename', '0', 'en_us', ' thumb1 jpg '),
 ('38', 'extension', '0', 'en_us', ' jpg '),
 ('38', 'kind', '0', 'en_us', ' image '),
 ('38', 'slug', '0', 'en_us', ' thumb1 '),
 ('38', 'title', '0', 'en_us', ' thumb1 '),
 ('39', 'filename', '0', 'en_us', ' thumb2 jpg '),
 ('39', 'extension', '0', 'en_us', ' jpg '),
 ('39', 'kind', '0', 'en_us', ' image '),
 ('39', 'slug', '0', 'en_us', ' thumb2 '),
 ('39', 'title', '0', 'en_us', ' thumb2 '),
 ('40', 'filename', '0', 'en_us', ' thumb3 jpg '),
 ('40', 'extension', '0', 'en_us', ' jpg '),
 ('40', 'kind', '0', 'en_us', ' image '),
 ('40', 'slug', '0', 'en_us', ' thumb3 '),
 ('40', 'title', '0', 'en_us', ' thumb3 '),
 ('41', 'filename', '0', 'en_us', ' thumb4 jpg '),
 ('41', 'extension', '0', 'en_us', ' jpg '),
 ('41', 'kind', '0', 'en_us', ' image '),
 ('41', 'slug', '0', 'en_us', ' thumb4 '),
 ('41', 'title', '0', 'en_us', ' thumb4 '),
 ('42', 'field', '18', 'en_us', ' leopard gecko books '),
 ('42', 'field', '20', 'en_us', ''),
 ('42', 'field', '19', 'en_us', ' lorem ipsum dolor sit amet netus et malesuada fames ac turpis egestas vestibulum tortor quam feugiat vitae ultricies eget tempor sit amet ante donec eu libero sit amet quam egestas semper aenean ultricies mi vitae est mauris placerat eleifend leo quisque sit amet est et sapien ullamcorper pharetra vestibulum erat wisi condimentum sed commodo vitae ornare sit amet wisi aenean fermentum elit eget tincidunt condimentum eros ipsum rutrum orci sagittis tempus lacus enim ac dui donec non enim in turpis pulvinar facilisis ut felis '),
 ('42', 'slug', '0', 'en_us', ' leopard gecko books '),
 ('42', 'title', '0', 'en_us', ' leopard gecko books '),
 ('43', 'field', '18', 'en_us', ' leopard gecko safety '),
 ('43', 'field', '20', 'en_us', ''),
 ('43', 'field', '19', 'en_us', ' vestibulum tortor quam feugiat vitae ultricies eget tempor sit amet ante donec eu libero sit amet quam egestas semper aenean ultricies mi vitae est mauris placerat eleifend leo quisque sit amet est et sapien ullamcorper pharetra vestibulum erat wisi condimentum sed commodo vitae ornare sit amet wisi aenean fermentum elit eget tincidunt condimentum eros ipsum rutrum orci sagittis tempus lacus enim ac dui donec non enim in turpis pulvinar facilisis ut felis praesent dapibus neque id cursus faucibus tortor neque egestas augue eu vulputate magna eros eu erat aliquam erat volutpat '),
 ('43', 'slug', '0', 'en_us', ' leopard gecko safety '),
 ('43', 'title', '0', 'en_us', ' leopard gecko safety '),
 ('44', 'field', '18', 'en_us', ' technology for leopard geckos '),
 ('44', 'field', '20', 'en_us', ''),
 ('44', 'field', '19', 'en_us', ' quisque sit amet est et sapien ullamcorper pharetra vestibulum erat wisi condimentum sed commodo vitae ornare sit amet wisi aenean fermentum elit eget tincidunt condimentum eros ipsum rutrum orci sagittis tempus lacus enim ac dui donec non enim in turpis pulvinar facilisis ut felis praesent dapibus neque id cursus faucibus tortor neque egestas augue eu vulputate magna eros eu erat aliquam erat volutpat nam dui mi tincidunt quis accumsan porttitor facilisis luctus metus '),
 ('44', 'slug', '0', 'en_us', ' technology for leopard geckos '),
 ('44', 'title', '0', 'en_us', ' technology for leopard geckos '),
 ('45', 'field', '18', 'en_us', ' caring for leopard geckos '),
 ('45', 'field', '20', 'en_us', ''),
 ('45', 'field', '19', 'en_us', ' aenean fermentum elit eget tincidunt condimentum eros ipsum rutrum orci sagittis tempus lacus enim ac dui donec non enim in turpis pulvinar facilisis ut felis praesent dapibus neque id cursus faucibus tortor neque egestas augue eu vulputate magna eros eu erat aliquam erat volutpat nam dui mi tincidunt quis accumsan porttitor facilisis luctus metus '),
 ('45', 'slug', '0', 'en_us', ' caring for leopard geckos '),
 ('45', 'title', '0', 'en_us', ' caring for leopard geckos '),
 ('46', 'filename', '0', 'en_us', ' geckofood jpg '),
 ('46', 'extension', '0', 'en_us', ' jpg '),
 ('46', 'kind', '0', 'en_us', ' image '),
 ('46', 'slug', '0', 'en_us', ' geckofood '),
 ('46', 'title', '0', 'en_us', ' geckofood '),
 ('47', 'filename', '0', 'en_us', ' gecko feeding jpg '),
 ('47', 'extension', '0', 'en_us', ' jpg '),
 ('47', 'kind', '0', 'en_us', ' image '),
 ('47', 'slug', '0', 'en_us', ' gecko feeding '),
 ('47', 'title', '0', 'en_us', ' gecko feeding '),
 ('5', 'field', '21', 'en_us', ' gecko feeding '),
 ('5', 'field', '22', 'en_us', ' yummmm '),
 ('5', 'field', '23', 'en_us', ' feeding crickets '),
 ('54', 'filename', '0', 'en_us', ' gallery4 jpg '),
 ('48', 'filename', '0', 'en_us', ' gallery2 jpg '),
 ('48', 'extension', '0', 'en_us', ' jpg '),
 ('48', 'kind', '0', 'en_us', ' image '),
 ('48', 'slug', '0', 'en_us', ' gallery2 '),
 ('48', 'title', '0', 'en_us', ' gallery2 '),
 ('49', 'field', '21', 'en_us', ' gallery2 '),
 ('49', 'field', '23', 'en_us', ' baby gecko '),
 ('49', 'field', '22', 'en_us', ' so cute '),
 ('54', 'extension', '0', 'en_us', ' jpg '),
 ('49', 'slug', '0', 'en_us', ' gecko black bg '),
 ('49', 'title', '0', 'en_us', ' baby gecko '),
 ('50', 'filename', '0', 'en_us', ' gallery3 jpg '),
 ('50', 'extension', '0', 'en_us', ' jpg '),
 ('50', 'kind', '0', 'en_us', ' image '),
 ('50', 'slug', '0', 'en_us', ' gallery3 ');
INSERT INTO `craft_searchindex` (`elementId`, `attribute`, `fieldId`, `locale`, `keywords`) VALUES
 ('50', 'title', '0', 'en_us', ' gallery3 '),
 ('51', 'field', '21', 'en_us', ' gallery3 '),
 ('51', 'field', '23', 'en_us', ' happy gecko s '),
 ('51', 'field', '22', 'en_us', ' you bet '),
 ('54', 'kind', '0', 'en_us', ' image '),
 ('51', 'slug', '0', 'en_us', ' mr cleo '),
 ('51', 'title', '0', 'en_us', ' happy geckos '),
 ('52', 'filename', '0', 'en_us', ' mealworms jpg '),
 ('52', 'extension', '0', 'en_us', ' jpg '),
 ('52', 'kind', '0', 'en_us', ' image '),
 ('52', 'slug', '0', 'en_us', ' mealworms '),
 ('52', 'title', '0', 'en_us', ' mealworms '),
 ('53', 'field', '21', 'en_us', ' mealworms '),
 ('53', 'field', '23', 'en_us', ' meal worms '),
 ('53', 'field', '22', 'en_us', ' breakfast of champs '),
 ('54', 'slug', '0', 'en_us', ' gallery4 '),
 ('53', 'slug', '0', 'en_us', ' meal worms '),
 ('53', 'title', '0', 'en_us', ' meal worms '),
 ('54', 'title', '0', 'en_us', ' gallery4 '),
 ('55', 'field', '21', 'en_us', ' gallery4 '),
 ('55', 'field', '23', 'en_us', ' what '),
 ('55', 'field', '22', 'en_us', ' example caption '),
 ('55', 'slug', '0', 'en_us', ' example 2 '),
 ('55', 'title', '0', 'en_us', ' example 2 '),
 ('56', 'filename', '0', 'en_us', ' gallery5 jpg '),
 ('56', 'extension', '0', 'en_us', ' jpg '),
 ('56', 'kind', '0', 'en_us', ' image '),
 ('56', 'slug', '0', 'en_us', ' gallery5 '),
 ('56', 'title', '0', 'en_us', ' gallery5 '),
 ('57', 'field', '21', 'en_us', ' gallery5 '),
 ('57', 'field', '23', 'en_us', ' breeding '),
 ('57', 'field', '22', 'en_us', ' thinking about babies '),
 ('57', 'slug', '0', 'en_us', ' breeding '),
 ('57', 'title', '0', 'en_us', ' breeding '),
 ('58', 'filename', '0', 'en_us', ' gallery6 jpg '),
 ('58', 'extension', '0', 'en_us', ' jpg '),
 ('58', 'kind', '0', 'en_us', ' image '),
 ('58', 'slug', '0', 'en_us', ' gallery6 '),
 ('58', 'title', '0', 'en_us', ' gallery6 '),
 ('59', 'field', '21', 'en_us', ' gallery6 '),
 ('59', 'field', '23', 'en_us', ' shedding '),
 ('59', 'field', '22', 'en_us', ' healthy sheds '),
 ('59', 'slug', '0', 'en_us', ' shedding '),
 ('59', 'title', '0', 'en_us', ' shedding '),
 ('60', 'filename', '0', 'en_us', ' gallery7 jpg '),
 ('60', 'extension', '0', 'en_us', ' jpg '),
 ('60', 'kind', '0', 'en_us', ' image '),
 ('60', 'slug', '0', 'en_us', ' gallery7 '),
 ('60', 'title', '0', 'en_us', ' gallery7 '),
 ('61', 'field', '21', 'en_us', ' gallery7 '),
 ('61', 'field', '23', 'en_us', ' alice s eggs '),
 ('61', 'field', '22', 'en_us', ' where oh where oh where could they be '),
 ('61', 'slug', '0', 'en_us', ' gallery 7 '),
 ('61', 'title', '0', 'en_us', ' alice s eggs '),
 ('61', 'field', '19', 'en_us', ' lorem ipsum dolor sit amet netus et malesuada fames ac turpis egestas vestibulum tortor quam feugiat vitae ultricies eget tempor sit amet ante donec eu libero sit amet quam egestas semper aenean ultricies mi vitae est mauris placerat eleifend leo quisque sit amet est et sapien ullamcorper pharetra vestibulum erat wisi condimentum sed commodo vitae ornare sit amet wisi aenean fermentum elit eget tincidunt condimentum eros ipsum rutrum orci sagittis tempus lacus enim ac dui donec non enim in turpis pulvinar facilisis ut felis praesent dapibus neque id cursus faucibus tortor neque egestas augue eu vulputate magna eros eu erat aliquam erat volutpat nam dui mi tincidunt quis accumsan porttitor facilisis luctus metus '),
 ('59', 'field', '19', 'en_us', ' lorem ipsum dolor sit amet netus et malesuada fames ac turpis egestas vestibulum tortor quam feugiat vitae ultricies eget tempor sit amet ante donec eu libero sit amet quam egestas semper aenean ultricies mi vitae est mauris placerat eleifend leo quisque sit amet est et sapien ullamcorper pharetra vestibulum erat wisi condimentum sed commodo vitae ornare sit amet wisi aenean fermentum elit eget tincidunt condimentum eros ipsum rutrum orci sagittis tempus lacus enim ac dui donec non enim in turpis pulvinar facilisis ut felis praesent dapibus neque id cursus faucibus tortor neque egestas augue eu vulputate magna eros eu erat aliquam erat volutpat nam dui mi tincidunt quis accumsan porttitor facilisis luctus metus '),
 ('57', 'field', '19', 'en_us', ' lorem ipsum dolor sit amet netus et malesuada fames ac turpis egestas vestibulum tortor quam feugiat vitae ultricies eget tempor sit amet ante donec eu libero sit amet quam egestas semper aenean ultricies mi vitae est mauris placerat eleifend leo quisque sit amet est et sapien ullamcorper pharetra vestibulum erat wisi condimentum sed commodo vitae ornare sit amet wisi aenean fermentum elit eget tincidunt condimentum eros ipsum rutrum orci sagittis tempus lacus enim ac dui donec non enim in turpis pulvinar facilisis ut felis praesent dapibus neque id cursus faucibus tortor neque egestas augue eu vulputate magna eros eu erat aliquam erat volutpat nam dui mi tincidunt quis accumsan porttitor facilisis luctus metus '),
 ('67', 'title', '0', 'en_us', ' news test 3 '),
 ('68', 'field', '25', 'en_us', ''),
 ('68', 'field', '24', 'en_us', ' news test four '),
 ('68', 'field', '26', 'en_us', ' add the class mcustomscrollbar to any element you want to add custom scrollbar s with default options optionally set its axis via the html data attribute data mcs axis e g x for horizontal and y for vertical and its theme via data mcs theme for example '),
 ('63', 'slug', '0', 'en_us', ' we just installed craft cms '),
 ('63', 'title', '0', 'en_us', ' we just installed craft cms '),
 ('64', 'field', '25', 'en_us', ''),
 ('64', 'field', '24', 'en_us', ' news test 1 '),
 ('64', 'field', '26', 'en_us', ' duis aute irure dolor in reprehenderit in voluptate velit esse cillum dolore eu fugiat nulla pariatur excepteur sint occaecat cupidatat non proident sunt in culpa qui officia deserunt mollit anim id est laborum '),
 ('64', 'slug', '0', 'en_us', ' news test 1 '),
 ('64', 'title', '0', 'en_us', ' news test 1 '),
 ('65', 'field', '25', 'en_us', ''),
 ('65', 'field', '24', 'en_us', ' news test 2 '),
 ('65', 'field', '26', 'en_us', ' pellentesque habitant morbi tristique senectus et netus et malesuada fames ac turpis egestas vestibulum tortor quam feugiat vitae ultricies eget tempor sit amet ante donec eu libero sit amet quam egestas semper aenean ultricies mi vitae est mauris placerat eleifend leo '),
 ('62', 'filename', '0', 'en_us', ' gallerybg jpg '),
 ('62', 'extension', '0', 'en_us', ' jpg '),
 ('62', 'kind', '0', 'en_us', ' image '),
 ('62', 'slug', '0', 'en_us', ' gallery bg '),
 ('62', 'title', '0', 'en_us', ' gallery bg '),
 ('68', 'slug', '0', 'en_us', ' news test four '),
 ('68', 'title', '0', 'en_us', ' news test four '),
 ('69', 'field', '21', 'en_us', ' gallery6 '),
 ('69', 'field', '23', 'en_us', ' matthew '),
 ('69', 'field', '22', 'en_us', ' was here '),
 ('69', 'field', '19', 'en_us', ''),
 ('69', 'slug', '0', 'en_us', ' test 101 '),
 ('69', 'title', '0', 'en_us', ' test 101 ');



DROP TABLE IF EXISTS `craft_sections`;


--
-- Schema for table `craft_sections`
--
CREATE TABLE `craft_sections` (
  `id` int(11) NOT NULL AUTO_INCREMENT,
  `structureId` int(11) DEFAULT NULL,
  `name` varchar(255) COLLATE utf8_unicode_ci NOT NULL,
  `handle` varchar(255) COLLATE utf8_unicode_ci NOT NULL,
  `type` enum('single','channel','structure') COLLATE utf8_unicode_ci NOT NULL DEFAULT 'channel',
  `hasUrls` tinyint(1) unsigned NOT NULL DEFAULT '1',
  `template` varchar(500) COLLATE utf8_unicode_ci DEFAULT NULL,
  `enableVersioning` tinyint(1) unsigned NOT NULL DEFAULT '0',
  `dateCreated` datetime NOT NULL,
  `dateUpdated` datetime NOT NULL,
  `uid` char(36) COLLATE utf8_unicode_ci NOT NULL DEFAULT '0',
  PRIMARY KEY (`id`),
  UNIQUE KEY `craft_sections_name_unq_idx` (`name`),
  UNIQUE KEY `craft_sections_handle_unq_idx` (`handle`),
  KEY `craft_sections_structureId_fk` (`structureId`)
) ENGINE=InnoDB AUTO_INCREMENT=14 DEFAULT CHARSET=utf8 COLLATE=utf8_unicode_ci;

--
-- Data for table `craft_sections`
--

INSERT INTO `craft_sections` (`id`, `structureId`, `name`, `handle`, `type`, `hasUrls`, `template`, `enableVersioning`, `dateCreated`, `dateUpdated`, `uid`) VALUES
 ('1', NULL, 'Homepage', 'homepage', 'single', '1', 'index', '1', '2016-07-07 19:23:43', '2016-07-07 19:23:43', 'dd6f8d26-b1b0-49e4-9743-171d46135c3d'),
 ('2', NULL, 'News', 'news', 'channel', '1', 'news/_entry', '1', '2016-07-07 19:23:43', '2016-07-07 19:51:00', '3e5d0305-e3bc-4545-b78e-14e3dd3a74ee'),
 ('4', NULL, 'Blog', 'blog', 'channel', '1', 'blog/_entry', '1', '2016-07-08 21:20:25', '2016-07-08 21:20:25', '7ea968b4-c5fe-4546-bd85-287fe89c43b2'),
 ('5', NULL, 'About', 'about', 'single', '1', 'about', '1', '2016-07-08 21:35:26', '2016-07-08 21:35:26', '132e2b60-8365-4fa7-8232-12fd126cae51'),
 ('6', NULL, 'Gallery', 'gallery', 'channel', '1', 'gallery/_entry', '1', '2016-07-08 21:52:25', '2016-07-08 21:52:25', 'ad1068e1-335a-4497-a687-2f13270a7913'),
 ('7', NULL, 'Products', 'products', 'channel', '1', 'products/_entry', '1', '2016-07-08 22:17:03', '2016-07-08 22:17:03', '6aa82951-3a98-4e5a-a57f-2c2c77ffa65d'),
 ('8', '1', 'About Sidebar', 'aboutSidebar', 'structure', '1', 'sidebar/_entry', '1', '2016-07-10 15:32:49', '2016-07-10 16:15:22', 'bb6f322f-77b6-4566-9bb2-1f4cd7fe64fb'),
 ('9', '2', 'Orbs', 'orbs', 'structure', '1', 'orbs/_entry', '1', '2016-07-10 18:28:37', '2016-07-10 19:44:11', '1a7d13d3-14b6-4dcd-9d0f-b39bec9e26f8'),
 ('10', '3', 'GeckoFood', 'geckoFood', 'structure', '1', 'food/_entry', '1', '2016-07-11 00:00:01', '2016-07-11 00:27:00', '962eb318-f5ef-433c-b637-1da32e3c436f'),
 ('11', '4', 'GeckoHabitat', 'geckohabitat', 'structure', '1', 'geckohabitat/_entry', '1', '2016-07-11 01:05:18', '2016-07-11 01:05:18', '9583e5ee-58f2-4439-8647-42589a0b8d33'),
 ('13', '5', 'Articles', 'articles', 'structure', '1', 'articles/_entry', '1', '2016-07-11 18:56:22', '2016-07-11 20:11:01', '797a3fb7-104f-48f2-9053-fc430b8265d9');



DROP TABLE IF EXISTS `craft_sections_i18n`;


--
-- Schema for table `craft_sections_i18n`
--
CREATE TABLE `craft_sections_i18n` (
  `id` int(11) NOT NULL AUTO_INCREMENT,
  `sectionId` int(11) NOT NULL,
  `locale` char(12) COLLATE utf8_unicode_ci NOT NULL,
  `enabledByDefault` tinyint(1) unsigned NOT NULL DEFAULT '1',
  `urlFormat` text COLLATE utf8_unicode_ci,
  `nestedUrlFormat` text COLLATE utf8_unicode_ci,
  `dateCreated` datetime NOT NULL,
  `dateUpdated` datetime NOT NULL,
  `uid` char(36) COLLATE utf8_unicode_ci NOT NULL DEFAULT '0',
  PRIMARY KEY (`id`),
  UNIQUE KEY `craft_sections_i18n_sectionId_locale_unq_idx` (`sectionId`,`locale`),
  KEY `craft_sections_i18n_locale_fk` (`locale`)
) ENGINE=InnoDB AUTO_INCREMENT=14 DEFAULT CHARSET=utf8 COLLATE=utf8_unicode_ci;

--
-- Data for table `craft_sections_i18n`
--

INSERT INTO `craft_sections_i18n` (`id`, `sectionId`, `locale`, `enabledByDefault`, `urlFormat`, `nestedUrlFormat`, `dateCreated`, `dateUpdated`, `uid`) VALUES
 ('1', '1', 'en_us', '1', '__home__', NULL, '2016-07-07 19:23:43', '2016-07-07 19:23:43', '67411a0f-9dc7-4477-a389-2f4c22af859d'),
 ('2', '2', 'en_us', '1', 'news/{postDate.year}/{slug}', NULL, '2016-07-07 19:23:43', '2016-07-07 19:23:43', '0aede78b-e15f-45e9-9644-cbda40a7b6b0'),
 ('4', '4', 'en_us', '1', 'blog/{slug}', NULL, '2016-07-08 21:20:25', '2016-07-08 21:20:25', 'f1a222fd-4552-4793-bbca-16d5a614e942'),
 ('5', '5', 'en_us', '1', 'about', NULL, '2016-07-08 21:35:26', '2016-07-08 21:35:26', '51403e2c-7191-4ada-aa3f-1882963b660d'),
 ('6', '6', 'en_us', '1', 'gallery/{slug}', NULL, '2016-07-08 21:52:25', '2016-07-08 21:52:25', '165f32da-1621-4821-8f2f-034c1d05e6c5'),
 ('7', '7', 'en_us', '1', 'products/{slug}', NULL, '2016-07-08 22:17:03', '2016-07-08 22:17:03', 'a7ed9919-ee2c-4088-a4ff-206e12042414'),
 ('8', '8', 'en_us', '1', 'sidebar/{slug}', '{parent.uri}/{slug}', '2016-07-10 15:32:49', '2016-07-10 15:32:49', 'c801c148-12af-4611-87de-0e745a5512b7'),
 ('9', '9', 'en_us', '1', 'orbs/{slug}', NULL, '2016-07-10 18:28:37', '2016-07-10 19:44:11', 'd4683e79-3c1f-45b6-ba99-733bad7d76fd'),
 ('10', '10', 'en_us', '1', 'food/{slug}', '{parent.uri}/{slug}', '2016-07-11 00:00:01', '2016-07-11 00:02:08', 'c019397b-4241-4636-9483-f109c2202fab'),
 ('11', '11', 'en_us', '1', 'geckohabitat/{slug}', '{parent.uri}/{slug}', '2016-07-11 01:05:18', '2016-07-11 01:05:18', 'f7b4080d-c64b-499f-8d62-cf065c6ef72e'),
 ('13', '13', 'en_us', '1', 'articles/{slug}', NULL, '2016-07-11 18:56:22', '2016-07-11 20:11:01', '0a88db7e-a94c-4709-a355-76c1060d1b02');



DROP TABLE IF EXISTS `craft_sessions`;


--
-- Schema for table `craft_sessions`
--
CREATE TABLE `craft_sessions` (
  `id` int(11) NOT NULL AUTO_INCREMENT,
  `userId` int(11) NOT NULL,
  `token` char(100) COLLATE utf8_unicode_ci NOT NULL,
  `dateCreated` datetime NOT NULL,
  `dateUpdated` datetime NOT NULL,
  `uid` char(36) COLLATE utf8_unicode_ci NOT NULL DEFAULT '0',
  PRIMARY KEY (`id`),
  KEY `craft_sessions_uid_idx` (`uid`),
  KEY `craft_sessions_token_idx` (`token`),
  KEY `craft_sessions_dateUpdated_idx` (`dateUpdated`),
  KEY `craft_sessions_userId_fk` (`userId`)
) ENGINE=InnoDB AUTO_INCREMENT=13 DEFAULT CHARSET=utf8 COLLATE=utf8_unicode_ci;

DROP TABLE IF EXISTS `craft_shunnedmessages`;


--
-- Schema for table `craft_shunnedmessages`
--
CREATE TABLE `craft_shunnedmessages` (
  `id` int(11) NOT NULL AUTO_INCREMENT,
  `userId` int(11) NOT NULL,
  `message` varchar(255) COLLATE utf8_unicode_ci NOT NULL,
  `expiryDate` datetime DEFAULT NULL,
  `dateCreated` datetime NOT NULL,
  `dateUpdated` datetime NOT NULL,
  `uid` char(36) COLLATE utf8_unicode_ci NOT NULL DEFAULT '0',
  PRIMARY KEY (`id`),
  UNIQUE KEY `craft_shunnedmessages_userId_message_unq_idx` (`userId`,`message`)
) ENGINE=InnoDB DEFAULT CHARSET=utf8 COLLATE=utf8_unicode_ci;

DROP TABLE IF EXISTS `craft_structureelements`;


--
-- Schema for table `craft_structureelements`
--
CREATE TABLE `craft_structureelements` (
  `id` int(11) NOT NULL AUTO_INCREMENT,
  `structureId` int(11) NOT NULL,
  `elementId` int(11) DEFAULT NULL,
  `root` int(11) unsigned DEFAULT NULL,
  `lft` int(11) unsigned NOT NULL,
  `rgt` int(11) unsigned NOT NULL,
  `level` smallint(6) unsigned NOT NULL,
  `dateCreated` datetime NOT NULL,
  `dateUpdated` datetime NOT NULL,
  `uid` char(36) COLLATE utf8_unicode_ci NOT NULL DEFAULT '0',
  PRIMARY KEY (`id`),
  UNIQUE KEY `craft_structureelements_structureId_elementId_unq_idx` (`structureId`,`elementId`),
  KEY `craft_structureelements_root_idx` (`root`),
  KEY `craft_structureelements_lft_idx` (`lft`),
  KEY `craft_structureelements_rgt_idx` (`rgt`),
  KEY `craft_structureelements_level_idx` (`level`),
  KEY `craft_structureelements_elementId_fk` (`elementId`)
) ENGINE=InnoDB AUTO_INCREMENT=19 DEFAULT CHARSET=utf8 COLLATE=utf8_unicode_ci;

--
-- Data for table `craft_structureelements`
--

INSERT INTO `craft_structureelements` (`id`, `structureId`, `elementId`, `root`, `lft`, `rgt`, `level`, `dateCreated`, `dateUpdated`, `uid`) VALUES
 ('1', '1', NULL, '1', '1', '8', '0', '2016-07-10 15:33:46', '2016-07-10 15:33:46', '3a4821d8-a671-4c7b-b864-eb35173ea020'),
 ('3', '1', '20', '1', '4', '5', '1', '2016-07-10 16:11:54', '2016-07-10 16:11:54', 'b40906af-eed3-484c-acc2-e95aaa57e459'),
 ('4', '1', '24', '1', '6', '7', '1', '2016-07-10 16:46:40', '2016-07-10 16:46:40', '54c2a32b-0d11-4d47-b0f0-ca48389e8812'),
 ('5', '1', '25', '1', '2', '3', '1', '2016-07-10 16:46:55', '2016-07-10 16:46:55', '71891f15-3398-4d42-9c4a-f6ce0707f91b'),
 ('6', '2', NULL, '6', '1', '8', '0', '2016-07-10 18:45:08', '2016-07-10 18:45:08', '35e12bc8-c289-49c3-bf98-2b5bd6bafe44'),
 ('7', '2', '30', '6', '2', '3', '1', '2016-07-10 18:45:08', '2016-07-10 18:45:08', 'd3fabcd4-7705-4b2d-bab8-32ae6ed240b3'),
 ('8', '2', '31', '6', '4', '5', '1', '2016-07-10 19:12:17', '2016-07-10 19:12:17', '5e67f394-b83f-445f-92e9-27fb4d302363'),
 ('9', '2', '32', '6', '6', '7', '1', '2016-07-10 19:17:03', '2016-07-10 19:17:03', '7726e46b-f039-4973-9608-50c08ab949ed'),
 ('10', '5', NULL, '10', '1', '18', '0', '2016-07-11 19:30:05', '2016-07-11 19:30:05', '6ba6aefb-b26f-41fb-b0ee-a21ae921b18a'),
 ('11', '5', '34', '10', '2', '3', '1', '2016-07-11 19:30:05', '2016-07-11 19:30:05', 'ab2c150a-5a45-49c7-91ea-e82f60b7012e'),
 ('12', '5', '35', '10', '4', '5', '1', '2016-07-11 19:30:05', '2016-07-11 19:30:05', '966f3bde-4f1e-4742-b037-3b662a3d8029'),
 ('13', '5', '36', '10', '6', '7', '1', '2016-07-11 19:30:05', '2016-07-11 19:30:05', 'f9560880-71d4-4984-a59d-f926fe843f62'),
 ('14', '5', '37', '10', '8', '9', '1', '2016-07-11 19:30:05', '2016-07-11 19:30:05', '520a11f2-6324-4179-abdb-4b680c1f84bb'),
 ('15', '5', '42', '10', '10', '11', '1', '2016-07-11 19:31:39', '2016-07-11 19:31:39', 'f572ac96-3050-435d-babe-47f3b19652d7'),
 ('16', '5', '43', '10', '12', '13', '1', '2016-07-11 19:32:45', '2016-07-11 19:32:45', '95a8ae9b-5a69-41cb-929f-a70bbb18a344'),
 ('17', '5', '44', '10', '14', '15', '1', '2016-07-11 19:33:53', '2016-07-11 19:33:53', '2d6715fe-0797-4c58-b75e-93f8cae896c8'),
 ('18', '5', '45', '10', '16', '17', '1', '2016-07-11 19:35:03', '2016-07-11 19:35:03', '2d6309e4-a90d-459e-be16-6d4423e473e3');



DROP TABLE IF EXISTS `craft_structures`;


--
-- Schema for table `craft_structures`
--
CREATE TABLE `craft_structures` (
  `id` int(11) NOT NULL AUTO_INCREMENT,
  `maxLevels` smallint(6) unsigned DEFAULT NULL,
  `dateCreated` datetime NOT NULL,
  `dateUpdated` datetime NOT NULL,
  `uid` char(36) COLLATE utf8_unicode_ci NOT NULL DEFAULT '0',
  PRIMARY KEY (`id`)
) ENGINE=InnoDB AUTO_INCREMENT=7 DEFAULT CHARSET=utf8 COLLATE=utf8_unicode_ci;

--
-- Data for table `craft_structures`
--

INSERT INTO `craft_structures` (`id`, `maxLevels`, `dateCreated`, `dateUpdated`, `uid`) VALUES
 ('1', NULL, '2016-07-10 15:32:49', '2016-07-10 16:15:22', '29f70f6c-163f-44fb-9317-3a0308db4df9'),
 ('2', '1', '2016-07-10 18:28:37', '2016-07-10 19:44:11', '088d1426-30d4-485d-ab3f-3898fc5ddf21'),
 ('3', NULL, '2016-07-11 00:02:08', '2016-07-11 00:27:00', 'f1caac55-e088-4f90-80e7-22b676764670'),
 ('4', NULL, '2016-07-11 01:05:18', '2016-07-11 01:05:18', '012c4789-0d1f-43f3-abb7-de1ef57a0561'),
 ('5', '1', '2016-07-11 19:30:05', '2016-07-11 20:11:01', '0435e3d4-5b18-40bb-97df-5956d5558397'),
 ('6', NULL, '2016-07-15 02:05:33', '2016-07-15 02:05:33', 'f08cdefa-4445-4626-9e2b-6811f56bab67');



DROP TABLE IF EXISTS `craft_systemsettings`;


--
-- Schema for table `craft_systemsettings`
--
CREATE TABLE `craft_systemsettings` (
  `id` int(11) NOT NULL AUTO_INCREMENT,
  `category` varchar(15) COLLATE utf8_unicode_ci NOT NULL,
  `settings` text COLLATE utf8_unicode_ci,
  `dateCreated` datetime NOT NULL,
  `dateUpdated` datetime NOT NULL,
  `uid` char(36) COLLATE utf8_unicode_ci NOT NULL DEFAULT '0',
  PRIMARY KEY (`id`),
  UNIQUE KEY `craft_systemsettings_category_unq_idx` (`category`)
) ENGINE=InnoDB AUTO_INCREMENT=2 DEFAULT CHARSET=utf8 COLLATE=utf8_unicode_ci;

--
-- Data for table `craft_systemsettings`
--

INSERT INTO `craft_systemsettings` (`id`, `category`, `settings`, `dateCreated`, `dateUpdated`, `uid`) VALUES
 ('1', 'email', '{\"protocol\":\"php\",\"emailAddress\":\"mark@markjmoyer.com\",\"senderName\":\"Crazy Gecko\"}', '2016-07-07 19:23:43', '2016-07-07 19:23:43', '8f4fa5b5-f336-459b-b7ee-8144aea254f3');



DROP TABLE IF EXISTS `craft_taggroups`;


--
-- Schema for table `craft_taggroups`
--
CREATE TABLE `craft_taggroups` (
  `id` int(11) NOT NULL AUTO_INCREMENT,
  `name` varchar(255) COLLATE utf8_unicode_ci NOT NULL,
  `handle` varchar(255) COLLATE utf8_unicode_ci NOT NULL,
  `fieldLayoutId` int(10) DEFAULT NULL,
  `dateCreated` datetime NOT NULL,
  `dateUpdated` datetime NOT NULL,
  `uid` char(36) COLLATE utf8_unicode_ci NOT NULL DEFAULT '0',
  PRIMARY KEY (`id`),
  UNIQUE KEY `craft_taggroups_name_unq_idx` (`name`),
  UNIQUE KEY `craft_taggroups_handle_unq_idx` (`handle`),
  KEY `craft_taggroups_fieldLayoutId_fk` (`fieldLayoutId`)
) ENGINE=InnoDB AUTO_INCREMENT=2 DEFAULT CHARSET=utf8 COLLATE=utf8_unicode_ci;

--
-- Data for table `craft_taggroups`
--

INSERT INTO `craft_taggroups` (`id`, `name`, `handle`, `fieldLayoutId`, `dateCreated`, `dateUpdated`, `uid`) VALUES
 ('1', 'Default', 'default', '1', '2016-07-07 19:23:43', '2016-07-07 19:23:43', '11d167d7-fed8-4acf-a0b8-a0e358ff30ff');



DROP TABLE IF EXISTS `craft_tags`;


--
-- Schema for table `craft_tags`
--
CREATE TABLE `craft_tags` (
  `id` int(11) NOT NULL,
  `groupId` int(11) NOT NULL,
  `dateCreated` datetime NOT NULL,
  `dateUpdated` datetime NOT NULL,
  `uid` char(36) COLLATE utf8_unicode_ci NOT NULL DEFAULT '0',
  PRIMARY KEY (`id`),
  KEY `craft_tags_groupId_fk` (`groupId`)
) ENGINE=InnoDB DEFAULT CHARSET=utf8 COLLATE=utf8_unicode_ci;

DROP TABLE IF EXISTS `craft_tasks`;


--
-- Schema for table `craft_tasks`
--
CREATE TABLE `craft_tasks` (
  `id` int(11) NOT NULL AUTO_INCREMENT,
  `root` int(11) unsigned DEFAULT NULL,
  `lft` int(11) unsigned NOT NULL,
  `rgt` int(11) unsigned NOT NULL,
  `level` smallint(6) unsigned NOT NULL,
  `currentStep` int(11) unsigned DEFAULT NULL,
  `totalSteps` int(11) unsigned DEFAULT NULL,
  `status` enum('pending','error','running') COLLATE utf8_unicode_ci DEFAULT NULL,
  `type` varchar(150) COLLATE utf8_unicode_ci NOT NULL,
  `description` varchar(255) COLLATE utf8_unicode_ci DEFAULT NULL,
  `settings` mediumtext COLLATE utf8_unicode_ci,
  `dateCreated` datetime NOT NULL,
  `dateUpdated` datetime NOT NULL,
  `uid` char(36) COLLATE utf8_unicode_ci NOT NULL DEFAULT '0',
  PRIMARY KEY (`id`),
  KEY `craft_tasks_root_idx` (`root`),
  KEY `craft_tasks_lft_idx` (`lft`),
  KEY `craft_tasks_rgt_idx` (`rgt`),
  KEY `craft_tasks_level_idx` (`level`)
) ENGINE=InnoDB DEFAULT CHARSET=utf8 COLLATE=utf8_unicode_ci;

DROP TABLE IF EXISTS `craft_templatecachecriteria`;


--
-- Schema for table `craft_templatecachecriteria`
--
CREATE TABLE `craft_templatecachecriteria` (
  `id` int(11) NOT NULL AUTO_INCREMENT,
  `cacheId` int(11) NOT NULL,
  `type` varchar(150) COLLATE utf8_unicode_ci NOT NULL,
  `criteria` text COLLATE utf8_unicode_ci NOT NULL,
  PRIMARY KEY (`id`),
  KEY `craft_templatecachecriteria_cacheId_fk` (`cacheId`),
  KEY `craft_templatecachecriteria_type_idx` (`type`)
) ENGINE=InnoDB DEFAULT CHARSET=utf8 COLLATE=utf8_unicode_ci;

DROP TABLE IF EXISTS `craft_templatecacheelements`;


--
-- Schema for table `craft_templatecacheelements`
--
CREATE TABLE `craft_templatecacheelements` (
  `cacheId` int(11) NOT NULL,
  `elementId` int(11) NOT NULL,
  KEY `craft_templatecacheelements_cacheId_fk` (`cacheId`),
  KEY `craft_templatecacheelements_elementId_fk` (`elementId`)
) ENGINE=InnoDB DEFAULT CHARSET=utf8 COLLATE=utf8_unicode_ci;

DROP TABLE IF EXISTS `craft_templatecaches`;


--
-- Schema for table `craft_templatecaches`
--
CREATE TABLE `craft_templatecaches` (
  `id` int(11) NOT NULL AUTO_INCREMENT,
  `cacheKey` varchar(255) COLLATE utf8_unicode_ci NOT NULL,
  `locale` char(12) COLLATE utf8_unicode_ci NOT NULL,
  `path` varchar(255) COLLATE utf8_unicode_ci DEFAULT NULL,
  `expiryDate` datetime NOT NULL,
  `body` mediumtext COLLATE utf8_unicode_ci NOT NULL,
  PRIMARY KEY (`id`),
  KEY `craft_templatecaches_expiryDate_cacheKey_locale_path_idx` (`expiryDate`,`cacheKey`,`locale`,`path`),
  KEY `craft_templatecaches_locale_fk` (`locale`)
) ENGINE=InnoDB DEFAULT CHARSET=utf8 COLLATE=utf8_unicode_ci;

DROP TABLE IF EXISTS `craft_tokens`;


--
-- Schema for table `craft_tokens`
--
CREATE TABLE `craft_tokens` (
  `id` int(11) NOT NULL AUTO_INCREMENT,
  `token` char(32) COLLATE utf8_unicode_ci NOT NULL,
  `route` text COLLATE utf8_unicode_ci,
  `usageLimit` tinyint(3) unsigned DEFAULT NULL,
  `usageCount` tinyint(3) unsigned DEFAULT NULL,
  `expiryDate` datetime NOT NULL,
  `dateCreated` datetime NOT NULL,
  `dateUpdated` datetime NOT NULL,
  `uid` char(36) COLLATE utf8_unicode_ci NOT NULL DEFAULT '0',
  PRIMARY KEY (`id`),
  UNIQUE KEY `craft_tokens_token_unq_idx` (`token`),
  KEY `craft_tokens_expiryDate_idx` (`expiryDate`)
) ENGINE=InnoDB DEFAULT CHARSET=utf8 COLLATE=utf8_unicode_ci;

DROP TABLE IF EXISTS `craft_usergroups`;


--
-- Schema for table `craft_usergroups`
--
CREATE TABLE `craft_usergroups` (
  `id` int(11) NOT NULL AUTO_INCREMENT,
  `name` varchar(255) COLLATE utf8_unicode_ci NOT NULL,
  `handle` varchar(255) COLLATE utf8_unicode_ci NOT NULL,
  `dateCreated` datetime NOT NULL,
  `dateUpdated` datetime NOT NULL,
  `uid` char(36) COLLATE utf8_unicode_ci NOT NULL DEFAULT '0',
  PRIMARY KEY (`id`)
) ENGINE=InnoDB DEFAULT CHARSET=utf8 COLLATE=utf8_unicode_ci;

DROP TABLE IF EXISTS `craft_usergroups_users`;


--
-- Schema for table `craft_usergroups_users`
--
CREATE TABLE `craft_usergroups_users` (
  `id` int(11) NOT NULL AUTO_INCREMENT,
  `groupId` int(11) NOT NULL,
  `userId` int(11) NOT NULL,
  `dateCreated` datetime NOT NULL,
  `dateUpdated` datetime NOT NULL,
  `uid` char(36) COLLATE utf8_unicode_ci NOT NULL DEFAULT '0',
  PRIMARY KEY (`id`),
  UNIQUE KEY `craft_usergroups_users_groupId_userId_unq_idx` (`groupId`,`userId`),
  KEY `craft_usergroups_users_userId_fk` (`userId`)
) ENGINE=InnoDB DEFAULT CHARSET=utf8 COLLATE=utf8_unicode_ci;

DROP TABLE IF EXISTS `craft_userpermissions`;


--
-- Schema for table `craft_userpermissions`
--
CREATE TABLE `craft_userpermissions` (
  `id` int(11) NOT NULL AUTO_INCREMENT,
  `name` varchar(255) COLLATE utf8_unicode_ci NOT NULL,
  `dateCreated` datetime NOT NULL,
  `dateUpdated` datetime NOT NULL,
  `uid` char(36) COLLATE utf8_unicode_ci NOT NULL DEFAULT '0',
  PRIMARY KEY (`id`),
  UNIQUE KEY `craft_userpermissions_name_unq_idx` (`name`)
) ENGINE=InnoDB DEFAULT CHARSET=utf8 COLLATE=utf8_unicode_ci;

DROP TABLE IF EXISTS `craft_userpermissions_usergroups`;


--
-- Schema for table `craft_userpermissions_usergroups`
--
CREATE TABLE `craft_userpermissions_usergroups` (
  `id` int(11) NOT NULL AUTO_INCREMENT,
  `permissionId` int(11) NOT NULL,
  `groupId` int(11) NOT NULL,
  `dateCreated` datetime NOT NULL,
  `dateUpdated` datetime NOT NULL,
  `uid` char(36) COLLATE utf8_unicode_ci NOT NULL DEFAULT '0',
  PRIMARY KEY (`id`),
  UNIQUE KEY `craft_userpermissions_usergroups_permissionId_groupId_unq_idx` (`permissionId`,`groupId`),
  KEY `craft_userpermissions_usergroups_groupId_fk` (`groupId`)
) ENGINE=InnoDB DEFAULT CHARSET=utf8 COLLATE=utf8_unicode_ci;

DROP TABLE IF EXISTS `craft_userpermissions_users`;


--
-- Schema for table `craft_userpermissions_users`
--
CREATE TABLE `craft_userpermissions_users` (
  `id` int(11) NOT NULL AUTO_INCREMENT,
  `permissionId` int(11) NOT NULL,
  `userId` int(11) NOT NULL,
  `dateCreated` datetime NOT NULL,
  `dateUpdated` datetime NOT NULL,
  `uid` char(36) COLLATE utf8_unicode_ci NOT NULL DEFAULT '0',
  PRIMARY KEY (`id`),
  UNIQUE KEY `craft_userpermissions_users_permissionId_userId_unq_idx` (`permissionId`,`userId`),
  KEY `craft_userpermissions_users_userId_fk` (`userId`)
) ENGINE=InnoDB DEFAULT CHARSET=utf8 COLLATE=utf8_unicode_ci;

DROP TABLE IF EXISTS `craft_users`;


--
-- Schema for table `craft_users`
--
CREATE TABLE `craft_users` (
  `id` int(11) NOT NULL,
  `username` varchar(100) COLLATE utf8_unicode_ci NOT NULL,
  `photo` varchar(100) COLLATE utf8_unicode_ci DEFAULT NULL,
  `firstName` varchar(100) COLLATE utf8_unicode_ci DEFAULT NULL,
  `lastName` varchar(100) COLLATE utf8_unicode_ci DEFAULT NULL,
  `email` varchar(255) COLLATE utf8_unicode_ci NOT NULL,
  `password` char(255) COLLATE utf8_unicode_ci DEFAULT NULL,
  `preferredLocale` char(12) COLLATE utf8_unicode_ci DEFAULT NULL,
  `weekStartDay` tinyint(1) unsigned NOT NULL DEFAULT '0',
  `admin` tinyint(1) unsigned NOT NULL DEFAULT '0',
  `client` tinyint(1) unsigned NOT NULL DEFAULT '0',
  `locked` tinyint(1) unsigned NOT NULL DEFAULT '0',
  `suspended` tinyint(1) unsigned NOT NULL DEFAULT '0',
  `pending` tinyint(1) unsigned NOT NULL DEFAULT '0',
  `archived` tinyint(1) unsigned NOT NULL DEFAULT '0',
  `lastLoginDate` datetime DEFAULT NULL,
  `lastLoginAttemptIPAddress` varchar(45) COLLATE utf8_unicode_ci DEFAULT NULL,
  `invalidLoginWindowStart` datetime DEFAULT NULL,
  `invalidLoginCount` tinyint(4) unsigned DEFAULT NULL,
  `lastInvalidLoginDate` datetime DEFAULT NULL,
  `lockoutDate` datetime DEFAULT NULL,
  `verificationCode` char(100) COLLATE utf8_unicode_ci DEFAULT NULL,
  `verificationCodeIssuedDate` datetime DEFAULT NULL,
  `unverifiedEmail` varchar(255) COLLATE utf8_unicode_ci DEFAULT NULL,
  `passwordResetRequired` tinyint(1) unsigned NOT NULL DEFAULT '0',
  `lastPasswordChangeDate` datetime DEFAULT NULL,
  `dateCreated` datetime NOT NULL,
  `dateUpdated` datetime NOT NULL,
  `uid` char(36) COLLATE utf8_unicode_ci NOT NULL DEFAULT '0',
  PRIMARY KEY (`id`),
  UNIQUE KEY `craft_users_username_unq_idx` (`username`),
  UNIQUE KEY `craft_users_email_unq_idx` (`email`),
  KEY `craft_users_verificationCode_idx` (`verificationCode`),
  KEY `craft_users_uid_idx` (`uid`),
  KEY `craft_users_preferredLocale_fk` (`preferredLocale`)
) ENGINE=InnoDB DEFAULT CHARSET=utf8 COLLATE=utf8_unicode_ci;

--
-- Data for table `craft_users`
--

INSERT INTO `craft_users` (`id`, `username`, `photo`, `firstName`, `lastName`, `email`, `password`, `preferredLocale`, `weekStartDay`, `admin`, `client`, `locked`, `suspended`, `pending`, `archived`, `lastLoginDate`, `lastLoginAttemptIPAddress`, `invalidLoginWindowStart`, `invalidLoginCount`, `lastInvalidLoginDate`, `lockoutDate`, `verificationCode`, `verificationCodeIssuedDate`, `unverifiedEmail`, `passwordResetRequired`, `lastPasswordChangeDate`, `dateCreated`, `dateUpdated`, `uid`) VALUES
 ('1', 'daddyo', NULL, '', '', 'mark@markjmoyer.com', '$2y$13$Sv7gixQrh2F/E9j6an2dW.IWh9ACEks/JC.m208QS9ztbMxM9Q7xK', NULL, '0', '1', '0', '0', '0', '0', '0', '2016-08-03 14:58:05', '::1', NULL, NULL, NULL, NULL, NULL, NULL, NULL, '0', '2016-07-07 19:34:57', '2016-07-07 19:23:41', '2016-08-03 14:58:05', 'd060bdcb-349a-454a-a987-f484a0d91851');



DROP TABLE IF EXISTS `craft_widgets`;


--
-- Schema for table `craft_widgets`
--
CREATE TABLE `craft_widgets` (
  `id` int(11) NOT NULL AUTO_INCREMENT,
  `userId` int(11) NOT NULL,
  `type` varchar(150) COLLATE utf8_unicode_ci NOT NULL,
  `sortOrder` smallint(6) unsigned DEFAULT NULL,
  `colspan` tinyint(4) unsigned DEFAULT NULL,
  `settings` text COLLATE utf8_unicode_ci,
  `enabled` tinyint(1) unsigned NOT NULL DEFAULT '1',
  `dateCreated` datetime NOT NULL,
  `dateUpdated` datetime NOT NULL,
  `uid` char(36) COLLATE utf8_unicode_ci NOT NULL DEFAULT '0',
  PRIMARY KEY (`id`),
  KEY `craft_widgets_userId_fk` (`userId`)
) ENGINE=InnoDB AUTO_INCREMENT=5 DEFAULT CHARSET=utf8 COLLATE=utf8_unicode_ci;

--
-- Data for table `craft_widgets`
--

INSERT INTO `craft_widgets` (`id`, `userId`, `type`, `sortOrder`, `colspan`, `settings`, `enabled`, `dateCreated`, `dateUpdated`, `uid`) VALUES
 ('1', '1', 'RecentEntries', '1', NULL, NULL, '1', '2016-07-07 19:23:46', '2016-07-07 19:23:46', '4ebc05a4-80f3-4f79-a213-f7ad256cfe72'),
 ('2', '1', 'GetHelp', '2', NULL, NULL, '1', '2016-07-07 19:23:46', '2016-07-07 19:23:46', '6daae9f7-3cad-4814-87ad-2da126f487a3'),
 ('3', '1', 'Updates', '3', NULL, NULL, '1', '2016-07-07 19:23:46', '2016-07-07 19:23:46', '9971ead5-18ee-468b-84fa-2aacc64d72ab'),
 ('4', '1', 'Feed', '4', NULL, '{\"url\":\"https:\\/\\/craftcms.com\\/news.rss\",\"title\":\"Craft News\"}', '1', '2016-07-07 19:23:46', '2016-07-07 19:23:46', 'ccaae408-d839-4704-9f4e-0231acca63ad');


--
-- Constraints for tables
--


--
-- Constraints for table `craft_assetfiles`
--
ALTER TABLE `craft_assetfiles`
	ADD CONSTRAINT `craft_assetfiles_folderId_fk` FOREIGN KEY (`folderId`) REFERENCES `craft_assetfolders` (`id`) ON DELETE CASCADE,
	ADD CONSTRAINT `craft_assetfiles_id_fk` FOREIGN KEY (`id`) REFERENCES `craft_elements` (`id`) ON DELETE CASCADE,
	ADD CONSTRAINT `craft_assetfiles_sourceId_fk` FOREIGN KEY (`sourceId`) REFERENCES `craft_assetsources` (`id`) ON DELETE CASCADE;

--
-- Constraints for table `craft_assetfolders`
--
ALTER TABLE `craft_assetfolders`
	ADD CONSTRAINT `craft_assetfolders_parentId_fk` FOREIGN KEY (`parentId`) REFERENCES `craft_assetfolders` (`id`) ON DELETE CASCADE,
	ADD CONSTRAINT `craft_assetfolders_sourceId_fk` FOREIGN KEY (`sourceId`) REFERENCES `craft_assetsources` (`id`) ON DELETE CASCADE;

--
-- Constraints for table `craft_assetindexdata`
--
ALTER TABLE `craft_assetindexdata`
	ADD CONSTRAINT `craft_assetindexdata_sourceId_fk` FOREIGN KEY (`sourceId`) REFERENCES `craft_assetsources` (`id`) ON DELETE CASCADE;

--
-- Constraints for table `craft_assetsources`
--
ALTER TABLE `craft_assetsources`
	ADD CONSTRAINT `craft_assetsources_fieldLayoutId_fk` FOREIGN KEY (`fieldLayoutId`) REFERENCES `craft_fieldlayouts` (`id`) ON DELETE SET NULL;

--
-- Constraints for table `craft_categories`
--
ALTER TABLE `craft_categories`
	ADD CONSTRAINT `craft_categories_groupId_fk` FOREIGN KEY (`groupId`) REFERENCES `craft_categorygroups` (`id`) ON DELETE CASCADE,
	ADD CONSTRAINT `craft_categories_id_fk` FOREIGN KEY (`id`) REFERENCES `craft_elements` (`id`) ON DELETE CASCADE;

--
-- Constraints for table `craft_categorygroups`
--
ALTER TABLE `craft_categorygroups`
	ADD CONSTRAINT `craft_categorygroups_fieldLayoutId_fk` FOREIGN KEY (`fieldLayoutId`) REFERENCES `craft_fieldlayouts` (`id`) ON DELETE SET NULL,
	ADD CONSTRAINT `craft_categorygroups_structureId_fk` FOREIGN KEY (`structureId`) REFERENCES `craft_structures` (`id`) ON DELETE CASCADE;

--
-- Constraints for table `craft_categorygroups_i18n`
--
ALTER TABLE `craft_categorygroups_i18n`
	ADD CONSTRAINT `craft_categorygroups_i18n_groupId_fk` FOREIGN KEY (`groupId`) REFERENCES `craft_categorygroups` (`id`) ON DELETE CASCADE,
	ADD CONSTRAINT `craft_categorygroups_i18n_locale_fk` FOREIGN KEY (`locale`) REFERENCES `craft_locales` (`locale`) ON DELETE CASCADE ON UPDATE CASCADE;

--
-- Constraints for table `craft_comments`
--
ALTER TABLE `craft_comments`
	ADD CONSTRAINT `craft_comments_elementId_fk` FOREIGN KEY (`elementId`) REFERENCES `craft_elements` (`id`) ON DELETE CASCADE,
	ADD CONSTRAINT `craft_comments_userId_fk` FOREIGN KEY (`userId`) REFERENCES `craft_users` (`id`) ON DELETE CASCADE;

--
-- Constraints for table `craft_comments_flags`
--
ALTER TABLE `craft_comments_flags`
	ADD CONSTRAINT `craft_comments_flags_commentId_fk` FOREIGN KEY (`commentId`) REFERENCES `craft_comments` (`id`) ON DELETE CASCADE,
	ADD CONSTRAINT `craft_comments_flags_userId_fk` FOREIGN KEY (`userId`) REFERENCES `craft_users` (`id`) ON DELETE CASCADE;

--
-- Constraints for table `craft_comments_votes`
--
ALTER TABLE `craft_comments_votes`
	ADD CONSTRAINT `craft_comments_votes_commentId_fk` FOREIGN KEY (`commentId`) REFERENCES `craft_comments` (`id`) ON DELETE CASCADE,
	ADD CONSTRAINT `craft_comments_votes_userId_fk` FOREIGN KEY (`userId`) REFERENCES `craft_users` (`id`) ON DELETE CASCADE;

--
-- Constraints for table `craft_content`
--
ALTER TABLE `craft_content`
	ADD CONSTRAINT `craft_content_elementId_fk` FOREIGN KEY (`elementId`) REFERENCES `craft_elements` (`id`) ON DELETE CASCADE,
	ADD CONSTRAINT `craft_content_locale_fk` FOREIGN KEY (`locale`) REFERENCES `craft_locales` (`locale`) ON DELETE CASCADE ON UPDATE CASCADE;

--
-- Constraints for table `craft_elements_i18n`
--
ALTER TABLE `craft_elements_i18n`
	ADD CONSTRAINT `craft_elements_i18n_elementId_fk` FOREIGN KEY (`elementId`) REFERENCES `craft_elements` (`id`) ON DELETE CASCADE,
	ADD CONSTRAINT `craft_elements_i18n_locale_fk` FOREIGN KEY (`locale`) REFERENCES `craft_locales` (`locale`) ON DELETE CASCADE ON UPDATE CASCADE;

--
-- Constraints for table `craft_emailmessages`
--
ALTER TABLE `craft_emailmessages`
	ADD CONSTRAINT `craft_emailmessages_locale_fk` FOREIGN KEY (`locale`) REFERENCES `craft_locales` (`locale`) ON DELETE CASCADE ON UPDATE CASCADE;

--
-- Constraints for table `craft_entries`
--
ALTER TABLE `craft_entries`
	ADD CONSTRAINT `craft_entries_authorId_fk` FOREIGN KEY (`authorId`) REFERENCES `craft_users` (`id`) ON DELETE CASCADE,
	ADD CONSTRAINT `craft_entries_id_fk` FOREIGN KEY (`id`) REFERENCES `craft_elements` (`id`) ON DELETE CASCADE,
	ADD CONSTRAINT `craft_entries_sectionId_fk` FOREIGN KEY (`sectionId`) REFERENCES `craft_sections` (`id`) ON DELETE CASCADE,
	ADD CONSTRAINT `craft_entries_typeId_fk` FOREIGN KEY (`typeId`) REFERENCES `craft_entrytypes` (`id`) ON DELETE CASCADE;

--
-- Constraints for table `craft_entrydrafts`
--
ALTER TABLE `craft_entrydrafts`
	ADD CONSTRAINT `craft_entrydrafts_creatorId_fk` FOREIGN KEY (`creatorId`) REFERENCES `craft_users` (`id`) ON DELETE CASCADE,
	ADD CONSTRAINT `craft_entrydrafts_entryId_fk` FOREIGN KEY (`entryId`) REFERENCES `craft_entries` (`id`) ON DELETE CASCADE,
	ADD CONSTRAINT `craft_entrydrafts_locale_fk` FOREIGN KEY (`locale`) REFERENCES `craft_locales` (`locale`) ON DELETE CASCADE ON UPDATE CASCADE,
	ADD CONSTRAINT `craft_entrydrafts_sectionId_fk` FOREIGN KEY (`sectionId`) REFERENCES `craft_sections` (`id`) ON DELETE CASCADE;

--
-- Constraints for table `craft_entrytypes`
--
ALTER TABLE `craft_entrytypes`
	ADD CONSTRAINT `craft_entrytypes_fieldLayoutId_fk` FOREIGN KEY (`fieldLayoutId`) REFERENCES `craft_fieldlayouts` (`id`) ON DELETE SET NULL,
	ADD CONSTRAINT `craft_entrytypes_sectionId_fk` FOREIGN KEY (`sectionId`) REFERENCES `craft_sections` (`id`) ON DELETE CASCADE;

--
-- Constraints for table `craft_entryversions`
--
ALTER TABLE `craft_entryversions`
	ADD CONSTRAINT `craft_entryversions_creatorId_fk` FOREIGN KEY (`creatorId`) REFERENCES `craft_users` (`id`) ON DELETE SET NULL,
	ADD CONSTRAINT `craft_entryversions_entryId_fk` FOREIGN KEY (`entryId`) REFERENCES `craft_entries` (`id`) ON DELETE CASCADE,
	ADD CONSTRAINT `craft_entryversions_locale_fk` FOREIGN KEY (`locale`) REFERENCES `craft_locales` (`locale`) ON DELETE CASCADE ON UPDATE CASCADE,
	ADD CONSTRAINT `craft_entryversions_sectionId_fk` FOREIGN KEY (`sectionId`) REFERENCES `craft_sections` (`id`) ON DELETE CASCADE;

--
-- Constraints for table `craft_fieldlayoutfields`
--
ALTER TABLE `craft_fieldlayoutfields`
	ADD CONSTRAINT `craft_fieldlayoutfields_fieldId_fk` FOREIGN KEY (`fieldId`) REFERENCES `craft_fields` (`id`) ON DELETE CASCADE,
	ADD CONSTRAINT `craft_fieldlayoutfields_layoutId_fk` FOREIGN KEY (`layoutId`) REFERENCES `craft_fieldlayouts` (`id`) ON DELETE CASCADE,
	ADD CONSTRAINT `craft_fieldlayoutfields_tabId_fk` FOREIGN KEY (`tabId`) REFERENCES `craft_fieldlayouttabs` (`id`) ON DELETE CASCADE;

--
-- Constraints for table `craft_fieldlayouttabs`
--
ALTER TABLE `craft_fieldlayouttabs`
	ADD CONSTRAINT `craft_fieldlayouttabs_layoutId_fk` FOREIGN KEY (`layoutId`) REFERENCES `craft_fieldlayouts` (`id`) ON DELETE CASCADE;

--
-- Constraints for table `craft_fields`
--
ALTER TABLE `craft_fields`
	ADD CONSTRAINT `craft_fields_groupId_fk` FOREIGN KEY (`groupId`) REFERENCES `craft_fieldgroups` (`id`) ON DELETE CASCADE;

--
-- Constraints for table `craft_globalsets`
--
ALTER TABLE `craft_globalsets`
	ADD CONSTRAINT `craft_globalsets_fieldLayoutId_fk` FOREIGN KEY (`fieldLayoutId`) REFERENCES `craft_fieldlayouts` (`id`) ON DELETE SET NULL,
	ADD CONSTRAINT `craft_globalsets_id_fk` FOREIGN KEY (`id`) REFERENCES `craft_elements` (`id`) ON DELETE CASCADE;

--
-- Constraints for table `craft_matrixblocks`
--
ALTER TABLE `craft_matrixblocks`
	ADD CONSTRAINT `craft_matrixblocks_fieldId_fk` FOREIGN KEY (`fieldId`) REFERENCES `craft_fields` (`id`) ON DELETE CASCADE,
	ADD CONSTRAINT `craft_matrixblocks_id_fk` FOREIGN KEY (`id`) REFERENCES `craft_elements` (`id`) ON DELETE CASCADE,
	ADD CONSTRAINT `craft_matrixblocks_ownerId_fk` FOREIGN KEY (`ownerId`) REFERENCES `craft_elements` (`id`) ON DELETE CASCADE,
	ADD CONSTRAINT `craft_matrixblocks_ownerLocale_fk` FOREIGN KEY (`ownerLocale`) REFERENCES `craft_locales` (`locale`) ON DELETE CASCADE ON UPDATE CASCADE,
	ADD CONSTRAINT `craft_matrixblocks_typeId_fk` FOREIGN KEY (`typeId`) REFERENCES `craft_matrixblocktypes` (`id`) ON DELETE CASCADE;

--
-- Constraints for table `craft_matrixblocktypes`
--
ALTER TABLE `craft_matrixblocktypes`
	ADD CONSTRAINT `craft_matrixblocktypes_fieldId_fk` FOREIGN KEY (`fieldId`) REFERENCES `craft_fields` (`id`) ON DELETE CASCADE,
	ADD CONSTRAINT `craft_matrixblocktypes_fieldLayoutId_fk` FOREIGN KEY (`fieldLayoutId`) REFERENCES `craft_fieldlayouts` (`id`) ON DELETE SET NULL;

--
-- Constraints for table `craft_migrations`
--
ALTER TABLE `craft_migrations`
	ADD CONSTRAINT `craft_migrations_pluginId_fk` FOREIGN KEY (`pluginId`) REFERENCES `craft_plugins` (`id`) ON DELETE CASCADE;

--
-- Constraints for table `craft_relations`
--
ALTER TABLE `craft_relations`
	ADD CONSTRAINT `craft_relations_fieldId_fk` FOREIGN KEY (`fieldId`) REFERENCES `craft_fields` (`id`) ON DELETE CASCADE,
	ADD CONSTRAINT `craft_relations_sourceId_fk` FOREIGN KEY (`sourceId`) REFERENCES `craft_elements` (`id`) ON DELETE CASCADE,
	ADD CONSTRAINT `craft_relations_sourceLocale_fk` FOREIGN KEY (`sourceLocale`) REFERENCES `craft_locales` (`locale`) ON DELETE CASCADE ON UPDATE CASCADE,
	ADD CONSTRAINT `craft_relations_targetId_fk` FOREIGN KEY (`targetId`) REFERENCES `craft_elements` (`id`) ON DELETE CASCADE;

--
-- Constraints for table `craft_routes`
--
ALTER TABLE `craft_routes`
	ADD CONSTRAINT `craft_routes_locale_fk` FOREIGN KEY (`locale`) REFERENCES `craft_locales` (`locale`) ON DELETE CASCADE ON UPDATE CASCADE;

--
-- Constraints for table `craft_sections`
--
ALTER TABLE `craft_sections`
	ADD CONSTRAINT `craft_sections_structureId_fk` FOREIGN KEY (`structureId`) REFERENCES `craft_structures` (`id`) ON DELETE SET NULL;

--
-- Constraints for table `craft_sections_i18n`
--
ALTER TABLE `craft_sections_i18n`
	ADD CONSTRAINT `craft_sections_i18n_locale_fk` FOREIGN KEY (`locale`) REFERENCES `craft_locales` (`locale`) ON DELETE CASCADE ON UPDATE CASCADE,
	ADD CONSTRAINT `craft_sections_i18n_sectionId_fk` FOREIGN KEY (`sectionId`) REFERENCES `craft_sections` (`id`) ON DELETE CASCADE;

--
-- Constraints for table `craft_sessions`
--
ALTER TABLE `craft_sessions`
	ADD CONSTRAINT `craft_sessions_userId_fk` FOREIGN KEY (`userId`) REFERENCES `craft_users` (`id`) ON DELETE CASCADE;

--
-- Constraints for table `craft_shunnedmessages`
--
ALTER TABLE `craft_shunnedmessages`
	ADD CONSTRAINT `craft_shunnedmessages_userId_fk` FOREIGN KEY (`userId`) REFERENCES `craft_users` (`id`) ON DELETE CASCADE;

--
-- Constraints for table `craft_structureelements`
--
ALTER TABLE `craft_structureelements`
	ADD CONSTRAINT `craft_structureelements_elementId_fk` FOREIGN KEY (`elementId`) REFERENCES `craft_elements` (`id`) ON DELETE CASCADE,
	ADD CONSTRAINT `craft_structureelements_structureId_fk` FOREIGN KEY (`structureId`) REFERENCES `craft_structures` (`id`) ON DELETE CASCADE;

--
-- Constraints for table `craft_taggroups`
--
ALTER TABLE `craft_taggroups`
	ADD CONSTRAINT `craft_taggroups_fieldLayoutId_fk` FOREIGN KEY (`fieldLayoutId`) REFERENCES `craft_fieldlayouts` (`id`) ON DELETE SET NULL;

--
-- Constraints for table `craft_tags`
--
ALTER TABLE `craft_tags`
	ADD CONSTRAINT `craft_tags_groupId_fk` FOREIGN KEY (`groupId`) REFERENCES `craft_taggroups` (`id`) ON DELETE CASCADE,
	ADD CONSTRAINT `craft_tags_id_fk` FOREIGN KEY (`id`) REFERENCES `craft_elements` (`id`) ON DELETE CASCADE;

--
-- Constraints for table `craft_templatecachecriteria`
--
ALTER TABLE `craft_templatecachecriteria`
	ADD CONSTRAINT `craft_templatecachecriteria_cacheId_fk` FOREIGN KEY (`cacheId`) REFERENCES `craft_templatecaches` (`id`) ON DELETE CASCADE;

--
-- Constraints for table `craft_templatecacheelements`
--
ALTER TABLE `craft_templatecacheelements`
	ADD CONSTRAINT `craft_templatecacheelements_cacheId_fk` FOREIGN KEY (`cacheId`) REFERENCES `craft_templatecaches` (`id`) ON DELETE CASCADE,
	ADD CONSTRAINT `craft_templatecacheelements_elementId_fk` FOREIGN KEY (`elementId`) REFERENCES `craft_elements` (`id`) ON DELETE CASCADE;

--
-- Constraints for table `craft_templatecaches`
--
ALTER TABLE `craft_templatecaches`
	ADD CONSTRAINT `craft_templatecaches_locale_fk` FOREIGN KEY (`locale`) REFERENCES `craft_locales` (`locale`) ON DELETE CASCADE ON UPDATE CASCADE;

--
-- Constraints for table `craft_usergroups_users`
--
ALTER TABLE `craft_usergroups_users`
	ADD CONSTRAINT `craft_usergroups_users_groupId_fk` FOREIGN KEY (`groupId`) REFERENCES `craft_usergroups` (`id`) ON DELETE CASCADE,
	ADD CONSTRAINT `craft_usergroups_users_userId_fk` FOREIGN KEY (`userId`) REFERENCES `craft_users` (`id`) ON DELETE CASCADE;

--
-- Constraints for table `craft_userpermissions_usergroups`
--
ALTER TABLE `craft_userpermissions_usergroups`
	ADD CONSTRAINT `craft_userpermissions_usergroups_groupId_fk` FOREIGN KEY (`groupId`) REFERENCES `craft_usergroups` (`id`) ON DELETE CASCADE,
	ADD CONSTRAINT `craft_userpermissions_usergroups_permissionId_fk` FOREIGN KEY (`permissionId`) REFERENCES `craft_userpermissions` (`id`) ON DELETE CASCADE;

--
-- Constraints for table `craft_userpermissions_users`
--
ALTER TABLE `craft_userpermissions_users`
	ADD CONSTRAINT `craft_userpermissions_users_permissionId_fk` FOREIGN KEY (`permissionId`) REFERENCES `craft_userpermissions` (`id`) ON DELETE CASCADE,
	ADD CONSTRAINT `craft_userpermissions_users_userId_fk` FOREIGN KEY (`userId`) REFERENCES `craft_users` (`id`) ON DELETE CASCADE;

--
-- Constraints for table `craft_users`
--
ALTER TABLE `craft_users`
	ADD CONSTRAINT `craft_users_id_fk` FOREIGN KEY (`id`) REFERENCES `craft_elements` (`id`) ON DELETE CASCADE,
	ADD CONSTRAINT `craft_users_preferredLocale_fk` FOREIGN KEY (`preferredLocale`) REFERENCES `craft_locales` (`locale`) ON DELETE SET NULL ON UPDATE CASCADE;

--
-- Constraints for table `craft_widgets`
--
ALTER TABLE `craft_widgets`
	ADD CONSTRAINT `craft_widgets_userId_fk` FOREIGN KEY (`userId`) REFERENCES `craft_users` (`id`) ON DELETE CASCADE;

SET FOREIGN_KEY_CHECKS = 1;
