-- Generated by Craft v2.6.2791 on Jun 8, 2016, 2:05:13 AM.

--
-- Disable foreign key checks and autocommit.
--

SET FOREIGN_KEY_CHECKS = 0;
SET SQL_MODE = "NO_AUTO_VALUE_ON_ZERO";
SET AUTOCOMMIT = 0;
SET NAMES utf8;


DROP TABLE IF EXISTS `craft_assetfiles`;


--
-- Schema for table `craft_assetfiles`
--
CREATE TABLE `craft_assetfiles` (
  `id` int(11) NOT NULL,
  `sourceId` int(11) DEFAULT NULL,
  `folderId` int(11) NOT NULL,
  `filename` varchar(255) COLLATE utf8_unicode_ci NOT NULL,
  `kind` varchar(50) COLLATE utf8_unicode_ci NOT NULL DEFAULT 'unknown',
  `width` int(11) unsigned DEFAULT NULL,
  `height` int(11) unsigned DEFAULT NULL,
  `size` bigint(20) unsigned DEFAULT NULL,
  `dateModified` datetime DEFAULT NULL,
  `dateCreated` datetime NOT NULL,
  `dateUpdated` datetime NOT NULL,
  `uid` char(36) COLLATE utf8_unicode_ci NOT NULL DEFAULT '0',
  PRIMARY KEY (`id`),
  UNIQUE KEY `craft_assetfiles_filename_folderId_unq_idx` (`filename`,`folderId`),
  KEY `craft_assetfiles_sourceId_fk` (`sourceId`),
  KEY `craft_assetfiles_folderId_fk` (`folderId`)
) ENGINE=InnoDB DEFAULT CHARSET=utf8 COLLATE=utf8_unicode_ci;

--
-- Data for table `craft_assetfiles`
--

INSERT INTO `craft_assetfiles` (`id`, `sourceId`, `folderId`, `filename`, `kind`, `width`, `height`, `size`, `dateModified`, `dateCreated`, `dateUpdated`, `uid`) VALUES
 ('174', NULL, '11', 'logo-mjm.png', 'image', '400', '100', '14492', '2016-06-07 20:15:45', '2016-06-07 20:15:45', '2016-06-07 20:15:45', '76a6a590-099c-4900-ad2a-0d903f98af6a'),
 ('175', '8', '23', 'camel.jpg', 'image', '585', '220', '60215', '2016-06-08 01:43:39', '2016-06-08 01:43:39', '2016-06-08 01:43:39', '81267ba8-6b70-42bd-85fa-a2f2f8e8a486'),
 ('176', '8', '23', 'campari.jpg', 'image', '585', '220', '52542', '2016-06-08 01:43:52', '2016-06-08 01:43:52', '2016-06-08 01:43:52', 'dd6b5a9a-ed97-411e-81d6-3c458bd340e5'),
 ('177', '8', '23', 'capsulestory.jpg', 'image', '585', '220', '51092', '2016-06-08 01:43:59', '2016-06-08 01:43:59', '2016-06-08 01:43:59', '6d362007-8c76-4c5c-9ef7-ccbdfae4ce12'),
 ('178', '8', '23', 'discoverSC.jpg', 'image', '585', '220', '65726', '2016-06-08 01:44:07', '2016-06-08 01:44:07', '2016-06-08 01:44:07', '9b2e039a-8d29-4860-ba09-51caab78deff'),
 ('179', '8', '23', 'redkamel.jpg', 'image', '585', '220', '33145', '2016-06-08 01:44:28', '2016-06-08 01:44:28', '2016-06-08 01:44:28', 'cd4c0459-0364-4351-8189-1ec9ac3aeb40'),
 ('180', '8', '23', 'sfntc.jpg', 'image', '585', '220', '43484', '2016-06-08 01:44:38', '2016-06-08 01:44:38', '2016-06-08 01:44:38', 'a0f2c58c-d4c3-49a6-b5b7-de267fa90a74'),
 ('181', '8', '23', 'snus.jpg', 'image', '585', '220', '55421', '2016-06-08 01:44:52', '2016-06-08 01:44:52', '2016-06-08 01:44:52', '95b9e57d-1ece-477d-ac00-3680cacd2e43'),
 ('182', '9', '24', 'bd-390.jpg', 'image', '585', '220', '51203', '2016-06-08 01:48:00', '2016-06-08 01:48:00', '2016-06-08 01:48:00', '03ce7b73-f810-4709-abac-bc69a55dfab3'),
 ('183', '9', '24', 'codykresta.jpg', 'image', '585', '220', '59698', '2016-06-08 01:48:06', '2016-06-08 01:48:06', '2016-06-08 01:48:06', '62cdfef4-7136-4551-826e-74a7513505b6'),
 ('184', '9', '24', 'GGB.jpg', 'image', '585', '220', '46286', '2016-06-08 01:48:12', '2016-06-08 01:48:12', '2016-06-08 01:48:12', '5eb3fe5a-1384-4b11-a90e-0ac35618f15c'),
 ('185', '9', '24', 'logstolumber.jpg', 'image', '585', '220', '63803', '2016-06-08 01:48:18', '2016-06-08 01:48:19', '2016-06-08 01:48:19', '45371052-b0c3-41a7-bfca-e68a25383af8'),
 ('186', '9', '24', 'patches.jpg', 'image', '585', '220', '75852', '2016-06-08 01:48:25', '2016-06-08 01:48:25', '2016-06-08 01:48:25', 'e2092069-635f-4311-91f0-d3abff5e4b62'),
 ('187', '9', '24', 'restore390.jpg', 'image', '585', '220', '45349', '2016-06-08 01:48:40', '2016-06-08 01:48:40', '2016-06-08 01:48:40', 'b0b8d83f-e508-4317-bde8-5c54793567a7'),
 ('188', '9', '24', 'search4records.jpg', 'image', '585', '220', '63034', '2016-06-08 01:48:47', '2016-06-08 01:48:47', '2016-06-08 01:48:47', '5c3fa2d3-fc84-4a21-a831-6951fce5809d'),
 ('189', '9', '24', 't4t390.jpg', 'image', '355', '134', '21277', '2016-06-08 01:48:53', '2016-06-08 01:48:53', '2016-06-08 01:48:53', 'f435ecdd-3fcb-49aa-a6b0-03e4f9f7d119'),
 ('190', '10', '25', 'insideGroove.jpg', 'image', '585', '220', '24870', '2016-06-08 01:51:20', '2016-06-08 01:51:20', '2016-06-08 01:51:20', 'a03e37a3-5446-485a-a22e-4c325a6ea803'),
 ('191', '10', '25', 'liveplayer.jpg', 'image', '585', '220', '43801', '2016-06-08 01:51:26', '2016-06-08 01:51:26', '2016-06-08 01:51:26', 'd3ed2223-1153-43c0-a173-8b574038d484'),
 ('192', '10', '25', 'nascar-footer.jpg', 'image', '585', '220', '34572', '2016-06-08 01:51:34', '2016-06-08 01:51:34', '2016-06-08 01:51:34', '8a390a00-eb05-4c75-aae9-3fa11a5b25f4'),
 ('193', '10', '25', 'nascar.jpg', 'image', '585', '220', '24679', '2016-06-08 01:51:40', '2016-06-08 01:51:40', '2016-06-08 01:51:40', '701a1383-d2cd-4a6c-9d44-fd9ca7a22d2f'),
 ('194', '10', '25', 'racebar.jpg', 'image', '585', '220', '33795', '2016-06-08 01:51:48', '2016-06-08 01:51:48', '2016-06-08 01:51:48', 'b427e055-951d-4dab-8011-f0ed1e9f32f3'),
 ('195', '10', '25', 'raceview.jpg', 'image', '585', '220', '41540', '2016-06-08 01:51:52', '2016-06-08 01:51:52', '2016-06-08 01:51:52', '4386db26-385d-4283-b45b-00bc24c27368'),
 ('196', '8', '23', 'melloyello.jpg', 'image', '585', '220', '59926', '2016-06-08 01:52:31', '2016-06-08 01:52:31', '2016-06-08 01:52:31', '29e28526-d473-47a1-a0ae-21e86bb37001'),
 ('197', '8', '23', 'nascigs.jpg', 'image', '585', '220', '65085', '2016-06-08 01:52:46', '2016-06-08 01:52:46', '2016-06-08 01:52:46', '1a9930f0-eb00-4d42-a145-47068354d023'),
 ('198', NULL, '14', 'camel.jpg', 'image', '585', '220', '60215', '2016-06-08 01:53:37', '2016-06-08 01:53:37', '2016-06-08 01:53:37', '2b75a045-3512-4270-b9a0-4c9d9caf2396'),
 ('199', NULL, '14', 'snus.jpg', 'image', '585', '220', '55421', '2016-06-08 01:54:08', '2016-06-08 01:54:08', '2016-06-08 01:54:08', 'ebd4fdfa-a2e8-4d92-b77d-b8f36813d3e0'),
 ('200', NULL, '10', 'insideGroove.jpg', 'image', '585', '220', '24870', '2016-06-08 01:55:17', '2016-06-08 01:55:17', '2016-06-08 01:55:17', '22f1dda0-080c-4054-8d25-06f8c5f5de2d'),
 ('201', NULL, '10', 'liveplayer.jpg', 'image', '585', '220', '43801', '2016-06-08 01:55:37', '2016-06-08 01:55:37', '2016-06-08 01:55:37', '5e917324-6db5-47ef-9771-27b2621be6fe'),
 ('202', NULL, '10', 'racebar.jpg', 'image', '585', '220', '33795', '2016-06-08 01:56:16', '2016-06-08 01:56:17', '2016-06-08 01:56:17', '89e55879-57e0-4211-b4eb-d90f1aec038a'),
 ('203', NULL, '11', 'codykresta.jpg', 'image', '585', '220', '59698', '2016-06-08 01:59:11', '2016-06-08 01:59:12', '2016-06-08 01:59:12', '4258c7d7-c51b-4469-a604-fd47018c1abf'),
 ('204', NULL, '11', 'bd-390.jpg', 'image', '585', '220', '51203', '2016-06-08 02:00:05', '2016-06-08 02:00:05', '2016-06-08 02:00:05', 'ef578f00-e118-493d-b340-66b1358fc928'),
 ('205', NULL, '11', 'logstolumber.jpg', 'image', '585', '220', '63803', '2016-06-08 02:00:39', '2016-06-08 02:00:39', '2016-06-08 02:00:39', 'c472fb37-1b1e-4834-915c-d8a601a8c3b4');



DROP TABLE IF EXISTS `craft_assetfolders`;


--
-- Schema for table `craft_assetfolders`
--
CREATE TABLE `craft_assetfolders` (
  `id` int(11) NOT NULL AUTO_INCREMENT,
  `parentId` int(11) DEFAULT NULL,
  `sourceId` int(11) DEFAULT NULL,
  `name` varchar(255) COLLATE utf8_unicode_ci NOT NULL,
  `path` varchar(255) COLLATE utf8_unicode_ci DEFAULT NULL,
  `dateCreated` datetime NOT NULL,
  `dateUpdated` datetime NOT NULL,
  `uid` char(36) COLLATE utf8_unicode_ci NOT NULL DEFAULT '0',
  PRIMARY KEY (`id`),
  UNIQUE KEY `craft_assetfolders_name_parentId_sourceId_unq_idx` (`name`,`parentId`,`sourceId`),
  KEY `craft_assetfolders_parentId_fk` (`parentId`),
  KEY `craft_assetfolders_sourceId_fk` (`sourceId`)
) ENGINE=InnoDB AUTO_INCREMENT=31 DEFAULT CHARSET=utf8 COLLATE=utf8_unicode_ci;

--
-- Data for table `craft_assetfolders`
--

INSERT INTO `craft_assetfolders` (`id`, `parentId`, `sourceId`, `name`, `path`, `dateCreated`, `dateUpdated`, `uid`) VALUES
 ('1', NULL, NULL, 'Temporary source', NULL, '2016-06-04 02:38:52', '2016-06-04 02:38:52', 'ab61a174-0375-4276-b4f0-e5b178f51048'),
 ('2', '1', NULL, 'user_1', NULL, '2016-06-04 02:38:52', '2016-06-04 02:38:52', '923d21d5-00b8-452f-9281-3775e5292fb2'),
 ('3', '2', NULL, 'field_4', 'field_4/', '2016-06-04 02:38:52', '2016-06-04 02:38:52', '54420d0e-23b4-49b4-8947-14c3621c4b2b'),
 ('8', NULL, '4', 'Images', '', '2016-06-04 17:36:01', '2016-06-04 17:36:01', '3828d308-aa04-45ab-bf9d-51f736b99f56'),
 ('10', '2', NULL, 'field_7', 'field_7/', '2016-06-07 02:22:09', '2016-06-07 02:22:09', '34e76792-2cda-4192-bd87-53f761d690b5'),
 ('11', '2', NULL, 'field_9', 'field_9/', '2016-06-07 15:27:54', '2016-06-07 15:27:54', 'ffe7d9d3-921c-4e86-94fb-62c45dc2105f'),
 ('14', '2', NULL, 'field_8', 'field_8/', '2016-06-07 15:53:39', '2016-06-07 15:53:39', '49d28a94-cc3a-4486-9305-5f3a9fdb9363'),
 ('23', NULL, '8', 'BFG', '', '2016-06-08 00:24:15', '2016-06-08 00:24:15', 'e4ee3bd1-b662-40b4-9ede-cbe6582e4ff3'),
 ('24', NULL, '9', 'Freelance', '', '2016-06-08 01:47:45', '2016-06-08 01:47:45', '7ac107d2-c519-4213-b99c-6a450d9cb867'),
 ('25', NULL, '10', 'NASCAR', '', '2016-06-08 01:50:48', '2016-06-08 01:50:48', '2b76c43b-5f5b-45f9-a55b-393f6e8290b4'),
 ('26', '8', '4', 'assets', 'assets/', '2016-06-08 01:53:52', '2016-06-08 01:53:52', 'a7e06d7d-4ee9-4af6-a829-70f0d8f2f940'),
 ('27', '26', '4', 'images', 'assets//images/', '2016-06-08 01:53:52', '2016-06-08 01:53:52', '122f7505-856b-4131-86d2-d447c75804ec'),
 ('28', '27', '4', 'bfg', 'assets//images//bfg/', '2016-06-08 01:53:52', '2016-06-08 01:53:52', '5ca2b7d2-17d2-45ef-8b9b-00821b9d751f'),
 ('29', '27', '4', 'nascar', 'assets//images//nascar/', '2016-06-08 01:55:23', '2016-06-08 01:55:23', 'e071f7fc-bfd9-469b-b04c-311051b5ec0b'),
 ('30', '27', '4', 'freelance', 'assets//images//freelance/', '2016-06-08 01:59:44', '2016-06-08 01:59:44', '5bd5cea5-4243-45b7-a9cb-f11e8f8901b7');



DROP TABLE IF EXISTS `craft_assetindexdata`;


--
-- Schema for table `craft_assetindexdata`
--
CREATE TABLE `craft_assetindexdata` (
  `id` int(11) NOT NULL AUTO_INCREMENT,
  `sessionId` varchar(36) COLLATE utf8_unicode_ci NOT NULL DEFAULT '',
  `sourceId` int(10) NOT NULL,
  `offset` int(10) NOT NULL,
  `uri` varchar(255) COLLATE utf8_unicode_ci DEFAULT NULL,
  `size` varchar(255) COLLATE utf8_unicode_ci DEFAULT NULL,
  `recordId` int(10) DEFAULT NULL,
  `dateCreated` datetime NOT NULL,
  `dateUpdated` datetime NOT NULL,
  `uid` char(36) COLLATE utf8_unicode_ci NOT NULL DEFAULT '0',
  PRIMARY KEY (`id`),
  UNIQUE KEY `craft_assetindexdata_sessionId_sourceId_offset_unq_idx` (`sessionId`,`sourceId`,`offset`),
  KEY `craft_assetindexdata_sourceId_fk` (`sourceId`)
) ENGINE=InnoDB DEFAULT CHARSET=utf8 COLLATE=utf8_unicode_ci;

DROP TABLE IF EXISTS `craft_assetsources`;


--
-- Schema for table `craft_assetsources`
--
CREATE TABLE `craft_assetsources` (
  `id` int(11) NOT NULL AUTO_INCREMENT,
  `name` varchar(255) COLLATE utf8_unicode_ci NOT NULL,
  `handle` varchar(255) COLLATE utf8_unicode_ci NOT NULL,
  `type` varchar(150) COLLATE utf8_unicode_ci NOT NULL,
  `settings` text COLLATE utf8_unicode_ci,
  `sortOrder` smallint(6) unsigned DEFAULT NULL,
  `fieldLayoutId` int(10) DEFAULT NULL,
  `dateCreated` datetime NOT NULL,
  `dateUpdated` datetime NOT NULL,
  `uid` char(36) COLLATE utf8_unicode_ci NOT NULL DEFAULT '0',
  PRIMARY KEY (`id`),
  UNIQUE KEY `craft_assetsources_name_unq_idx` (`name`),
  UNIQUE KEY `craft_assetsources_handle_unq_idx` (`handle`),
  KEY `craft_assetsources_fieldLayoutId_fk` (`fieldLayoutId`)
) ENGINE=InnoDB AUTO_INCREMENT=11 DEFAULT CHARSET=utf8 COLLATE=utf8_unicode_ci;

--
-- Data for table `craft_assetsources`
--

INSERT INTO `craft_assetsources` (`id`, `name`, `handle`, `type`, `settings`, `sortOrder`, `fieldLayoutId`, `dateCreated`, `dateUpdated`, `uid`) VALUES
 ('4', 'Images', 'images', 'Local', '{\"path\":\"\\/assets\\/\",\"publicURLs\":\"1\",\"url\":\"http:\\/\\/localhost:8888\\/assets\\/images\\/\"}', '4', '67', '2016-06-04 17:36:01', '2016-06-08 01:17:24', '8c84822a-77f4-4977-9473-7b8abf19ba25'),
 ('8', 'BFG', 'bfg', 'Local', '{\"path\":\"\\/Applications\\/MAMP\\/htdocs\\/public\\/assets\\/images\\/bfg\\/\",\"publicURLs\":\"1\",\"url\":\"http:\\/\\/localhost:8888\\/assets\\/images\\/bfg\\/\"}', '5', '73', '2016-06-08 00:24:15', '2016-06-08 01:46:28', '170c8ee9-b161-42df-a350-66e5cfa265e5'),
 ('9', 'Freelance', 'freelance', 'Local', '{\"path\":\"\\/Applications\\/MAMP\\/htdocs\\/public\\/assets\\/images\\/freelance\\/\",\"publicURLs\":\"1\",\"url\":\"http:localhost:8888\\/assets\\/images\\/freelance\\/\"}', '6', '74', '2016-06-08 01:47:45', '2016-06-08 01:47:45', 'a5581fc6-b1c0-4314-a675-c8de94f62046'),
 ('10', 'NASCAR', 'nascar', 'Local', '{\"path\":\"\\/Applications\\/MAMP\\/htdocs\\/public\\/assets\\/images\\/nascar\\/\",\"publicURLs\":\"1\",\"url\":\"http:\\/\\/localhost:8888\\/assets\\/images\\/nascar\\/\"}', '7', '75', '2016-06-08 01:50:48', '2016-06-08 01:50:48', 'c48fb3ed-0db6-4b5b-95ba-57cfa0c50294');



DROP TABLE IF EXISTS `craft_assettransformindex`;


--
-- Schema for table `craft_assettransformindex`
--
CREATE TABLE `craft_assettransformindex` (
  `id` int(11) NOT NULL AUTO_INCREMENT,
  `fileId` int(11) NOT NULL,
  `filename` varchar(255) COLLATE utf8_unicode_ci DEFAULT NULL,
  `format` varchar(255) COLLATE utf8_unicode_ci DEFAULT NULL,
  `location` varchar(255) COLLATE utf8_unicode_ci NOT NULL,
  `sourceId` int(11) DEFAULT NULL,
  `fileExists` tinyint(1) DEFAULT NULL,
  `inProgress` tinyint(1) DEFAULT NULL,
  `dateIndexed` datetime DEFAULT NULL,
  `dateCreated` datetime NOT NULL,
  `dateUpdated` datetime NOT NULL,
  `uid` char(36) COLLATE utf8_unicode_ci NOT NULL DEFAULT '0',
  PRIMARY KEY (`id`),
  KEY `craft_assettransformindex_sourceId_fileId_location_idx` (`sourceId`,`fileId`,`location`)
) ENGINE=InnoDB DEFAULT CHARSET=utf8 COLLATE=utf8_unicode_ci;

DROP TABLE IF EXISTS `craft_assettransforms`;


--
-- Schema for table `craft_assettransforms`
--
CREATE TABLE `craft_assettransforms` (
  `id` int(11) NOT NULL AUTO_INCREMENT,
  `name` varchar(255) COLLATE utf8_unicode_ci NOT NULL,
  `handle` varchar(255) COLLATE utf8_unicode_ci NOT NULL,
  `mode` enum('stretch','fit','crop') COLLATE utf8_unicode_ci NOT NULL DEFAULT 'crop',
  `position` enum('top-left','top-center','top-right','center-left','center-center','center-right','bottom-left','bottom-center','bottom-right') COLLATE utf8_unicode_ci NOT NULL DEFAULT 'center-center',
  `height` int(10) DEFAULT NULL,
  `width` int(10) DEFAULT NULL,
  `format` varchar(255) COLLATE utf8_unicode_ci DEFAULT NULL,
  `quality` int(10) DEFAULT NULL,
  `dimensionChangeTime` datetime DEFAULT NULL,
  `dateCreated` datetime NOT NULL,
  `dateUpdated` datetime NOT NULL,
  `uid` char(36) COLLATE utf8_unicode_ci NOT NULL DEFAULT '0',
  PRIMARY KEY (`id`),
  UNIQUE KEY `craft_assettransforms_name_unq_idx` (`name`),
  UNIQUE KEY `craft_assettransforms_handle_unq_idx` (`handle`)
) ENGINE=InnoDB DEFAULT CHARSET=utf8 COLLATE=utf8_unicode_ci;

DROP TABLE IF EXISTS `craft_categories`;


--
-- Schema for table `craft_categories`
--
CREATE TABLE `craft_categories` (
  `id` int(11) NOT NULL,
  `groupId` int(11) NOT NULL,
  `dateCreated` datetime NOT NULL,
  `dateUpdated` datetime NOT NULL,
  `uid` char(36) COLLATE utf8_unicode_ci NOT NULL DEFAULT '0',
  PRIMARY KEY (`id`),
  KEY `craft_categories_groupId_fk` (`groupId`)
) ENGINE=InnoDB DEFAULT CHARSET=utf8 COLLATE=utf8_unicode_ci;

DROP TABLE IF EXISTS `craft_categorygroups`;


--
-- Schema for table `craft_categorygroups`
--
CREATE TABLE `craft_categorygroups` (
  `id` int(11) NOT NULL AUTO_INCREMENT,
  `structureId` int(11) NOT NULL,
  `fieldLayoutId` int(11) DEFAULT NULL,
  `name` varchar(255) COLLATE utf8_unicode_ci NOT NULL,
  `handle` varchar(255) COLLATE utf8_unicode_ci NOT NULL,
  `hasUrls` tinyint(1) unsigned NOT NULL DEFAULT '1',
  `template` varchar(500) COLLATE utf8_unicode_ci DEFAULT NULL,
  `dateCreated` datetime NOT NULL,
  `dateUpdated` datetime NOT NULL,
  `uid` char(36) COLLATE utf8_unicode_ci NOT NULL DEFAULT '0',
  PRIMARY KEY (`id`),
  UNIQUE KEY `craft_categorygroups_name_unq_idx` (`name`),
  UNIQUE KEY `craft_categorygroups_handle_unq_idx` (`handle`),
  KEY `craft_categorygroups_structureId_fk` (`structureId`),
  KEY `craft_categorygroups_fieldLayoutId_fk` (`fieldLayoutId`)
) ENGINE=InnoDB DEFAULT CHARSET=utf8 COLLATE=utf8_unicode_ci;

DROP TABLE IF EXISTS `craft_categorygroups_i18n`;


--
-- Schema for table `craft_categorygroups_i18n`
--
CREATE TABLE `craft_categorygroups_i18n` (
  `id` int(11) NOT NULL AUTO_INCREMENT,
  `groupId` int(11) NOT NULL,
  `locale` char(12) COLLATE utf8_unicode_ci NOT NULL,
  `urlFormat` text COLLATE utf8_unicode_ci,
  `nestedUrlFormat` text COLLATE utf8_unicode_ci,
  `dateCreated` datetime NOT NULL,
  `dateUpdated` datetime NOT NULL,
  `uid` char(36) COLLATE utf8_unicode_ci NOT NULL DEFAULT '0',
  PRIMARY KEY (`id`),
  UNIQUE KEY `craft_categorygroups_i18n_groupId_locale_unq_idx` (`groupId`,`locale`),
  KEY `craft_categorygroups_i18n_locale_fk` (`locale`)
) ENGINE=InnoDB DEFAULT CHARSET=utf8 COLLATE=utf8_unicode_ci;

DROP TABLE IF EXISTS `craft_content`;


--
-- Schema for table `craft_content`
--
CREATE TABLE `craft_content` (
  `id` int(11) NOT NULL AUTO_INCREMENT,
  `elementId` int(11) NOT NULL,
  `locale` char(12) COLLATE utf8_unicode_ci NOT NULL,
  `title` varchar(255) COLLATE utf8_unicode_ci DEFAULT NULL,
  `field_body` text COLLATE utf8_unicode_ci,
  `field_projectTitle` text COLLATE utf8_unicode_ci,
  `field_role` text COLLATE utf8_unicode_ci,
  `field_technologies` text COLLATE utf8_unicode_ci,
  `field_clientBrand` text COLLATE utf8_unicode_ci,
  `field_projectUrl` text COLLATE utf8_unicode_ci,
  `dateCreated` datetime NOT NULL,
  `dateUpdated` datetime NOT NULL,
  `uid` char(36) COLLATE utf8_unicode_ci NOT NULL DEFAULT '0',
  PRIMARY KEY (`id`),
  UNIQUE KEY `craft_content_elementId_locale_unq_idx` (`elementId`,`locale`),
  KEY `craft_content_title_idx` (`title`),
  KEY `craft_content_locale_fk` (`locale`)
) ENGINE=InnoDB AUTO_INCREMENT=206 DEFAULT CHARSET=utf8 COLLATE=utf8_unicode_ci;

--
-- Data for table `craft_content`
--

INSERT INTO `craft_content` (`id`, `elementId`, `locale`, `title`, `field_body`, `field_projectTitle`, `field_role`, `field_technologies`, `field_clientBrand`, `field_projectUrl`, `dateCreated`, `dateUpdated`, `uid`) VALUES
 ('1', '1', 'en_us', NULL, NULL, NULL, NULL, NULL, NULL, NULL, '2016-06-02 16:01:32', '2016-06-02 16:01:32', '05e79e9e-4d9a-4de8-9d01-9594c0df0fef'),
 ('2', '2', 'en_us', 'Welcome to Localhost!', '<p>It’s true, this site doesn’t have a whole lot of content yet, but don’t worry. Our web developers have just installed the CMS, and they’re setting things up for the content editors this very moment. Soon Localhost will be an oasis of fresh perspectives, sharp analyses, and astute opinions that will keep you coming back again and again.</p>', NULL, NULL, NULL, NULL, NULL, '2016-06-02 16:01:34', '2016-06-02 16:01:34', '86561460-bd31-48f7-8195-51a83dcead30'),
 ('3', '3', 'en_us', 'We just installed Craft!', '<p>Craft is the CMS that’s powering Localhost. It’s beautiful, powerful, flexible, and easy-to-use, and it’s made by Pixel &amp; Tonic. We can’t wait to dive in and see what it’s capable of!</p><!--pagebreak--><p>This is even more captivating content, which you couldn’t see on the News index page because it was entered after a Page Break, and the News index template only likes to show the content on the first page.</p><p>Craft: a nice alternative to Word, if you’re making a website.</p>', NULL, NULL, NULL, NULL, NULL, '2016-06-02 16:01:34', '2016-06-02 16:01:34', 'fd789395-538f-447f-bf81-b6a970d11790'),
 ('73', '73', 'en_us', 'We\'re Adding a New Portfolio Page to the CMS', '<p>Pulled a classic when I deleted a folder without grabbing a DB backup. How you may ask? Transitioning from a PC to a Mac and thoroughly believed I backed that bad boy up. </p>', NULL, NULL, NULL, NULL, NULL, '2016-06-05 20:23:09', '2016-06-05 20:24:54', '72df5415-cca7-45b7-a852-20723767f87d'),
 ('86', '86', 'en_us', 'Camel.com', NULL, 'Camel.com', 'Front-end Web Developer and Responsive Email', 'ASP.NET MVC C#, XML, XLST,HTML5/CSS2/Js/jQuery', NULL, NULL, '2016-06-06 02:34:41', '2016-06-08 01:53:51', 'ab4806c5-47fb-4fd9-92bc-2b9e878b3c9e'),
 ('88', '88', 'en_us', 'Cody Kresta Vineyard & Winery', NULL, 'Cody Kresta Vineyard & Winery', 'Web Design and Development', 'HTML5, CSS2, JavaScript/jQuery', NULL, NULL, '2016-06-06 02:40:55', '2016-06-08 01:59:44', '11c0be78-892b-45ef-87bb-edf7a7443cb4'),
 ('89', '89', 'en_us', 'Inside Groove', NULL, '', 'Front-end Web Developer ', 'HTML5, CSS2/3, JavaScript/jQuery, Custom Infinite Scroll', NULL, NULL, '2016-06-07 00:38:36', '2016-06-08 01:55:23', 'd077cc19-4c94-4f66-932a-59f2360ee18e'),
 ('90', '90', 'en_us', 'Race Bar', NULL, 'Race Bar', 'Front-end Web Developer', 'HTML5, CSS2/3, Js/jQuery', NULL, NULL, '2016-06-07 00:40:50', '2016-06-08 01:58:13', '865478d8-8b3b-40c2-a024-7b9f160bdd44'),
 ('91', '91', 'en_us', 'Snus Nation', NULL, 'SNUS NATION - snusnation.com', 'Front-end Web Developer and Responsive Email', 'ASP.NET C#, HTML5, CSS2/3, Js/jQuery, XML, XLST', NULL, NULL, '2016-06-07 00:42:40', '2016-06-08 01:54:19', '8c38e56e-c302-4daa-af79-93496c5d936c'),
 ('92', '92', 'en_us', 'Big Daddy\'s Hosting', NULL, 'Big Daddy\'s Hosting', 'Web Design and Development', 'PHP/MySQL/Apache, XHTML, CSS2, JavaScript, WHM', NULL, NULL, '2016-06-07 00:44:07', '2016-06-08 02:00:15', 'd88a77f9-78a5-4495-aa8a-98d1fd4db84a'),
 ('148', '148', 'en_us', 'Live Player', NULL, 'Live Player', 'Front-end Web Developer', 'HTML5, CSS2/3, JavaScript/jQuery', NULL, NULL, '2016-06-07 15:45:22', '2016-06-08 01:56:00', 'f4eea179-5b07-4724-9f73-71d383dfd739'),
 ('173', '173', 'en_us', 'Logs to Lumber', NULL, 'Logtolumber.org', 'Web Design and Development', 'XHTML, CSS2, JavaScript/jQuery', NULL, NULL, '2016-06-07 16:12:12', '2016-06-08 02:00:45', '5e690dcf-87e8-4985-94d4-0c83c710f5de'),
 ('174', '174', 'en_us', 'Logo Mjm', NULL, NULL, NULL, NULL, NULL, NULL, '2016-06-07 20:15:45', '2016-06-07 20:15:45', '8dbce98e-f841-4c80-a7a1-0b7ea2a308b1'),
 ('175', '175', 'en_us', 'Camel', NULL, NULL, NULL, NULL, NULL, NULL, '2016-06-08 01:43:39', '2016-06-08 01:43:39', '0708a4a7-3397-4db0-80e3-ad6e039bd874'),
 ('176', '176', 'en_us', 'Campari', NULL, NULL, NULL, NULL, NULL, NULL, '2016-06-08 01:43:52', '2016-06-08 01:43:52', 'fab76757-6f32-4d03-a4be-fabbcf93bf47'),
 ('177', '177', 'en_us', 'Capsulestory', NULL, NULL, NULL, NULL, NULL, NULL, '2016-06-08 01:43:59', '2016-06-08 01:43:59', '20a924a0-9bb9-45ef-b5e6-1f4da6e7af99'),
 ('178', '178', 'en_us', 'Discover Sc', NULL, NULL, NULL, NULL, NULL, NULL, '2016-06-08 01:44:07', '2016-06-08 01:44:07', 'b50e3298-44ea-44f2-af99-103a4ba00c47'),
 ('179', '179', 'en_us', 'Redkamel', NULL, NULL, NULL, NULL, NULL, NULL, '2016-06-08 01:44:28', '2016-06-08 01:44:28', '5ceb8f10-8422-4a68-a1d2-e613a14ae2e3'),
 ('180', '180', 'en_us', 'Sfntc', NULL, NULL, NULL, NULL, NULL, NULL, '2016-06-08 01:44:38', '2016-06-08 01:44:38', 'b7024611-9d3a-4b60-bb47-1ce346f18213'),
 ('181', '181', 'en_us', 'Snus', NULL, NULL, NULL, NULL, NULL, NULL, '2016-06-08 01:44:52', '2016-06-08 01:44:52', '82d6879f-2d4f-4afb-983f-7a105f81884a'),
 ('182', '182', 'en_us', 'Bd 390', NULL, NULL, NULL, NULL, NULL, NULL, '2016-06-08 01:48:00', '2016-06-08 01:48:00', '878f4f71-1021-4e15-b62e-aefb76244f95'),
 ('183', '183', 'en_us', 'Codykresta', NULL, NULL, NULL, NULL, NULL, NULL, '2016-06-08 01:48:06', '2016-06-08 01:48:06', 'a4cf1c71-5263-45ba-8d78-14aa02e2c8fc'),
 ('184', '184', 'en_us', 'Ggb', NULL, NULL, NULL, NULL, NULL, NULL, '2016-06-08 01:48:12', '2016-06-08 01:48:12', '65f4fcdd-0132-4a3d-a92a-cb1fe52f7a71'),
 ('185', '185', 'en_us', 'Logstolumber', NULL, NULL, NULL, NULL, NULL, NULL, '2016-06-08 01:48:19', '2016-06-08 01:48:19', '3625eab6-09b7-4d43-8faa-f4bd019115e9'),
 ('186', '186', 'en_us', 'Patches', NULL, NULL, NULL, NULL, NULL, NULL, '2016-06-08 01:48:25', '2016-06-08 01:48:25', 'e9cc80f2-7eda-45da-aca8-c9acac2f1fd4'),
 ('187', '187', 'en_us', 'Restore390', NULL, NULL, NULL, NULL, NULL, NULL, '2016-06-08 01:48:40', '2016-06-08 01:48:40', '03664309-ce23-45c1-b4a9-d2f9385a6e25'),
 ('188', '188', 'en_us', 'Search4Records', NULL, NULL, NULL, NULL, NULL, NULL, '2016-06-08 01:48:47', '2016-06-08 01:48:47', '756cc459-4d31-4ab3-8afb-5f06ad392ae6'),
 ('189', '189', 'en_us', 'T4T390', NULL, NULL, NULL, NULL, NULL, NULL, '2016-06-08 01:48:53', '2016-06-08 01:48:53', '60dc875a-95b9-4f35-90dd-8a54e0caa9ba'),
 ('190', '190', 'en_us', 'Inside Groove', NULL, NULL, NULL, NULL, NULL, NULL, '2016-06-08 01:51:20', '2016-06-08 01:51:20', 'e53ad234-9204-45fb-bee3-4a1bc058323f'),
 ('191', '191', 'en_us', 'Liveplayer', NULL, NULL, NULL, NULL, NULL, NULL, '2016-06-08 01:51:26', '2016-06-08 01:51:26', '74d09f73-fc1c-43bb-83b1-c6c383b067c4'),
 ('192', '192', 'en_us', 'Nascar Footer', NULL, NULL, NULL, NULL, NULL, NULL, '2016-06-08 01:51:34', '2016-06-08 01:51:34', '5db72286-ae3e-417b-a966-228e57437de5'),
 ('193', '193', 'en_us', 'Nascar', NULL, NULL, NULL, NULL, NULL, NULL, '2016-06-08 01:51:40', '2016-06-08 01:51:40', 'b4b6786e-ad41-474b-8ec8-0ac80e6481e6'),
 ('194', '194', 'en_us', 'Racebar', NULL, NULL, NULL, NULL, NULL, NULL, '2016-06-08 01:51:48', '2016-06-08 01:51:48', '5d64ccfe-d9ae-4ee5-a232-8f6b3516fb9f'),
 ('195', '195', 'en_us', 'Raceview', NULL, NULL, NULL, NULL, NULL, NULL, '2016-06-08 01:51:52', '2016-06-08 01:51:52', '2189b0db-6ce8-4fa0-a3eb-e246db6a24f9'),
 ('196', '196', 'en_us', 'Melloyello', NULL, NULL, NULL, NULL, NULL, NULL, '2016-06-08 01:52:31', '2016-06-08 01:52:31', 'f721b53e-7cb1-48a9-bcbf-09e37fac6ff1'),
 ('197', '197', 'en_us', 'Nascigs', NULL, NULL, NULL, NULL, NULL, NULL, '2016-06-08 01:52:46', '2016-06-08 01:52:46', 'f15454fa-c763-47e8-85e0-aed6f52d04a4'),
 ('198', '198', 'en_us', 'Camel', NULL, NULL, NULL, NULL, NULL, NULL, '2016-06-08 01:53:37', '2016-06-08 01:53:37', 'db61d364-12ad-46fb-8845-e5875a41a566'),
 ('199', '199', 'en_us', 'Snus', NULL, NULL, NULL, NULL, NULL, NULL, '2016-06-08 01:54:08', '2016-06-08 01:54:08', 'c2284265-89e8-435c-9c63-313d9075b74a'),
 ('200', '200', 'en_us', 'Inside Groove', NULL, NULL, NULL, NULL, NULL, NULL, '2016-06-08 01:55:17', '2016-06-08 01:55:17', '3192365a-b7a6-47f5-a751-dad18bb24a3d'),
 ('201', '201', 'en_us', 'Liveplayer', NULL, NULL, NULL, NULL, NULL, NULL, '2016-06-08 01:55:37', '2016-06-08 01:55:37', 'db2b0910-a023-4f4a-af00-e0b66bc1a583'),
 ('202', '202', 'en_us', 'Racebar', NULL, NULL, NULL, NULL, NULL, NULL, '2016-06-08 01:56:17', '2016-06-08 01:56:17', '745e2bb0-3d1b-46ce-8842-959860dc3e49'),
 ('203', '203', 'en_us', 'Codykresta', NULL, NULL, NULL, NULL, NULL, NULL, '2016-06-08 01:59:11', '2016-06-08 01:59:11', '3e206ac1-b572-4464-9f70-d86a3b7cec41'),
 ('204', '204', 'en_us', 'Bd 390', NULL, NULL, NULL, NULL, NULL, NULL, '2016-06-08 02:00:05', '2016-06-08 02:00:05', '955dd2eb-50fa-4e42-a600-136799b9ec67'),
 ('205', '205', 'en_us', 'Logstolumber', NULL, NULL, NULL, NULL, NULL, NULL, '2016-06-08 02:00:39', '2016-06-08 02:00:39', 'a1b75232-f71f-4b07-8690-4fe348bd6b5b');



DROP TABLE IF EXISTS `craft_deprecationerrors`;


--
-- Schema for table `craft_deprecationerrors`
--
CREATE TABLE `craft_deprecationerrors` (
  `id` int(11) NOT NULL AUTO_INCREMENT,
  `key` varchar(255) COLLATE utf8_unicode_ci NOT NULL,
  `fingerprint` varchar(255) COLLATE utf8_unicode_ci NOT NULL,
  `lastOccurrence` datetime NOT NULL,
  `file` varchar(255) COLLATE utf8_unicode_ci NOT NULL,
  `line` smallint(6) unsigned NOT NULL,
  `class` varchar(255) COLLATE utf8_unicode_ci DEFAULT NULL,
  `method` varchar(255) COLLATE utf8_unicode_ci DEFAULT NULL,
  `template` varchar(255) COLLATE utf8_unicode_ci DEFAULT NULL,
  `templateLine` smallint(6) unsigned DEFAULT NULL,
  `message` varchar(255) COLLATE utf8_unicode_ci DEFAULT NULL,
  `traces` text COLLATE utf8_unicode_ci,
  `dateCreated` datetime NOT NULL,
  `dateUpdated` datetime NOT NULL,
  `uid` char(36) COLLATE utf8_unicode_ci NOT NULL DEFAULT '0',
  PRIMARY KEY (`id`),
  UNIQUE KEY `craft_deprecationerrors_key_fingerprint_unq_idx` (`key`,`fingerprint`)
) ENGINE=InnoDB DEFAULT CHARSET=utf8 COLLATE=utf8_unicode_ci;

DROP TABLE IF EXISTS `craft_elementindexsettings`;


--
-- Schema for table `craft_elementindexsettings`
--
CREATE TABLE `craft_elementindexsettings` (
  `id` int(11) NOT NULL AUTO_INCREMENT,
  `type` varchar(150) COLLATE utf8_unicode_ci NOT NULL,
  `settings` text COLLATE utf8_unicode_ci,
  `dateCreated` datetime NOT NULL,
  `dateUpdated` datetime NOT NULL,
  `uid` char(36) COLLATE utf8_unicode_ci NOT NULL DEFAULT '0',
  PRIMARY KEY (`id`),
  UNIQUE KEY `craft_elementindexsettings_type_unq_idx` (`type`)
) ENGINE=InnoDB AUTO_INCREMENT=3 DEFAULT CHARSET=utf8 COLLATE=utf8_unicode_ci;

--
-- Data for table `craft_elementindexsettings`
--

INSERT INTO `craft_elementindexsettings` (`id`, `type`, `settings`, `dateCreated`, `dateUpdated`, `uid`) VALUES
 ('1', 'Asset', '{\"sources\":{\"folder:6\":{\"tableAttributes\":{\"1\":\"filename\",\"2\":\"size\",\"3\":\"dateModified\",\"4\":\"imageSize\"}},\"folder:8\":{\"tableAttributes\":{\"1\":\"filename\",\"2\":\"size\",\"3\":\"dateModified\"}}}}', '2016-06-04 02:54:44', '2016-06-07 21:00:19', 'f21b8069-8e5e-43e1-b339-a2b3f2b43492'),
 ('2', 'Entry', '{\"sources\":{\"section:3\":{\"tableAttributes\":{\"1\":\"postDate\",\"2\":\"expiryDate\",\"3\":\"link\",\"4\":\"dateCreated\",\"5\":\"field:4\",\"6\":\"field:3\"}},\"section:4\":{\"tableAttributes\":{\"1\":\"postDate\",\"2\":\"expiryDate\",\"3\":\"link\"}},\"section:5\":{\"tableAttributes\":{\"1\":\"postDate\",\"2\":\"expiryDate\",\"3\":\"link\"}}},\"sourceOrder\":[[\"key\",\"*\"],[\"key\",\"section:3\"],[\"key\",\"singles\"],[\"heading\",\"Channels\"],[\"key\",\"section:2\"],[\"heading\",\"Structures\"],[\"key\",\"section:5\"],[\"key\",\"section:6\"],[\"key\",\"section:4\"]]}', '2016-06-04 02:56:00', '2016-06-08 00:41:41', 'cc265c49-c33c-4619-bb47-12590459c6b1');



DROP TABLE IF EXISTS `craft_elements`;


--
-- Schema for table `craft_elements`
--
CREATE TABLE `craft_elements` (
  `id` int(11) NOT NULL AUTO_INCREMENT,
  `type` varchar(150) COLLATE utf8_unicode_ci NOT NULL,
  `enabled` tinyint(1) unsigned NOT NULL DEFAULT '1',
  `archived` tinyint(1) unsigned NOT NULL DEFAULT '0',
  `dateCreated` datetime NOT NULL,
  `dateUpdated` datetime NOT NULL,
  `uid` char(36) COLLATE utf8_unicode_ci NOT NULL DEFAULT '0',
  PRIMARY KEY (`id`),
  KEY `craft_elements_type_idx` (`type`),
  KEY `craft_elements_enabled_idx` (`enabled`),
  KEY `craft_elements_archived_dateCreated_idx` (`archived`,`dateCreated`)
) ENGINE=InnoDB AUTO_INCREMENT=206 DEFAULT CHARSET=utf8 COLLATE=utf8_unicode_ci;

--
-- Data for table `craft_elements`
--

INSERT INTO `craft_elements` (`id`, `type`, `enabled`, `archived`, `dateCreated`, `dateUpdated`, `uid`) VALUES
 ('1', 'User', '1', '0', '2016-06-02 16:01:32', '2016-06-02 16:01:32', '63bf8d87-fb86-4c48-aa0d-ac55be550809'),
 ('2', 'Entry', '1', '0', '2016-06-02 16:01:34', '2016-06-02 16:01:34', 'eeece991-ab9c-41c4-8e34-b2f2209d3dcb'),
 ('3', 'Entry', '1', '0', '2016-06-02 16:01:34', '2016-06-02 16:01:34', 'fa3e1eed-90c6-466b-a04e-c3f73ea08573'),
 ('73', 'Entry', '1', '0', '2016-06-05 20:23:09', '2016-06-05 20:24:54', 'd065d97e-39b3-4f1a-83d8-d4a3db183fa1'),
 ('86', 'Entry', '1', '0', '2016-06-06 02:34:41', '2016-06-08 01:53:51', 'b6ab48af-d219-4d62-b258-70d9b034ec8c'),
 ('88', 'Entry', '1', '0', '2016-06-06 02:40:55', '2016-06-08 01:59:44', '6c9cc5e6-852d-4787-8a2c-ce96d5ff87d7'),
 ('89', 'Entry', '1', '0', '2016-06-07 00:38:36', '2016-06-08 01:55:23', '6ede661b-b703-4324-a08b-b5e91eef6bac'),
 ('90', 'Entry', '1', '0', '2016-06-07 00:40:50', '2016-06-08 01:58:13', 'b226a00b-6629-4468-8448-af4fadee7ddb'),
 ('91', 'Entry', '1', '0', '2016-06-07 00:42:40', '2016-06-08 01:54:19', '07e0bda5-3af0-4df5-a8c7-ec5ec6550871'),
 ('92', 'Entry', '1', '0', '2016-06-07 00:44:07', '2016-06-08 02:00:15', '554a4113-b932-4a44-990d-81ad910e878f'),
 ('148', 'Entry', '1', '0', '2016-06-07 15:45:22', '2016-06-08 01:56:00', '156b8a67-7063-4bfc-99c4-9f0991769fb4'),
 ('173', 'Entry', '1', '0', '2016-06-07 16:12:12', '2016-06-08 02:00:45', 'fb856175-efe5-49bb-8175-f841f827d0b9'),
 ('174', 'Asset', '1', '0', '2016-06-07 20:15:45', '2016-06-07 20:15:45', '74550925-f0a2-4fba-9337-e8b4b5f431b3'),
 ('175', 'Asset', '1', '0', '2016-06-08 01:43:39', '2016-06-08 01:43:39', '0159f67e-3359-4634-97c1-6f1ee04fd11a'),
 ('176', 'Asset', '1', '0', '2016-06-08 01:43:52', '2016-06-08 01:43:52', '788d58d0-c674-4548-84df-e82c67143a5f'),
 ('177', 'Asset', '1', '0', '2016-06-08 01:43:59', '2016-06-08 01:43:59', '5e024fa0-6cf1-443c-972d-2ec3f6f2a19d'),
 ('178', 'Asset', '1', '0', '2016-06-08 01:44:07', '2016-06-08 01:44:07', '7e3abcc5-27d0-4322-98f4-825b255bcf83'),
 ('179', 'Asset', '1', '0', '2016-06-08 01:44:28', '2016-06-08 01:44:28', 'db05ebe6-8a5d-4215-a519-e22b1bd53147'),
 ('180', 'Asset', '1', '0', '2016-06-08 01:44:38', '2016-06-08 01:44:38', '9c7fe2a3-ec9c-4927-9aa9-796fbfaba868'),
 ('181', 'Asset', '1', '0', '2016-06-08 01:44:52', '2016-06-08 01:44:52', '52a3943a-eed2-4a1b-b941-d3f2ddf1d1b3'),
 ('182', 'Asset', '1', '0', '2016-06-08 01:48:00', '2016-06-08 01:48:00', '494e4a5a-5129-4b50-ac28-ad6dbdfec83b'),
 ('183', 'Asset', '1', '0', '2016-06-08 01:48:06', '2016-06-08 01:48:06', 'e3aca1df-2a43-467e-be03-4326e3e6c282'),
 ('184', 'Asset', '1', '0', '2016-06-08 01:48:12', '2016-06-08 01:48:12', '0577558a-9520-4ce6-a06a-fb4edc3393ce'),
 ('185', 'Asset', '1', '0', '2016-06-08 01:48:19', '2016-06-08 01:48:19', '46a10baf-322c-43c7-984f-daf9203ea430'),
 ('186', 'Asset', '1', '0', '2016-06-08 01:48:25', '2016-06-08 01:48:25', '08e3ea30-820d-4fe4-bc99-1282076a611e'),
 ('187', 'Asset', '1', '0', '2016-06-08 01:48:40', '2016-06-08 01:48:40', '48a9293f-19c1-4349-a567-3a6d10bd838c'),
 ('188', 'Asset', '1', '0', '2016-06-08 01:48:47', '2016-06-08 01:48:47', 'e4bfd067-0a96-4e26-8ae3-987ca2c0d440'),
 ('189', 'Asset', '1', '0', '2016-06-08 01:48:53', '2016-06-08 01:48:53', '04759f7b-b5cc-4bcd-a811-841c4036c8a5'),
 ('190', 'Asset', '1', '0', '2016-06-08 01:51:20', '2016-06-08 01:51:20', 'ca121f63-08dd-4c69-8bb9-38a7ef2f2f98'),
 ('191', 'Asset', '1', '0', '2016-06-08 01:51:26', '2016-06-08 01:51:26', 'af08b4dc-93e5-4740-9d7d-9a026fd860de'),
 ('192', 'Asset', '1', '0', '2016-06-08 01:51:34', '2016-06-08 01:51:34', '4f5a07d3-7407-43f6-b5eb-5c8105aa7181'),
 ('193', 'Asset', '1', '0', '2016-06-08 01:51:40', '2016-06-08 01:51:40', 'fbb5d2ab-c189-4b3c-8907-2b1769d79b68'),
 ('194', 'Asset', '1', '0', '2016-06-08 01:51:48', '2016-06-08 01:51:48', 'e42939f4-56f9-41c5-9fb4-6949ff08340a'),
 ('195', 'Asset', '1', '0', '2016-06-08 01:51:52', '2016-06-08 01:51:52', '25b545b2-4053-445f-8f47-ebf3a61017e8'),
 ('196', 'Asset', '1', '0', '2016-06-08 01:52:31', '2016-06-08 01:52:31', '59b6fc38-6835-4de0-a1cc-be1d44ac2fbc'),
 ('197', 'Asset', '1', '0', '2016-06-08 01:52:46', '2016-06-08 01:52:46', '97fd83bd-eecc-4993-8048-dbc9f9b8cc9e'),
 ('198', 'Asset', '1', '0', '2016-06-08 01:53:37', '2016-06-08 01:53:37', '55777b5b-6940-4331-9938-9035684db051'),
 ('199', 'Asset', '1', '0', '2016-06-08 01:54:08', '2016-06-08 01:54:08', '3fa4cd74-05db-4e52-bd5c-59c21e2225ce'),
 ('200', 'Asset', '1', '0', '2016-06-08 01:55:17', '2016-06-08 01:55:17', '792140a3-5675-4e26-b046-a604df8ddc77'),
 ('201', 'Asset', '1', '0', '2016-06-08 01:55:37', '2016-06-08 01:55:37', '77c611f2-d585-4478-887a-fb2633648dff'),
 ('202', 'Asset', '1', '0', '2016-06-08 01:56:17', '2016-06-08 01:56:17', '91a911c6-6966-46d1-9b70-80a458a3f6a1'),
 ('203', 'Asset', '1', '0', '2016-06-08 01:59:11', '2016-06-08 01:59:11', 'a2ec3625-7d72-445f-8186-61b4c1bf2e7b'),
 ('204', 'Asset', '1', '0', '2016-06-08 02:00:05', '2016-06-08 02:00:05', '7919bef6-378e-4454-b152-e66e88a1dd6d'),
 ('205', 'Asset', '1', '0', '2016-06-08 02:00:39', '2016-06-08 02:00:39', '191117be-0e74-4be9-8206-6fa6655bd1ee');



DROP TABLE IF EXISTS `craft_elements_i18n`;


--
-- Schema for table `craft_elements_i18n`
--
CREATE TABLE `craft_elements_i18n` (
  `id` int(11) NOT NULL AUTO_INCREMENT,
  `elementId` int(11) NOT NULL,
  `locale` char(12) COLLATE utf8_unicode_ci NOT NULL,
  `slug` varchar(255) COLLATE utf8_unicode_ci DEFAULT NULL,
  `uri` varchar(255) COLLATE utf8_unicode_ci DEFAULT NULL,
  `enabled` tinyint(1) unsigned NOT NULL DEFAULT '1',
  `dateCreated` datetime NOT NULL,
  `dateUpdated` datetime NOT NULL,
  `uid` char(36) COLLATE utf8_unicode_ci NOT NULL DEFAULT '0',
  PRIMARY KEY (`id`),
  UNIQUE KEY `craft_elements_i18n_elementId_locale_unq_idx` (`elementId`,`locale`),
  UNIQUE KEY `craft_elements_i18n_uri_locale_unq_idx` (`uri`,`locale`),
  KEY `craft_elements_i18n_slug_locale_idx` (`slug`,`locale`),
  KEY `craft_elements_i18n_enabled_idx` (`enabled`),
  KEY `craft_elements_i18n_locale_fk` (`locale`)
) ENGINE=InnoDB AUTO_INCREMENT=206 DEFAULT CHARSET=utf8 COLLATE=utf8_unicode_ci;

--
-- Data for table `craft_elements_i18n`
--

INSERT INTO `craft_elements_i18n` (`id`, `elementId`, `locale`, `slug`, `uri`, `enabled`, `dateCreated`, `dateUpdated`, `uid`) VALUES
 ('1', '1', 'en_us', '', NULL, '1', '2016-06-02 16:01:32', '2016-06-02 16:01:32', '6e51f4a0-5e16-49f4-9534-dea20b73677c'),
 ('2', '2', 'en_us', 'homepage', '__home__', '1', '2016-06-02 16:01:34', '2016-06-02 16:01:34', 'e8d52263-fbbb-4420-9057-4450549a088f'),
 ('3', '3', 'en_us', 'we-just-installed-craft', 'news/2016/we-just-installed-craft', '1', '2016-06-02 16:01:34', '2016-06-02 16:01:34', 'c701882b-1a51-4592-8fc6-3dad868d0a0f'),
 ('73', '73', 'en_us', 'were-adding-a-new-portfolio-page-to-the-cms', 'news/2016/were-adding-a-new-portfolio-page-to-the-cms', '1', '2016-06-05 20:23:09', '2016-06-05 20:24:54', 'ca226c2c-750b-4b8b-9bee-17c953cc9cb2'),
 ('86', '86', 'en_us', 'camel-com', 'bfg/camel-com', '1', '2016-06-06 02:34:41', '2016-06-08 01:53:52', '39f11dba-7934-4d7d-92ca-338af90c17f7'),
 ('88', '88', 'en_us', 'cody-kresta-vineyard-winery', 'freelance/cody-kresta-vineyard-winery', '1', '2016-06-06 02:40:55', '2016-06-08 01:59:44', '29474190-9e22-4812-9d26-50b2e9970ca8'),
 ('89', '89', 'en_us', 'inside-groove', 'nascar/inside-groove', '1', '2016-06-07 00:38:36', '2016-06-08 01:55:23', 'e46aec9a-57c1-457a-95c4-6a8d3b7dbcd2'),
 ('90', '90', 'en_us', 'race-bar', 'nascar/race-bar', '1', '2016-06-07 00:40:50', '2016-06-08 01:58:13', '48c76950-97b6-4a34-850d-63c679dbf82d'),
 ('91', '91', 'en_us', 'snus-nation', 'bfg/snus-nation', '1', '2016-06-07 00:42:40', '2016-06-08 01:54:19', '850cb474-26f6-4f73-ace2-5cbaf3df586e'),
 ('92', '92', 'en_us', 'big-daddys-hosting', 'freelance/big-daddys-hosting', '1', '2016-06-07 00:44:07', '2016-06-08 02:00:15', '245f9c9f-b46c-4a72-baca-fc14f186d567'),
 ('148', '148', 'en_us', 'live-player', 'nascar/live-player', '1', '2016-06-07 15:45:22', '2016-06-08 01:56:00', '95d383c5-3109-4a8b-a070-af24ff38a0a7'),
 ('173', '173', 'en_us', 'logs-to-lumber', 'freelance/logs-to-lumber', '1', '2016-06-07 16:12:13', '2016-06-08 02:00:45', '62180ec2-99f8-4c86-afc4-7a15ccd02b16'),
 ('174', '174', 'en_us', 'logo-mjm', NULL, '1', '2016-06-07 20:15:45', '2016-06-07 20:15:45', '4d89d96c-b49f-42ef-9d44-bdc4e42c24e0'),
 ('175', '175', 'en_us', 'camel', NULL, '1', '2016-06-08 01:43:39', '2016-06-08 01:43:39', '854752e4-8c3e-482f-b6ec-6105e318d2ca'),
 ('176', '176', 'en_us', 'campari', NULL, '1', '2016-06-08 01:43:52', '2016-06-08 01:43:52', '1598a035-d80b-42a8-b87a-d982161072f4'),
 ('177', '177', 'en_us', 'capsulestory', NULL, '1', '2016-06-08 01:43:59', '2016-06-08 01:43:59', 'c96d7f75-3978-45ee-b6aa-865e5dbe5beb'),
 ('178', '178', 'en_us', 'discover-sc', NULL, '1', '2016-06-08 01:44:07', '2016-06-08 01:44:07', '5e8e65d2-00b3-4dd9-a86c-35ed771b11c2'),
 ('179', '179', 'en_us', 'redkamel', NULL, '1', '2016-06-08 01:44:28', '2016-06-08 01:44:28', '0c8a09ba-6c37-44d2-b58c-4b7a8b744df4'),
 ('180', '180', 'en_us', 'sfntc', NULL, '1', '2016-06-08 01:44:38', '2016-06-08 01:44:38', 'fe206de1-0583-4027-98e7-84720a72a750'),
 ('181', '181', 'en_us', 'snus', NULL, '1', '2016-06-08 01:44:52', '2016-06-08 01:44:52', 'd7278723-31f7-4fc2-92ac-4bf3c313efcb'),
 ('182', '182', 'en_us', 'bd-390', NULL, '1', '2016-06-08 01:48:00', '2016-06-08 01:48:00', '4d4b3d0d-7175-4e6d-9d0b-6237e4860a3b'),
 ('183', '183', 'en_us', 'codykresta', NULL, '1', '2016-06-08 01:48:06', '2016-06-08 01:48:06', '1454c3bd-2a25-4cf2-9b76-fe5c73bda331'),
 ('184', '184', 'en_us', 'ggb', NULL, '1', '2016-06-08 01:48:12', '2016-06-08 01:48:12', '0576405a-2c68-4173-a9d4-d51a904dd799'),
 ('185', '185', 'en_us', 'logstolumber', NULL, '1', '2016-06-08 01:48:19', '2016-06-08 01:48:19', 'e12d64b6-640b-41db-adbb-4c233ed1922e'),
 ('186', '186', 'en_us', 'patches', NULL, '1', '2016-06-08 01:48:25', '2016-06-08 01:48:25', '9407bf5f-4ae6-47a4-a2f7-9f2dfeee5556'),
 ('187', '187', 'en_us', 'restore390', NULL, '1', '2016-06-08 01:48:40', '2016-06-08 01:48:40', 'ff2388bb-8387-4d87-92b0-38ed2ec971aa'),
 ('188', '188', 'en_us', 'search4records', NULL, '1', '2016-06-08 01:48:47', '2016-06-08 01:48:47', 'de470ba8-3608-4db5-ad15-ec1c93fa6c51'),
 ('189', '189', 'en_us', 't4t390', NULL, '1', '2016-06-08 01:48:53', '2016-06-08 01:48:53', '178855ca-7567-455c-a0a1-567a3d43efa1'),
 ('190', '190', 'en_us', 'inside-groove', NULL, '1', '2016-06-08 01:51:20', '2016-06-08 01:51:20', '3e1a88b0-c531-450a-a0c8-646951a6c989'),
 ('191', '191', 'en_us', 'liveplayer', NULL, '1', '2016-06-08 01:51:26', '2016-06-08 01:51:26', '29bad5a1-6b81-4a13-9891-5cb09d30e496'),
 ('192', '192', 'en_us', 'nascar-footer', NULL, '1', '2016-06-08 01:51:34', '2016-06-08 01:51:34', 'caef6d6f-0ab7-4c2d-afb8-9d8e237126bd'),
 ('193', '193', 'en_us', 'nascar', NULL, '1', '2016-06-08 01:51:40', '2016-06-08 01:51:40', '817b10b7-c417-4de8-9f3f-50f5a557d895'),
 ('194', '194', 'en_us', 'racebar', NULL, '1', '2016-06-08 01:51:48', '2016-06-08 01:51:48', '587d275b-1180-4905-98ec-c13386071e17'),
 ('195', '195', 'en_us', 'raceview', NULL, '1', '2016-06-08 01:51:52', '2016-06-08 01:51:52', 'eefa0109-25e4-41fb-bd0c-b59bd982c9f2'),
 ('196', '196', 'en_us', 'melloyello', NULL, '1', '2016-06-08 01:52:31', '2016-06-08 01:52:31', '17c4f8a6-da56-4772-8fe2-12f50bfe4ce2'),
 ('197', '197', 'en_us', 'nascigs', NULL, '1', '2016-06-08 01:52:46', '2016-06-08 01:52:46', '4d73001c-4415-4db8-abe8-4bac2cd7fe1e'),
 ('198', '198', 'en_us', 'camel', NULL, '1', '2016-06-08 01:53:37', '2016-06-08 01:53:37', '6e5bd563-053e-45ce-b42a-e6e809055311'),
 ('199', '199', 'en_us', 'snus', NULL, '1', '2016-06-08 01:54:08', '2016-06-08 01:54:08', '97a771fb-2a3f-4786-8bfd-c8f983548e48'),
 ('200', '200', 'en_us', 'inside-groove', NULL, '1', '2016-06-08 01:55:17', '2016-06-08 01:55:17', 'df193244-0f93-44a3-8ee9-ae3829bec5da'),
 ('201', '201', 'en_us', 'liveplayer', NULL, '1', '2016-06-08 01:55:37', '2016-06-08 01:55:37', 'a8c07a78-f527-42b4-a892-a66fc0f93d6a'),
 ('202', '202', 'en_us', 'racebar', NULL, '1', '2016-06-08 01:56:17', '2016-06-08 01:56:17', '956e00f4-792c-4aa1-baca-11015a98e16a'),
 ('203', '203', 'en_us', 'codykresta', NULL, '1', '2016-06-08 01:59:12', '2016-06-08 01:59:12', 'f2b173dd-7c11-431f-860d-b2207991b986'),
 ('204', '204', 'en_us', 'bd-390', NULL, '1', '2016-06-08 02:00:05', '2016-06-08 02:00:05', 'de82b6d4-5756-43b1-aa6f-f8688a2af2fa'),
 ('205', '205', 'en_us', 'logstolumber', NULL, '1', '2016-06-08 02:00:39', '2016-06-08 02:00:39', '993c5f26-5760-4bed-b033-3c9d7e8b3daa');



DROP TABLE IF EXISTS `craft_emailmessages`;


--
-- Schema for table `craft_emailmessages`
--
CREATE TABLE `craft_emailmessages` (
  `id` int(11) NOT NULL AUTO_INCREMENT,
  `key` char(150) COLLATE utf8_unicode_ci NOT NULL,
  `locale` char(12) COLLATE utf8_unicode_ci NOT NULL,
  `subject` varchar(1000) COLLATE utf8_unicode_ci NOT NULL,
  `body` text COLLATE utf8_unicode_ci NOT NULL,
  `dateCreated` datetime NOT NULL,
  `dateUpdated` datetime NOT NULL,
  `uid` char(36) COLLATE utf8_unicode_ci NOT NULL DEFAULT '0',
  PRIMARY KEY (`id`),
  UNIQUE KEY `craft_emailmessages_key_locale_unq_idx` (`key`,`locale`),
  KEY `craft_emailmessages_locale_fk` (`locale`)
) ENGINE=InnoDB DEFAULT CHARSET=utf8 COLLATE=utf8_unicode_ci;

DROP TABLE IF EXISTS `craft_entries`;


--
-- Schema for table `craft_entries`
--
CREATE TABLE `craft_entries` (
  `id` int(11) NOT NULL,
  `sectionId` int(11) NOT NULL,
  `typeId` int(11) DEFAULT NULL,
  `authorId` int(11) DEFAULT NULL,
  `postDate` datetime DEFAULT NULL,
  `expiryDate` datetime DEFAULT NULL,
  `dateCreated` datetime NOT NULL,
  `dateUpdated` datetime NOT NULL,
  `uid` char(36) COLLATE utf8_unicode_ci NOT NULL DEFAULT '0',
  PRIMARY KEY (`id`),
  KEY `craft_entries_sectionId_idx` (`sectionId`),
  KEY `craft_entries_typeId_idx` (`typeId`),
  KEY `craft_entries_postDate_idx` (`postDate`),
  KEY `craft_entries_expiryDate_idx` (`expiryDate`),
  KEY `craft_entries_authorId_fk` (`authorId`)
) ENGINE=InnoDB DEFAULT CHARSET=utf8 COLLATE=utf8_unicode_ci;

--
-- Data for table `craft_entries`
--

INSERT INTO `craft_entries` (`id`, `sectionId`, `typeId`, `authorId`, `postDate`, `expiryDate`, `dateCreated`, `dateUpdated`, `uid`) VALUES
 ('2', '1', NULL, NULL, '2016-06-02 16:01:34', NULL, '2016-06-02 16:01:34', '2016-06-02 16:01:34', 'aea3ffe5-2c8b-42ac-ba11-0d5f19f2dbf4'),
 ('3', '2', '2', '1', '2016-06-02 16:01:34', NULL, '2016-06-02 16:01:34', '2016-06-02 16:01:34', '7d20e304-9226-47f5-9551-1a2e1f40fd06'),
 ('73', '2', '2', '1', '2016-06-05 20:23:00', NULL, '2016-06-05 20:23:09', '2016-06-05 20:24:54', '64b11f51-d365-4e6a-936a-fa8c5a29d4c5'),
 ('86', '5', '8', '1', '2016-06-06 02:34:00', NULL, '2016-06-06 02:34:41', '2016-06-08 01:53:52', '94ee2ffe-7f63-495f-9cae-7de8d8b8f820'),
 ('88', '6', '9', '1', '2016-06-06 02:40:00', NULL, '2016-06-06 02:40:55', '2016-06-08 01:59:44', 'bf46d517-8833-4770-ae5d-54141449fa99'),
 ('89', '4', '7', '1', '2016-06-07 00:38:00', NULL, '2016-06-07 00:38:36', '2016-06-08 01:55:23', '0605a1c8-847e-438c-9f07-16295ad492e7'),
 ('90', '4', '7', '1', '2016-06-07 00:40:00', NULL, '2016-06-07 00:40:50', '2016-06-08 01:58:13', '669f7e8c-3d77-4276-bcdf-d378575043c0'),
 ('91', '5', '8', '1', '2016-06-07 00:42:00', NULL, '2016-06-07 00:42:40', '2016-06-08 01:54:19', '592b9c39-643f-4edf-983b-877ad335b539'),
 ('92', '6', '9', '1', '2016-06-07 00:44:00', NULL, '2016-06-07 00:44:07', '2016-06-08 02:00:15', '3da77501-7ada-4dae-af22-884c987927e4'),
 ('148', '4', '7', '1', '2016-06-07 15:45:00', NULL, '2016-06-07 15:45:22', '2016-06-08 01:56:00', '0277c0da-0c94-4a60-b7b2-c95667d9945e'),
 ('173', '6', '9', '1', '2016-06-07 16:12:00', NULL, '2016-06-07 16:12:13', '2016-06-08 02:00:45', 'bad2446c-0453-43fd-8814-92f252147506');



DROP TABLE IF EXISTS `craft_entrydrafts`;


--
-- Schema for table `craft_entrydrafts`
--
CREATE TABLE `craft_entrydrafts` (
  `id` int(11) NOT NULL AUTO_INCREMENT,
  `entryId` int(11) NOT NULL,
  `sectionId` int(11) NOT NULL,
  `creatorId` int(11) NOT NULL,
  `locale` char(12) COLLATE utf8_unicode_ci NOT NULL,
  `name` varchar(255) COLLATE utf8_unicode_ci NOT NULL,
  `notes` tinytext COLLATE utf8_unicode_ci,
  `data` mediumtext COLLATE utf8_unicode_ci NOT NULL,
  `dateCreated` datetime NOT NULL,
  `dateUpdated` datetime NOT NULL,
  `uid` char(36) COLLATE utf8_unicode_ci NOT NULL DEFAULT '0',
  PRIMARY KEY (`id`),
  KEY `craft_entrydrafts_entryId_locale_idx` (`entryId`,`locale`),
  KEY `craft_entrydrafts_sectionId_fk` (`sectionId`),
  KEY `craft_entrydrafts_creatorId_fk` (`creatorId`),
  KEY `craft_entrydrafts_locale_fk` (`locale`)
) ENGINE=InnoDB DEFAULT CHARSET=utf8 COLLATE=utf8_unicode_ci;

DROP TABLE IF EXISTS `craft_entrytypes`;


--
-- Schema for table `craft_entrytypes`
--
CREATE TABLE `craft_entrytypes` (
  `id` int(11) NOT NULL AUTO_INCREMENT,
  `sectionId` int(11) NOT NULL,
  `fieldLayoutId` int(11) DEFAULT NULL,
  `name` varchar(255) COLLATE utf8_unicode_ci NOT NULL,
  `handle` varchar(255) COLLATE utf8_unicode_ci NOT NULL,
  `hasTitleField` tinyint(1) unsigned NOT NULL DEFAULT '1',
  `titleLabel` varchar(255) COLLATE utf8_unicode_ci DEFAULT 'Title',
  `titleFormat` varchar(255) COLLATE utf8_unicode_ci DEFAULT NULL,
  `sortOrder` smallint(6) unsigned DEFAULT NULL,
  `dateCreated` datetime NOT NULL,
  `dateUpdated` datetime NOT NULL,
  `uid` char(36) COLLATE utf8_unicode_ci NOT NULL DEFAULT '0',
  PRIMARY KEY (`id`),
  UNIQUE KEY `craft_entrytypes_name_sectionId_unq_idx` (`name`,`sectionId`),
  UNIQUE KEY `craft_entrytypes_handle_sectionId_unq_idx` (`handle`,`sectionId`),
  KEY `craft_entrytypes_sectionId_fk` (`sectionId`),
  KEY `craft_entrytypes_fieldLayoutId_fk` (`fieldLayoutId`)
) ENGINE=InnoDB AUTO_INCREMENT=10 DEFAULT CHARSET=utf8 COLLATE=utf8_unicode_ci;

--
-- Data for table `craft_entrytypes`
--

INSERT INTO `craft_entrytypes` (`id`, `sectionId`, `fieldLayoutId`, `name`, `handle`, `hasTitleField`, `titleLabel`, `titleFormat`, `sortOrder`, `dateCreated`, `dateUpdated`, `uid`) VALUES
 ('1', '1', '3', 'Homepage', 'homepage', '1', 'Title', NULL, NULL, '2016-06-02 16:01:34', '2016-06-02 16:01:34', '513b4efc-ce5a-41de-8e19-de386b86a43f'),
 ('2', '2', '5', 'News', 'news', '1', 'Title', NULL, NULL, '2016-06-02 16:01:34', '2016-06-02 16:01:34', '4143023a-ccc4-4245-8645-c9c91bf84d34'),
 ('6', '3', '10', 'Portfolio', 'portfolio', '1', 'Title', NULL, NULL, '2016-06-02 23:20:44', '2016-06-04 02:35:41', 'b600f01d-f412-443f-b8b4-ed148899e611'),
 ('7', '4', '65', 'NASCAR', 'nascar', '1', 'Title', NULL, NULL, '2016-06-06 02:07:04', '2016-06-08 00:40:32', 'd259addc-88b1-4cdb-b166-a22aa9091edc'),
 ('8', '5', '64', ' bfg', 'bfg', '1', 'Title', NULL, NULL, '2016-06-06 02:07:52', '2016-06-08 00:38:11', '0543a165-4557-4a4f-b374-6b6844519e0a'),
 ('9', '6', '63', 'freelance', 'freelance', '1', 'Title', NULL, NULL, '2016-06-06 02:08:13', '2016-06-08 00:33:14', 'aebc4cda-0bf9-41dd-9ab3-fe45d7183337');



DROP TABLE IF EXISTS `craft_entryversions`;


--
-- Schema for table `craft_entryversions`
--
CREATE TABLE `craft_entryversions` (
  `id` int(11) NOT NULL AUTO_INCREMENT,
  `entryId` int(11) NOT NULL,
  `sectionId` int(11) NOT NULL,
  `creatorId` int(11) DEFAULT NULL,
  `locale` char(12) COLLATE utf8_unicode_ci NOT NULL,
  `num` smallint(6) unsigned NOT NULL,
  `notes` tinytext COLLATE utf8_unicode_ci,
  `data` mediumtext COLLATE utf8_unicode_ci NOT NULL,
  `dateCreated` datetime NOT NULL,
  `dateUpdated` datetime NOT NULL,
  `uid` char(36) COLLATE utf8_unicode_ci NOT NULL DEFAULT '0',
  PRIMARY KEY (`id`),
  KEY `craft_entryversions_entryId_locale_idx` (`entryId`,`locale`),
  KEY `craft_entryversions_sectionId_fk` (`sectionId`),
  KEY `craft_entryversions_creatorId_fk` (`creatorId`),
  KEY `craft_entryversions_locale_fk` (`locale`)
) ENGINE=InnoDB AUTO_INCREMENT=28 DEFAULT CHARSET=utf8 COLLATE=utf8_unicode_ci;

--
-- Data for table `craft_entryversions`
--

INSERT INTO `craft_entryversions` (`id`, `entryId`, `sectionId`, `creatorId`, `locale`, `num`, `notes`, `data`, `dateCreated`, `dateUpdated`, `uid`) VALUES
 ('1', '2', '1', '1', 'en_us', '1', NULL, '{\"typeId\":\"1\",\"authorId\":null,\"title\":\"Homepage\",\"slug\":\"homepage\",\"postDate\":1464883294,\"expiryDate\":null,\"enabled\":1,\"parentId\":null,\"fields\":[]}', '2016-06-02 16:01:34', '2016-06-02 16:01:34', '484e8191-841f-490c-ab51-76abcd608ed5'),
 ('2', '2', '1', '1', 'en_us', '2', NULL, '{\"typeId\":null,\"authorId\":null,\"title\":\"Welcome to Localhost!\",\"slug\":\"homepage\",\"postDate\":1464883294,\"expiryDate\":null,\"enabled\":\"1\",\"parentId\":null,\"fields\":{\"1\":\"<p>It\\u2019s true, this site doesn\\u2019t have a whole lot of content yet, but don\\u2019t worry. Our web developers have just installed the CMS, and they\\u2019re setting things up for the content editors this very moment. Soon Localhost will be an oasis of fresh perspectives, sharp analyses, and astute opinions that will keep you coming back again and again.<\\/p>\"}}', '2016-06-02 16:01:34', '2016-06-02 16:01:34', '4054c55c-5a21-4be3-af5b-1d99cb18872c'),
 ('3', '3', '2', '1', 'en_us', '1', NULL, '{\"typeId\":\"2\",\"authorId\":\"1\",\"title\":\"We just installed Craft!\",\"slug\":\"we-just-installed-craft\",\"postDate\":1464883294,\"expiryDate\":null,\"enabled\":1,\"parentId\":null,\"fields\":[]}', '2016-06-02 16:01:34', '2016-06-02 16:01:34', '483f803e-87fb-4f2a-8cb3-71e91208e74d'),
 ('8', '73', '2', '1', 'en_us', '1', '', '{\"typeId\":null,\"authorId\":\"1\",\"title\":\"We\'re Adding a New Portfolio Page to the CMS\",\"slug\":\"were-adding-a-new-portfolio-page-to-the-cms\",\"postDate\":1465158189,\"expiryDate\":null,\"enabled\":1,\"parentId\":null,\"fields\":{\"1\":\"<p>Pulled a classic when I deleted a folder without grabbing a DB backup so let\'s see how this goes.<\\/p>\",\"2\":\"\"}}', '2016-06-05 20:23:09', '2016-06-05 20:23:09', '7325e495-a2c4-4c65-904e-9b116c9648d6'),
 ('9', '73', '2', '1', 'en_us', '2', '', '{\"typeId\":\"2\",\"authorId\":\"1\",\"title\":\"We\'re Adding a New Portfolio Page to the CMS\",\"slug\":\"were-adding-a-new-portfolio-page-to-the-cms\",\"postDate\":1465158180,\"expiryDate\":null,\"enabled\":1,\"parentId\":null,\"fields\":{\"1\":\"<p>Pulled a classic when I deleted a folder without grabbing a DB backup. How you may ask? Transitioning from a PC to a Mac and thoroughly believed I backed that bad boy up.&nbsp;<\\/p>\",\"2\":\"\"}}', '2016-06-05 20:24:54', '2016-06-05 20:24:54', 'c87fc3de-1c4f-4c72-ac92-74846faddd72'),
 ('11', '86', '5', '1', 'en_us', '1', '', '{\"typeId\":null,\"authorId\":\"1\",\"title\":\"Camel.com\",\"slug\":\"camel-com\",\"postDate\":1465180481,\"expiryDate\":null,\"enabled\":1,\"parentId\":\"\",\"fields\":{\"4\":\"\",\"3\":\"Camel.com\",\"5\":\"Front-end Web Developer and Responsive Email\",\"6\":\"ASP.NET MVC C#, XML, XLST,HTML5\\/CSS2\\/Js\\/jQuery\"}}', '2016-06-06 02:34:41', '2016-06-06 02:34:41', 'f377beda-e2f3-4239-aa7d-9a193da11709'),
 ('13', '88', '6', '1', 'en_us', '1', '', '{\"typeId\":null,\"authorId\":\"1\",\"title\":\"Cody Kresta Vineyard & Winery\",\"slug\":\"cody-kresta-vineyard-winery\",\"postDate\":1465180855,\"expiryDate\":null,\"enabled\":1,\"parentId\":\"\",\"fields\":{\"4\":\"\",\"3\":\"Cody Kresta Vineyard & Winery\",\"5\":\"Web Design and Development\",\"6\":\"HTML5, CSS2, JavaScript\\/jQuery\"}}', '2016-06-06 02:40:55', '2016-06-06 02:40:55', 'a7238119-cc2e-4973-bab8-6dfd6a8269cd'),
 ('14', '89', '4', '1', 'en_us', '1', '', '{\"typeId\":null,\"authorId\":\"1\",\"title\":\"Inside Groove\",\"slug\":\"inside-groove\",\"postDate\":1465259916,\"expiryDate\":null,\"enabled\":1,\"parentId\":\"\",\"fields\":{\"4\":\"\",\"3\":\"\",\"5\":\"Front-end Web Developer \",\"6\":\"HTML5, CSS2\\/3, JavaScript\\/jQuery, Custom Infinite Scroll\"}}', '2016-06-07 00:38:36', '2016-06-07 00:38:36', '6e8efe93-f4c3-4521-bbbd-33dfd5a069df'),
 ('15', '90', '4', '1', 'en_us', '1', '', '{\"typeId\":null,\"authorId\":\"1\",\"title\":\"Race Bar\",\"slug\":\"race-bar\",\"postDate\":1465260050,\"expiryDate\":null,\"enabled\":1,\"parentId\":\"\",\"fields\":{\"4\":\"\",\"3\":\"Race Bar\",\"5\":\"Front-end Web Developer\",\"6\":\"HTML5, CSS2\\/3, Js\\/jQuery\"}}', '2016-06-07 00:40:50', '2016-06-07 00:40:50', 'b5cff08d-c6e5-4510-8c2c-d6472c254550'),
 ('16', '91', '5', '1', 'en_us', '1', '', '{\"typeId\":null,\"authorId\":\"1\",\"title\":\"Snus Nation\",\"slug\":\"snus-nation\",\"postDate\":1465260160,\"expiryDate\":null,\"enabled\":1,\"parentId\":\"\",\"fields\":{\"4\":\"\",\"3\":\"SNUS NATION - snusnation.com\",\"5\":\"Front-end Web Developer and Responsive Email\",\"6\":\"ASP.NET C#, HTML5, CSS2\\/3, Js\\/jQuery, XML, XLST\"}}', '2016-06-07 00:42:40', '2016-06-07 00:42:40', '42adf4e5-027e-404d-87bf-03e9b001cca6'),
 ('17', '92', '6', '1', 'en_us', '1', '', '{\"typeId\":null,\"authorId\":\"1\",\"title\":\"Big Daddy\'s Hosting\",\"slug\":\"big-daddys-hosting\",\"postDate\":1465260247,\"expiryDate\":null,\"enabled\":1,\"parentId\":\"\",\"fields\":{\"4\":\"\",\"3\":\"Big Daddy\'s Hosting\",\"5\":\"Web Design and Development\",\"6\":\"PHP\\/MySQL\\/Apache, XHTML, CSS2, JavaScript, WHM\"}}', '2016-06-07 00:44:07', '2016-06-07 00:44:07', '7f274d33-827a-47d5-bbe1-2e916473cdb5'),
 ('18', '148', '4', '1', 'en_us', '1', '', '{\"typeId\":null,\"authorId\":\"1\",\"title\":\"Live Player\",\"slug\":\"live-player\",\"postDate\":1465314322,\"expiryDate\":null,\"enabled\":1,\"parentId\":\"\",\"fields\":{\"7\":\"\",\"3\":\"Live Player\",\"5\":\"Front-end Web Developer\",\"6\":\"HTML5, CSS2\\/3, JavaScript\\/jQuery\"}}', '2016-06-07 15:45:22', '2016-06-07 15:45:22', 'e02a122d-402a-4049-9333-5985954d66bf'),
 ('19', '173', '6', '1', 'en_us', '1', '', '{\"typeId\":null,\"authorId\":\"1\",\"title\":\"Logs to Lumber\",\"slug\":\"logs-to-lumber\",\"postDate\":1465315932,\"expiryDate\":null,\"enabled\":1,\"parentId\":\"\",\"fields\":{\"9\":\"\",\"3\":\"Logtolumber.org\",\"5\":\"Web Design and Development\",\"6\":\"XHTML, CSS2, JavaScript\\/jQuery\"}}', '2016-06-07 16:12:13', '2016-06-07 16:12:13', '32a9f720-9c95-42e3-a2d6-898ef7826314'),
 ('20', '86', '5', '1', 'en_us', '2', '', '{\"typeId\":\"8\",\"authorId\":\"1\",\"title\":\"Camel.com\",\"slug\":\"camel-com\",\"postDate\":1465180440,\"expiryDate\":null,\"enabled\":1,\"parentId\":\"\",\"fields\":{\"8\":[\"198\"],\"3\":\"Camel.com\",\"5\":\"Front-end Web Developer and Responsive Email\",\"6\":\"ASP.NET MVC C#, XML, XLST,HTML5\\/CSS2\\/Js\\/jQuery\"}}', '2016-06-08 01:53:52', '2016-06-08 01:53:52', 'b50a60f9-6de0-4843-9dd5-88ea493bea1e'),
 ('21', '91', '5', '1', 'en_us', '2', '', '{\"typeId\":\"8\",\"authorId\":\"1\",\"title\":\"Snus Nation\",\"slug\":\"snus-nation\",\"postDate\":1465260120,\"expiryDate\":null,\"enabled\":1,\"parentId\":\"\",\"fields\":{\"8\":[\"199\"],\"3\":\"SNUS NATION - snusnation.com\",\"5\":\"Front-end Web Developer and Responsive Email\",\"6\":\"ASP.NET C#, HTML5, CSS2\\/3, Js\\/jQuery, XML, XLST\"}}', '2016-06-08 01:54:19', '2016-06-08 01:54:19', '9b679da7-0d63-41e5-8eee-bd624b9da3fe'),
 ('22', '89', '4', '1', 'en_us', '2', '', '{\"typeId\":\"7\",\"authorId\":\"1\",\"title\":\"Inside Groove\",\"slug\":\"inside-groove\",\"postDate\":1465259880,\"expiryDate\":null,\"enabled\":1,\"parentId\":\"\",\"fields\":{\"7\":[\"200\"],\"3\":\"\",\"5\":\"Front-end Web Developer \",\"6\":\"HTML5, CSS2\\/3, JavaScript\\/jQuery, Custom Infinite Scroll\"}}', '2016-06-08 01:55:23', '2016-06-08 01:55:23', 'dca43042-de4b-4f09-8fef-9144d0e141c1'),
 ('23', '148', '4', '1', 'en_us', '2', '', '{\"typeId\":\"7\",\"authorId\":\"1\",\"title\":\"Live Player\",\"slug\":\"live-player\",\"postDate\":1465314300,\"expiryDate\":null,\"enabled\":1,\"parentId\":\"\",\"fields\":{\"7\":[\"201\"],\"3\":\"Live Player\",\"5\":\"Front-end Web Developer\",\"6\":\"HTML5, CSS2\\/3, JavaScript\\/jQuery\"}}', '2016-06-08 01:56:00', '2016-06-08 01:56:00', '57d5adff-32fc-4229-8cfe-69b026f934aa'),
 ('24', '90', '4', '1', 'en_us', '2', '', '{\"typeId\":\"7\",\"authorId\":\"1\",\"title\":\"Race Bar\",\"slug\":\"race-bar\",\"postDate\":1465260000,\"expiryDate\":null,\"enabled\":1,\"parentId\":\"\",\"fields\":{\"7\":[\"202\"],\"3\":\"Race Bar\",\"5\":\"Front-end Web Developer\",\"6\":\"HTML5, CSS2\\/3, Js\\/jQuery\"}}', '2016-06-08 01:58:13', '2016-06-08 01:58:13', '2e5e6f4a-f911-440a-8ed2-2bff4683da94'),
 ('25', '88', '6', '1', 'en_us', '2', '', '{\"typeId\":\"9\",\"authorId\":\"1\",\"title\":\"Cody Kresta Vineyard & Winery\",\"slug\":\"cody-kresta-vineyard-winery\",\"postDate\":1465180800,\"expiryDate\":null,\"enabled\":1,\"parentId\":\"\",\"fields\":{\"9\":[\"203\"],\"3\":\"Cody Kresta Vineyard & Winery\",\"5\":\"Web Design and Development\",\"6\":\"HTML5, CSS2, JavaScript\\/jQuery\"}}', '2016-06-08 01:59:44', '2016-06-08 01:59:44', '1cc12f84-041b-443e-852e-24f7e4a3ccbc'),
 ('26', '92', '6', '1', 'en_us', '2', '', '{\"typeId\":\"9\",\"authorId\":\"1\",\"title\":\"Big Daddy\'s Hosting\",\"slug\":\"big-daddys-hosting\",\"postDate\":1465260240,\"expiryDate\":null,\"enabled\":1,\"parentId\":\"\",\"fields\":{\"9\":[\"204\"],\"3\":\"Big Daddy\'s Hosting\",\"5\":\"Web Design and Development\",\"6\":\"PHP\\/MySQL\\/Apache, XHTML, CSS2, JavaScript, WHM\"}}', '2016-06-08 02:00:15', '2016-06-08 02:00:15', '2763989f-1cb1-4aae-9233-cd07062f780a'),
 ('27', '173', '6', '1', 'en_us', '2', '', '{\"typeId\":\"9\",\"authorId\":\"1\",\"title\":\"Logs to Lumber\",\"slug\":\"logs-to-lumber\",\"postDate\":1465315920,\"expiryDate\":null,\"enabled\":1,\"parentId\":\"\",\"fields\":{\"9\":[\"205\"],\"3\":\"Logtolumber.org\",\"5\":\"Web Design and Development\",\"6\":\"XHTML, CSS2, JavaScript\\/jQuery\"}}', '2016-06-08 02:00:45', '2016-06-08 02:00:45', '86a9c6bc-fe36-4ed8-927f-b527eb90a633');



DROP TABLE IF EXISTS `craft_fieldgroups`;


--
-- Schema for table `craft_fieldgroups`
--
CREATE TABLE `craft_fieldgroups` (
  `id` int(11) NOT NULL AUTO_INCREMENT,
  `name` varchar(255) COLLATE utf8_unicode_ci NOT NULL,
  `dateCreated` datetime NOT NULL,
  `dateUpdated` datetime NOT NULL,
  `uid` char(36) COLLATE utf8_unicode_ci NOT NULL DEFAULT '0',
  PRIMARY KEY (`id`),
  UNIQUE KEY `craft_fieldgroups_name_unq_idx` (`name`)
) ENGINE=InnoDB AUTO_INCREMENT=3 DEFAULT CHARSET=utf8 COLLATE=utf8_unicode_ci;

--
-- Data for table `craft_fieldgroups`
--

INSERT INTO `craft_fieldgroups` (`id`, `name`, `dateCreated`, `dateUpdated`, `uid`) VALUES
 ('1', 'Default', '2016-06-02 16:01:34', '2016-06-02 16:01:34', 'd53de8ce-be5d-47f9-a3db-0e78e6537e2b'),
 ('2', 'Portfolio Items', '2016-06-04 02:06:59', '2016-06-07 02:45:37', '2017ef6f-9948-4d84-8e00-c03c5a1bd570');



DROP TABLE IF EXISTS `craft_fieldlayoutfields`;


--
-- Schema for table `craft_fieldlayoutfields`
--
CREATE TABLE `craft_fieldlayoutfields` (
  `id` int(11) NOT NULL AUTO_INCREMENT,
  `layoutId` int(11) NOT NULL,
  `tabId` int(11) NOT NULL,
  `fieldId` int(11) NOT NULL,
  `required` tinyint(1) unsigned NOT NULL DEFAULT '0',
  `sortOrder` smallint(6) unsigned DEFAULT NULL,
  `dateCreated` datetime NOT NULL,
  `dateUpdated` datetime NOT NULL,
  `uid` char(36) COLLATE utf8_unicode_ci NOT NULL DEFAULT '0',
  PRIMARY KEY (`id`),
  UNIQUE KEY `craft_fieldlayoutfields_layoutId_fieldId_unq_idx` (`layoutId`,`fieldId`),
  KEY `craft_fieldlayoutfields_sortOrder_idx` (`sortOrder`),
  KEY `craft_fieldlayoutfields_tabId_fk` (`tabId`),
  KEY `craft_fieldlayoutfields_fieldId_fk` (`fieldId`)
) ENGINE=InnoDB AUTO_INCREMENT=77 DEFAULT CHARSET=utf8 COLLATE=utf8_unicode_ci;

--
-- Data for table `craft_fieldlayoutfields`
--

INSERT INTO `craft_fieldlayoutfields` (`id`, `layoutId`, `tabId`, `fieldId`, `required`, `sortOrder`, `dateCreated`, `dateUpdated`, `uid`) VALUES
 ('1', '3', '1', '1', '1', '1', '2016-06-02 16:01:34', '2016-06-02 16:01:34', '3cdce621-903f-439d-91e1-f98035cacd2a'),
 ('2', '5', '2', '1', '1', '1', '2016-06-02 16:01:34', '2016-06-02 16:01:34', '36558e11-9118-4b48-91e8-609bed1528a6'),
 ('3', '5', '2', '2', '0', '2', '2016-06-02 16:01:34', '2016-06-02 16:01:34', '2f71de3a-8bb2-463c-a896-5336c58c1767'),
 ('4', '10', '3', '4', '0', '1', '2016-06-04 02:35:41', '2016-06-04 02:35:41', 'd09da286-8977-4286-b692-7d78b704ef58'),
 ('5', '10', '3', '3', '0', '2', '2016-06-04 02:35:41', '2016-06-04 02:35:41', 'b1ea2777-847d-49ad-b44b-bb94869abef1'),
 ('6', '10', '3', '5', '0', '3', '2016-06-04 02:35:41', '2016-06-04 02:35:41', 'f50138a2-06ee-48ce-8b48-808e49e8213e'),
 ('7', '10', '3', '6', '0', '4', '2016-06-04 02:35:41', '2016-06-04 02:35:41', '9757b62b-c851-4b90-a068-08ca264857bf'),
 ('8', '12', '4', '4', '0', '1', '2016-06-04 02:45:35', '2016-06-04 02:45:35', '1fb49075-bd16-47f8-bea3-2e299e2d926d'),
 ('43', '41', '15', '4', '0', '1', '2016-06-07 15:31:09', '2016-06-07 15:31:09', '1170fe90-18f4-42fd-b630-a546cbf6e1dd'),
 ('58', '48', '21', '7', '0', '1', '2016-06-07 20:08:22', '2016-06-07 20:08:22', 'aa40050f-359b-49e2-a1f9-284aed95f79b'),
 ('59', '49', '22', '8', '0', '1', '2016-06-07 20:08:49', '2016-06-07 20:08:49', '6986a2b9-80fa-44a2-bf7d-48d88c771bb4'),
 ('60', '63', '23', '3', '0', '1', '2016-06-08 00:33:14', '2016-06-08 00:33:14', '1fa60e67-a2ee-46c0-be6f-08afec7341d0'),
 ('61', '63', '23', '9', '0', '2', '2016-06-08 00:33:14', '2016-06-08 00:33:14', 'c7c1ee45-1629-4f72-adff-342ffefe61a5'),
 ('62', '63', '23', '5', '0', '3', '2016-06-08 00:33:14', '2016-06-08 00:33:14', '38e7f1a7-b5e1-4425-a4b8-229c9a8e1a72'),
 ('63', '63', '23', '6', '0', '4', '2016-06-08 00:33:14', '2016-06-08 00:33:14', '193658bd-6c93-4005-a53d-c254bf94118b'),
 ('64', '64', '24', '3', '0', '1', '2016-06-08 00:38:11', '2016-06-08 00:38:11', '8fb2b0d9-2f81-4978-a2ea-3ca8ef230335'),
 ('65', '64', '24', '8', '0', '2', '2016-06-08 00:38:11', '2016-06-08 00:38:11', '87957315-2301-48f5-a696-44da1b5d186f'),
 ('66', '64', '24', '5', '0', '3', '2016-06-08 00:38:11', '2016-06-08 00:38:11', 'c2aea4e9-7200-4842-8845-205602995aa9'),
 ('67', '64', '24', '6', '0', '4', '2016-06-08 00:38:11', '2016-06-08 00:38:11', 'd5b42459-4e47-4718-a503-da4826d54d50'),
 ('68', '65', '25', '3', '0', '1', '2016-06-08 00:40:32', '2016-06-08 00:40:32', '8ec57ef5-f988-4e37-bac3-455bcbd2cd67'),
 ('69', '65', '25', '7', '0', '2', '2016-06-08 00:40:32', '2016-06-08 00:40:32', 'bacf4b16-050a-44c2-9e2a-ea651bf10168'),
 ('70', '65', '25', '5', '0', '3', '2016-06-08 00:40:32', '2016-06-08 00:40:32', '15461eed-1112-4e2b-95cc-59e73514541f'),
 ('71', '65', '25', '6', '0', '4', '2016-06-08 00:40:32', '2016-06-08 00:40:32', '26a0ef66-ca2f-459e-b0f6-2a626189d4da'),
 ('73', '67', '27', '4', '0', '1', '2016-06-08 01:17:24', '2016-06-08 01:17:24', 'cb370eff-2429-408c-85e2-e98f60d29353'),
 ('74', '73', '28', '8', '0', '1', '2016-06-08 01:46:28', '2016-06-08 01:46:28', 'd2cb41a1-e3b3-4115-85a3-b7b984ba9a06'),
 ('75', '74', '29', '9', '0', '1', '2016-06-08 01:47:45', '2016-06-08 01:47:45', 'a44d4e04-edd4-4d81-b3ca-529ca2ed3bda'),
 ('76', '75', '30', '7', '0', '1', '2016-06-08 01:50:48', '2016-06-08 01:50:48', '4a57ea17-b569-4e45-aff5-e440772cd20f');



DROP TABLE IF EXISTS `craft_fieldlayouts`;


--
-- Schema for table `craft_fieldlayouts`
--
CREATE TABLE `craft_fieldlayouts` (
  `id` int(11) NOT NULL AUTO_INCREMENT,
  `type` varchar(150) COLLATE utf8_unicode_ci NOT NULL,
  `dateCreated` datetime NOT NULL,
  `dateUpdated` datetime NOT NULL,
  `uid` char(36) COLLATE utf8_unicode_ci NOT NULL DEFAULT '0',
  PRIMARY KEY (`id`),
  KEY `craft_fieldlayouts_type_idx` (`type`)
) ENGINE=InnoDB AUTO_INCREMENT=76 DEFAULT CHARSET=utf8 COLLATE=utf8_unicode_ci;

--
-- Data for table `craft_fieldlayouts`
--

INSERT INTO `craft_fieldlayouts` (`id`, `type`, `dateCreated`, `dateUpdated`, `uid`) VALUES
 ('1', 'Tag', '2016-06-02 16:01:34', '2016-06-02 16:01:34', '31e5901e-9744-47b4-848f-baba8cf5c2f5'),
 ('3', 'Entry', '2016-06-02 16:01:34', '2016-06-02 16:01:34', '81e2d788-e112-4b2b-be8c-eaa93df9de60'),
 ('5', 'Entry', '2016-06-02 16:01:34', '2016-06-02 16:01:34', 'a9e8bff8-9242-48dc-85e0-f611222a84b3'),
 ('10', 'Entry', '2016-06-04 02:35:41', '2016-06-04 02:35:41', '5397db75-5a4f-457c-b3b5-a615c6d1f345'),
 ('12', 'Asset', '2016-06-04 02:45:35', '2016-06-04 02:45:35', 'a2f2845d-af3a-4534-9c04-bf5902672fa0'),
 ('17', 'Asset', '2016-06-04 15:12:30', '2016-06-04 15:12:30', '5e65f347-3ad2-4076-9fae-c9a322a117e3'),
 ('41', 'Asset', '2016-06-07 15:31:09', '2016-06-07 15:31:09', '6e7ee3c5-2b86-4099-b362-d4784694390f'),
 ('48', 'Asset', '2016-06-07 20:08:22', '2016-06-07 20:08:22', '29ba34d7-4972-46b3-b691-cfc82b22d236'),
 ('49', 'Asset', '2016-06-07 20:08:49', '2016-06-07 20:08:49', '2af8446b-e54d-4e8d-b5b8-45148f955486'),
 ('50', 'Asset', '2016-06-07 21:51:50', '2016-06-07 21:51:50', '1bad13b0-e563-4344-a20f-a3af5e059519'),
 ('63', 'Entry', '2016-06-08 00:33:14', '2016-06-08 00:33:14', '0ca5c7fc-80ef-4be8-b927-c41f10a88455'),
 ('64', 'Entry', '2016-06-08 00:38:11', '2016-06-08 00:38:11', 'e8da48b2-a032-4466-8f6c-f79e1444e60c'),
 ('65', 'Entry', '2016-06-08 00:40:32', '2016-06-08 00:40:32', '4784d2b6-dc25-4389-874e-30e255f1cf7c'),
 ('67', 'Asset', '2016-06-08 01:17:24', '2016-06-08 01:17:24', '7b4ca8df-9371-4658-b120-edcce5d9c411'),
 ('73', 'Asset', '2016-06-08 01:46:28', '2016-06-08 01:46:28', '38ccaa18-2c2d-4aea-b499-d5d4675d3641'),
 ('74', 'Asset', '2016-06-08 01:47:45', '2016-06-08 01:47:45', 'ec2c6344-cebf-49fb-9f88-f5c88800044a'),
 ('75', 'Asset', '2016-06-08 01:50:48', '2016-06-08 01:50:48', '4cff01e9-ea86-408c-abb4-61b26ab30a5d');



DROP TABLE IF EXISTS `craft_fieldlayouttabs`;


--
-- Schema for table `craft_fieldlayouttabs`
--
CREATE TABLE `craft_fieldlayouttabs` (
  `id` int(11) NOT NULL AUTO_INCREMENT,
  `layoutId` int(11) NOT NULL,
  `name` varchar(255) COLLATE utf8_unicode_ci NOT NULL,
  `sortOrder` smallint(6) unsigned DEFAULT NULL,
  `dateCreated` datetime NOT NULL,
  `dateUpdated` datetime NOT NULL,
  `uid` char(36) COLLATE utf8_unicode_ci NOT NULL DEFAULT '0',
  PRIMARY KEY (`id`),
  KEY `craft_fieldlayouttabs_sortOrder_idx` (`sortOrder`),
  KEY `craft_fieldlayouttabs_layoutId_fk` (`layoutId`)
) ENGINE=InnoDB AUTO_INCREMENT=31 DEFAULT CHARSET=utf8 COLLATE=utf8_unicode_ci;

--
-- Data for table `craft_fieldlayouttabs`
--

INSERT INTO `craft_fieldlayouttabs` (`id`, `layoutId`, `name`, `sortOrder`, `dateCreated`, `dateUpdated`, `uid`) VALUES
 ('1', '3', 'Content', '1', '2016-06-02 16:01:34', '2016-06-02 16:01:34', 'a220823d-dd13-416b-8cde-317a2fbea90a'),
 ('2', '5', 'Content', '1', '2016-06-02 16:01:34', '2016-06-02 16:01:34', '911ed999-c51a-4555-966b-bebf9928fd86'),
 ('3', '10', 'Portfolio', '1', '2016-06-04 02:35:41', '2016-06-04 02:35:41', '35a14bd4-0724-4641-ab37-4a0603fdc926'),
 ('4', '12', 'Content', '1', '2016-06-04 02:45:35', '2016-06-04 02:45:35', 'bb5628df-b0d0-49a9-93c3-2f742d4f7545'),
 ('15', '41', 'Content', '1', '2016-06-07 15:31:09', '2016-06-07 15:31:09', '3ea84d7c-1300-49ca-8a18-3d856540a6a3'),
 ('21', '48', 'Content', '1', '2016-06-07 20:08:22', '2016-06-07 20:08:22', '0f66fd71-6f90-4fdd-93b3-bd297140159a'),
 ('22', '49', 'Content', '1', '2016-06-07 20:08:49', '2016-06-07 20:08:49', '940fb112-579e-4537-b339-09acd5320d98'),
 ('23', '63', 'Freelance Project', '1', '2016-06-08 00:33:14', '2016-06-08 00:33:14', '3fcf4de3-3d18-420f-86e4-dc8201485f04'),
 ('24', '64', 'BFG Project', '1', '2016-06-08 00:38:11', '2016-06-08 00:38:11', '91ab8430-e8d4-485c-afb3-1e53e628431f'),
 ('25', '65', 'NASCAR Project', '1', '2016-06-08 00:40:32', '2016-06-08 00:40:32', 'd4909a9d-5ac7-4476-8175-8d54808ad0c7'),
 ('27', '67', 'Content', '1', '2016-06-08 01:17:24', '2016-06-08 01:17:24', 'bfc325c5-2d47-41a4-9cc0-871c6081ec55'),
 ('28', '73', 'Content', '1', '2016-06-08 01:46:28', '2016-06-08 01:46:28', 'ea595d32-4d52-4e86-a635-7f5fd2167f0e'),
 ('29', '74', 'Content', '1', '2016-06-08 01:47:45', '2016-06-08 01:47:45', 'cee47254-b925-45bb-a760-97d248b9332e'),
 ('30', '75', 'Content', '1', '2016-06-08 01:50:48', '2016-06-08 01:50:48', 'ad8d6a16-8806-42d0-8235-d5ebc25dc77b');



DROP TABLE IF EXISTS `craft_fields`;


--
-- Schema for table `craft_fields`
--
CREATE TABLE `craft_fields` (
  `id` int(11) NOT NULL AUTO_INCREMENT,
  `groupId` int(11) DEFAULT NULL,
  `name` varchar(255) COLLATE utf8_unicode_ci NOT NULL,
  `handle` varchar(58) COLLATE utf8_unicode_ci NOT NULL,
  `context` varchar(255) COLLATE utf8_unicode_ci NOT NULL DEFAULT 'global',
  `instructions` text COLLATE utf8_unicode_ci,
  `translatable` tinyint(1) unsigned NOT NULL DEFAULT '0',
  `type` varchar(150) COLLATE utf8_unicode_ci NOT NULL,
  `settings` text COLLATE utf8_unicode_ci,
  `dateCreated` datetime NOT NULL,
  `dateUpdated` datetime NOT NULL,
  `uid` char(36) COLLATE utf8_unicode_ci NOT NULL DEFAULT '0',
  PRIMARY KEY (`id`),
  UNIQUE KEY `craft_fields_handle_context_unq_idx` (`handle`,`context`),
  KEY `craft_fields_context_idx` (`context`),
  KEY `craft_fields_groupId_fk` (`groupId`)
) ENGINE=InnoDB AUTO_INCREMENT=12 DEFAULT CHARSET=utf8 COLLATE=utf8_unicode_ci;

--
-- Data for table `craft_fields`
--

INSERT INTO `craft_fields` (`id`, `groupId`, `name`, `handle`, `context`, `instructions`, `translatable`, `type`, `settings`, `dateCreated`, `dateUpdated`, `uid`) VALUES
 ('1', '1', 'Body', 'body', 'global', NULL, '1', 'RichText', '{\"configFile\":\"Standard.json\",\"columnType\":\"text\"}', '2016-06-02 16:01:34', '2016-06-02 16:01:34', '2cc98ab9-efdd-499f-81d8-b0cd5f2e295e'),
 ('2', '1', 'Tags', 'tags', 'global', NULL, '0', 'Tags', '{\"source\":\"taggroup:1\"}', '2016-06-02 16:01:34', '2016-06-02 16:01:34', 'ffa755fb-85a4-4920-9cb8-1a87566f5954'),
 ('3', '2', 'Project Title', 'projectTitle', 'global', '', '0', 'PlainText', '{\"placeholder\":\"\",\"maxLength\":\"\",\"multiline\":\"\",\"initialRows\":\"4\"}', '2016-06-04 02:10:20', '2016-06-04 02:10:20', 'b6634ef8-3371-4873-a93c-62a4b6acb12b'),
 ('4', '2', 'Project Image', 'projectImage', 'global', '', '0', 'Assets', '{\"useSingleFolder\":\"1\",\"defaultUploadLocationSubpath\":\"\",\"singleUploadLocationSubpath\":\"assets\\/images\",\"restrictFiles\":\"1\",\"allowedKinds\":[\"image\"],\"limit\":\"1\",\"viewMode\":\"large\",\"selectionLabel\":\"Add an image\"}', '2016-06-04 02:12:20', '2016-06-04 02:12:20', '46a4164a-620a-4a8d-83e2-e52876d18034'),
 ('5', '2', 'Role', 'role', 'global', '', '0', 'PlainText', '{\"placeholder\":\"\",\"maxLength\":\"\",\"multiline\":\"\",\"initialRows\":\"4\"}', '2016-06-04 02:12:51', '2016-06-04 02:12:51', '45b18f31-d8a2-4033-89ec-1bd6e9908d5c'),
 ('6', '2', 'Technologies', 'technologies', 'global', '', '0', 'PlainText', '{\"placeholder\":\"\",\"maxLength\":\"\",\"multiline\":\"\",\"initialRows\":\"4\"}', '2016-06-04 02:14:00', '2016-06-04 02:14:00', '412523fe-7166-4623-b1ba-37f5f0b2e386'),
 ('7', '2', 'Nascar Project Image', 'nascarProjectImage', 'global', 'Add matching portfolio image', '0', 'Assets', '{\"useSingleFolder\":\"1\",\"sources\":\"*\",\"defaultUploadLocationSource\":\"4\",\"defaultUploadLocationSubpath\":\"\",\"singleUploadLocationSource\":\"4\",\"singleUploadLocationSubpath\":\"\\/assets\\/images\\/nascar\",\"restrictFiles\":\"1\",\"allowedKinds\":[\"image\"],\"limit\":\"1\",\"viewMode\":\"large\",\"selectionLabel\":\"\"}', '2016-06-07 01:26:01', '2016-06-08 00:56:27', 'a149bdb6-6fc3-40b5-a19a-67f3c671c01e'),
 ('8', '2', 'BFG Project Image', 'bfgProjectImage', 'global', '', '0', 'Assets', '{\"useSingleFolder\":\"1\",\"sources\":\"*\",\"defaultUploadLocationSource\":\"4\",\"defaultUploadLocationSubpath\":\"\",\"singleUploadLocationSource\":\"4\",\"singleUploadLocationSubpath\":\"\\/assets\\/images\\/bfg\",\"restrictFiles\":\"1\",\"allowedKinds\":[\"image\"],\"limit\":\"1\",\"viewMode\":\"list\",\"selectionLabel\":\"\"}', '2016-06-07 01:34:12', '2016-06-08 00:07:39', 'eec7383b-8b2c-4347-8291-456b9c0decd7'),
 ('9', '2', 'Freelance Project Image', 'freelanceProjectImage', 'global', 'add an image that matches the project', '0', 'Assets', '{\"useSingleFolder\":\"1\",\"sources\":\"*\",\"defaultUploadLocationSource\":\"4\",\"defaultUploadLocationSubpath\":\"\",\"singleUploadLocationSource\":\"4\",\"singleUploadLocationSubpath\":\"\\/assets\\/images\\/freelance\",\"restrictFiles\":\"1\",\"allowedKinds\":[\"image\"],\"limit\":\"1\",\"viewMode\":\"list\",\"selectionLabel\":\"\"}', '2016-06-07 01:37:43', '2016-06-08 00:08:00', 'ea8cf8ea-978d-483f-9062-b4ba2151a444'),
 ('10', '2', 'Client/Brand', 'clientBrand', 'global', '', '0', 'PlainText', '{\"placeholder\":\"\",\"maxLength\":\"\",\"multiline\":\"\",\"initialRows\":\"4\"}', '2016-06-07 02:42:34', '2016-06-07 02:42:34', 'f041cb30-7e07-430d-93c6-66e5cded9cb3'),
 ('11', '2', 'Project URL', 'projectUrl', 'global', '', '0', 'PlainText', '{\"placeholder\":\"\",\"maxLength\":\"\",\"multiline\":\"\",\"initialRows\":\"4\"}', '2016-06-07 02:44:43', '2016-06-07 02:45:02', '1c3df76d-1f51-4340-8573-db12559bceed');



DROP TABLE IF EXISTS `craft_globalsets`;


--
-- Schema for table `craft_globalsets`
--
CREATE TABLE `craft_globalsets` (
  `id` int(11) NOT NULL,
  `name` varchar(255) COLLATE utf8_unicode_ci NOT NULL,
  `handle` varchar(255) COLLATE utf8_unicode_ci NOT NULL,
  `fieldLayoutId` int(10) DEFAULT NULL,
  `dateCreated` datetime NOT NULL,
  `dateUpdated` datetime NOT NULL,
  `uid` char(36) COLLATE utf8_unicode_ci NOT NULL DEFAULT '0',
  PRIMARY KEY (`id`),
  UNIQUE KEY `craft_globalsets_name_unq_idx` (`name`),
  UNIQUE KEY `craft_globalsets_handle_unq_idx` (`handle`),
  KEY `craft_globalsets_fieldLayoutId_fk` (`fieldLayoutId`)
) ENGINE=InnoDB DEFAULT CHARSET=utf8 COLLATE=utf8_unicode_ci;

DROP TABLE IF EXISTS `craft_info`;


--
-- Schema for table `craft_info`
--
CREATE TABLE `craft_info` (
  `id` int(11) NOT NULL AUTO_INCREMENT,
  `version` varchar(15) COLLATE utf8_unicode_ci NOT NULL,
  `build` int(11) unsigned NOT NULL,
  `schemaVersion` varchar(15) COLLATE utf8_unicode_ci NOT NULL,
  `releaseDate` datetime NOT NULL,
  `edition` tinyint(1) unsigned NOT NULL DEFAULT '0',
  `siteName` varchar(100) COLLATE utf8_unicode_ci NOT NULL,
  `siteUrl` varchar(255) COLLATE utf8_unicode_ci NOT NULL,
  `timezone` varchar(30) COLLATE utf8_unicode_ci DEFAULT NULL,
  `on` tinyint(1) unsigned NOT NULL DEFAULT '0',
  `maintenance` tinyint(1) unsigned NOT NULL DEFAULT '0',
  `track` varchar(40) COLLATE utf8_unicode_ci NOT NULL,
  `dateCreated` datetime NOT NULL,
  `dateUpdated` datetime NOT NULL,
  `uid` char(36) COLLATE utf8_unicode_ci NOT NULL DEFAULT '0',
  PRIMARY KEY (`id`)
) ENGINE=InnoDB AUTO_INCREMENT=2 DEFAULT CHARSET=utf8 COLLATE=utf8_unicode_ci;

--
-- Data for table `craft_info`
--

INSERT INTO `craft_info` (`id`, `version`, `build`, `schemaVersion`, `releaseDate`, `edition`, `siteName`, `siteUrl`, `timezone`, `on`, `maintenance`, `track`, `dateCreated`, `dateUpdated`, `uid`) VALUES
 ('1', '2.6', '2791', '2.6.5', '2016-06-07 21:19:08', '0', 'markjmoyer.com', 'http://localhost:8888/', 'UTC', '1', '0', 'stable', '2016-06-02 16:01:30', '2016-06-08 00:22:12', 'f1ba8890-f6c7-449c-b4ec-05d73866f2b8');



DROP TABLE IF EXISTS `craft_locales`;


--
-- Schema for table `craft_locales`
--
CREATE TABLE `craft_locales` (
  `locale` char(12) COLLATE utf8_unicode_ci NOT NULL,
  `sortOrder` smallint(6) unsigned DEFAULT NULL,
  `dateCreated` datetime NOT NULL,
  `dateUpdated` datetime NOT NULL,
  `uid` char(36) COLLATE utf8_unicode_ci NOT NULL DEFAULT '0',
  PRIMARY KEY (`locale`),
  KEY `craft_locales_sortOrder_idx` (`sortOrder`)
) ENGINE=InnoDB DEFAULT CHARSET=utf8 COLLATE=utf8_unicode_ci;

--
-- Data for table `craft_locales`
--

INSERT INTO `craft_locales` (`locale`, `sortOrder`, `dateCreated`, `dateUpdated`, `uid`) VALUES
 ('en_us', '1', '2016-06-02 16:01:30', '2016-06-02 16:01:30', 'f49f94b4-9192-4a00-895a-8cd5e7d5dd99');



DROP TABLE IF EXISTS `craft_matrixblocks`;


--
-- Schema for table `craft_matrixblocks`
--
CREATE TABLE `craft_matrixblocks` (
  `id` int(11) NOT NULL,
  `ownerId` int(11) NOT NULL,
  `fieldId` int(11) NOT NULL,
  `typeId` int(11) DEFAULT NULL,
  `sortOrder` smallint(6) unsigned DEFAULT NULL,
  `ownerLocale` char(12) COLLATE utf8_unicode_ci DEFAULT NULL,
  `dateCreated` datetime NOT NULL,
  `dateUpdated` datetime NOT NULL,
  `uid` char(36) COLLATE utf8_unicode_ci NOT NULL DEFAULT '0',
  PRIMARY KEY (`id`),
  KEY `craft_matrixblocks_ownerId_idx` (`ownerId`),
  KEY `craft_matrixblocks_fieldId_idx` (`fieldId`),
  KEY `craft_matrixblocks_typeId_idx` (`typeId`),
  KEY `craft_matrixblocks_sortOrder_idx` (`sortOrder`),
  KEY `craft_matrixblocks_ownerLocale_fk` (`ownerLocale`)
) ENGINE=InnoDB DEFAULT CHARSET=utf8 COLLATE=utf8_unicode_ci;

DROP TABLE IF EXISTS `craft_matrixblocktypes`;


--
-- Schema for table `craft_matrixblocktypes`
--
CREATE TABLE `craft_matrixblocktypes` (
  `id` int(11) NOT NULL AUTO_INCREMENT,
  `fieldId` int(11) NOT NULL,
  `fieldLayoutId` int(11) DEFAULT NULL,
  `name` varchar(255) COLLATE utf8_unicode_ci NOT NULL,
  `handle` varchar(255) COLLATE utf8_unicode_ci NOT NULL,
  `sortOrder` smallint(6) unsigned DEFAULT NULL,
  `dateCreated` datetime NOT NULL,
  `dateUpdated` datetime NOT NULL,
  `uid` char(36) COLLATE utf8_unicode_ci NOT NULL DEFAULT '0',
  PRIMARY KEY (`id`),
  UNIQUE KEY `craft_matrixblocktypes_name_fieldId_unq_idx` (`name`,`fieldId`),
  UNIQUE KEY `craft_matrixblocktypes_handle_fieldId_unq_idx` (`handle`,`fieldId`),
  KEY `craft_matrixblocktypes_fieldId_fk` (`fieldId`),
  KEY `craft_matrixblocktypes_fieldLayoutId_fk` (`fieldLayoutId`)
) ENGINE=InnoDB DEFAULT CHARSET=utf8 COLLATE=utf8_unicode_ci;

DROP TABLE IF EXISTS `craft_migrations`;


--
-- Schema for table `craft_migrations`
--
CREATE TABLE `craft_migrations` (
  `id` int(11) NOT NULL AUTO_INCREMENT,
  `pluginId` int(11) DEFAULT NULL,
  `version` varchar(255) COLLATE utf8_unicode_ci NOT NULL,
  `applyTime` datetime NOT NULL,
  `dateCreated` datetime NOT NULL,
  `dateUpdated` datetime NOT NULL,
  `uid` char(36) COLLATE utf8_unicode_ci NOT NULL DEFAULT '0',
  PRIMARY KEY (`id`),
  UNIQUE KEY `craft_migrations_version_unq_idx` (`version`),
  KEY `craft_migrations_pluginId_fk` (`pluginId`)
) ENGINE=InnoDB AUTO_INCREMENT=34 DEFAULT CHARSET=utf8 COLLATE=utf8_unicode_ci;

--
-- Data for table `craft_migrations`
--

INSERT INTO `craft_migrations` (`id`, `pluginId`, `version`, `applyTime`, `dateCreated`, `dateUpdated`, `uid`) VALUES
 ('1', NULL, 'm000000_000000_base', '2016-06-02 16:01:30', '2016-06-02 16:01:30', '2016-06-02 16:01:30', '80bdc9ec-7894-458d-bef6-431966e187df'),
 ('2', NULL, 'm140730_000001_add_filename_and_format_to_transformindex', '2016-06-02 16:01:30', '2016-06-02 16:01:30', '2016-06-02 16:01:30', 'b9b231ae-808b-4d83-92c8-64fa0c0c8869'),
 ('3', NULL, 'm140815_000001_add_format_to_transforms', '2016-06-02 16:01:30', '2016-06-02 16:01:30', '2016-06-02 16:01:30', '5b5e35ca-8914-43a8-82f8-38cf5d02fc3b'),
 ('4', NULL, 'm140822_000001_allow_more_than_128_items_per_field', '2016-06-02 16:01:30', '2016-06-02 16:01:30', '2016-06-02 16:01:30', '30213e0d-a08b-4cb4-911a-293619b29181'),
 ('5', NULL, 'm140829_000001_single_title_formats', '2016-06-02 16:01:30', '2016-06-02 16:01:30', '2016-06-02 16:01:30', '14297cf6-10a6-41e4-97a2-dde0168441fd'),
 ('6', NULL, 'm140831_000001_extended_cache_keys', '2016-06-02 16:01:30', '2016-06-02 16:01:30', '2016-06-02 16:01:30', '6f12c432-686f-4c90-9361-d3746635630b'),
 ('7', NULL, 'm140922_000001_delete_orphaned_matrix_blocks', '2016-06-02 16:01:30', '2016-06-02 16:01:30', '2016-06-02 16:01:30', '18284a17-5607-4e9f-af90-0be1c801f8ef'),
 ('8', NULL, 'm141008_000001_elements_index_tune', '2016-06-02 16:01:30', '2016-06-02 16:01:30', '2016-06-02 16:01:30', '87d8e066-0713-41f3-82cd-7633804c2c1f'),
 ('9', NULL, 'm141009_000001_assets_source_handle', '2016-06-02 16:01:30', '2016-06-02 16:01:30', '2016-06-02 16:01:30', '8521e7b5-a587-46ac-b9a2-cf7326f29b56'),
 ('10', NULL, 'm141024_000001_field_layout_tabs', '2016-06-02 16:01:30', '2016-06-02 16:01:30', '2016-06-02 16:01:30', 'c58a45c2-17bb-4d23-b090-1f26a1caa011'),
 ('11', NULL, 'm141030_000000_plugin_schema_versions', '2016-06-02 16:01:30', '2016-06-02 16:01:30', '2016-06-02 16:01:30', '9ee9b97f-fd6d-4f85-ae2d-6c1de4db594e'),
 ('12', NULL, 'm141030_000001_drop_structure_move_permission', '2016-06-02 16:01:30', '2016-06-02 16:01:30', '2016-06-02 16:01:30', '51014135-6dd2-4a3e-99d5-1adfe46b695f'),
 ('13', NULL, 'm141103_000001_tag_titles', '2016-06-02 16:01:30', '2016-06-02 16:01:30', '2016-06-02 16:01:30', 'fddcc92d-db8e-4f56-9cc9-87ec1d2c9e3f'),
 ('14', NULL, 'm141109_000001_user_status_shuffle', '2016-06-02 16:01:30', '2016-06-02 16:01:30', '2016-06-02 16:01:30', '4275eb60-1aa1-4d56-9000-7aea2fa83fa5'),
 ('15', NULL, 'm141126_000001_user_week_start_day', '2016-06-02 16:01:30', '2016-06-02 16:01:30', '2016-06-02 16:01:30', 'f05ecb5d-5c91-4f41-8c59-8dcbb3e2a9da'),
 ('16', NULL, 'm150210_000001_adjust_user_photo_size', '2016-06-02 16:01:30', '2016-06-02 16:01:30', '2016-06-02 16:01:30', '3b55f917-1808-46d1-b87c-fddfdcb49f05'),
 ('17', NULL, 'm150724_000001_adjust_quality_settings', '2016-06-02 16:01:30', '2016-06-02 16:01:30', '2016-06-02 16:01:30', '92c3ddf7-e1b2-46a8-bac1-e65355de182c'),
 ('18', NULL, 'm150827_000000_element_index_settings', '2016-06-02 16:01:30', '2016-06-02 16:01:30', '2016-06-02 16:01:30', 'e6fb47e8-9af1-4268-8f0c-08b9957841a6'),
 ('19', NULL, 'm150918_000001_add_colspan_to_widgets', '2016-06-02 16:01:30', '2016-06-02 16:01:30', '2016-06-02 16:01:30', 'e3760b28-07cb-4235-aeea-7612fc778dfd'),
 ('20', NULL, 'm151007_000000_clear_asset_caches', '2016-06-02 16:01:30', '2016-06-02 16:01:30', '2016-06-02 16:01:30', 'b13fb289-ad7e-49db-88f2-6bced7918465'),
 ('21', NULL, 'm151109_000000_text_url_formats', '2016-06-02 16:01:30', '2016-06-02 16:01:30', '2016-06-02 16:01:30', '915b2061-8581-4b77-b921-43512e2caf1c'),
 ('22', NULL, 'm151110_000000_move_logo', '2016-06-02 16:01:30', '2016-06-02 16:01:30', '2016-06-02 16:01:30', 'afc81908-ab45-493a-bc53-24eb8a020c2e'),
 ('23', NULL, 'm151117_000000_adjust_image_widthheight', '2016-06-02 16:01:30', '2016-06-02 16:01:30', '2016-06-02 16:01:30', '2a128e39-65c0-4286-b01d-bbf6c42f4dff'),
 ('24', NULL, 'm151127_000000_clear_license_key_status', '2016-06-02 16:01:30', '2016-06-02 16:01:30', '2016-06-02 16:01:30', 'c57fd442-ac97-4920-ba7c-7be16665a4b5'),
 ('25', NULL, 'm151127_000000_plugin_license_keys', '2016-06-02 16:01:30', '2016-06-02 16:01:30', '2016-06-02 16:01:30', 'a335e846-1210-4210-8564-fc52a083c45c'),
 ('26', NULL, 'm151130_000000_update_pt_widget_feeds', '2016-06-02 16:01:30', '2016-06-02 16:01:30', '2016-06-02 16:01:30', '286f8938-a9c5-4011-b375-8695ae9ceaee'),
 ('27', NULL, 'm160114_000000_asset_sources_public_url_default_true', '2016-06-02 16:01:30', '2016-06-02 16:01:30', '2016-06-02 16:01:30', '94560e3c-951f-4f92-b8b1-0b503833570d'),
 ('28', NULL, 'm160223_000000_sortorder_to_smallint', '2016-06-02 16:01:30', '2016-06-02 16:01:30', '2016-06-02 16:01:30', '99e52b13-b9af-4eee-b50a-71be3ce7e4ed'),
 ('29', NULL, 'm160229_000000_set_default_entry_statuses', '2016-06-02 16:01:30', '2016-06-02 16:01:30', '2016-06-02 16:01:30', 'ca3cfc88-c2bd-4b18-aecc-d9165beb1881'),
 ('30', NULL, 'm160304_000000_client_permissions', '2016-06-02 16:01:30', '2016-06-02 16:01:30', '2016-06-02 16:01:30', '3798c1d4-5fdd-4cac-901b-9b6cd06fbfb8'),
 ('31', NULL, 'm160322_000000_asset_filesize', '2016-06-02 16:01:30', '2016-06-02 16:01:30', '2016-06-02 16:01:30', '20df150d-6dfb-439a-a353-f1e9650f72ed'),
 ('32', NULL, 'm160503_000000_orphaned_fieldlayouts', '2016-06-02 16:01:30', '2016-06-02 16:01:30', '2016-06-02 16:01:30', '85cdaf22-c6b7-419b-b880-3dbcfa5faebf'),
 ('33', NULL, 'm160510_000000_tasksettings', '2016-06-02 16:01:30', '2016-06-02 16:01:30', '2016-06-02 16:01:30', '375abbad-19d9-4df9-abed-ac7ee8175403');



DROP TABLE IF EXISTS `craft_plugins`;


--
-- Schema for table `craft_plugins`
--
CREATE TABLE `craft_plugins` (
  `id` int(11) NOT NULL AUTO_INCREMENT,
  `class` varchar(150) COLLATE utf8_unicode_ci NOT NULL,
  `version` varchar(15) COLLATE utf8_unicode_ci NOT NULL,
  `schemaVersion` varchar(15) COLLATE utf8_unicode_ci DEFAULT NULL,
  `licenseKey` char(24) COLLATE utf8_unicode_ci DEFAULT NULL,
  `licenseKeyStatus` enum('valid','invalid','mismatched','unknown') COLLATE utf8_unicode_ci NOT NULL DEFAULT 'unknown',
  `enabled` tinyint(1) unsigned NOT NULL DEFAULT '0',
  `settings` text COLLATE utf8_unicode_ci,
  `installDate` datetime NOT NULL,
  `dateCreated` datetime NOT NULL,
  `dateUpdated` datetime NOT NULL,
  `uid` char(36) COLLATE utf8_unicode_ci NOT NULL DEFAULT '0',
  PRIMARY KEY (`id`)
) ENGINE=InnoDB DEFAULT CHARSET=utf8 COLLATE=utf8_unicode_ci;

DROP TABLE IF EXISTS `craft_rackspaceaccess`;


--
-- Schema for table `craft_rackspaceaccess`
--
CREATE TABLE `craft_rackspaceaccess` (
  `id` int(11) NOT NULL AUTO_INCREMENT,
  `connectionKey` varchar(255) COLLATE utf8_unicode_ci NOT NULL,
  `token` varchar(255) COLLATE utf8_unicode_ci NOT NULL,
  `storageUrl` varchar(255) COLLATE utf8_unicode_ci NOT NULL,
  `cdnUrl` varchar(255) COLLATE utf8_unicode_ci NOT NULL,
  `dateCreated` datetime NOT NULL,
  `dateUpdated` datetime NOT NULL,
  `uid` char(36) COLLATE utf8_unicode_ci NOT NULL DEFAULT '0',
  PRIMARY KEY (`id`),
  UNIQUE KEY `craft_rackspaceaccess_connectionKey_unq_idx` (`connectionKey`)
) ENGINE=InnoDB DEFAULT CHARSET=utf8 COLLATE=utf8_unicode_ci;

DROP TABLE IF EXISTS `craft_relations`;


--
-- Schema for table `craft_relations`
--
CREATE TABLE `craft_relations` (
  `id` int(11) NOT NULL AUTO_INCREMENT,
  `fieldId` int(11) NOT NULL,
  `sourceId` int(11) NOT NULL,
  `sourceLocale` char(12) COLLATE utf8_unicode_ci DEFAULT NULL,
  `targetId` int(11) NOT NULL,
  `sortOrder` smallint(6) DEFAULT NULL,
  `dateCreated` datetime NOT NULL,
  `dateUpdated` datetime NOT NULL,
  `uid` char(36) COLLATE utf8_unicode_ci NOT NULL DEFAULT '0',
  PRIMARY KEY (`id`),
  UNIQUE KEY `craft_relations_fieldId_sourceId_sourceLocale_targetId_unq_idx` (`fieldId`,`sourceId`,`sourceLocale`,`targetId`),
  KEY `craft_relations_sourceId_fk` (`sourceId`),
  KEY `craft_relations_sourceLocale_fk` (`sourceLocale`),
  KEY `craft_relations_targetId_fk` (`targetId`)
) ENGINE=InnoDB AUTO_INCREMENT=9 DEFAULT CHARSET=utf8 COLLATE=utf8_unicode_ci;

--
-- Data for table `craft_relations`
--

INSERT INTO `craft_relations` (`id`, `fieldId`, `sourceId`, `sourceLocale`, `targetId`, `sortOrder`, `dateCreated`, `dateUpdated`, `uid`) VALUES
 ('1', '8', '86', NULL, '198', '1', '2016-06-08 01:53:52', '2016-06-08 01:53:52', '4af6b086-32bc-4d6c-b97e-90ac536b98c6'),
 ('2', '8', '91', NULL, '199', '1', '2016-06-08 01:54:19', '2016-06-08 01:54:19', '0524e9ac-0550-4241-9003-c0c9ae58b691'),
 ('3', '7', '89', NULL, '200', '1', '2016-06-08 01:55:23', '2016-06-08 01:55:23', '849e0218-c9e9-46a5-a931-0328b7ac774b'),
 ('4', '7', '148', NULL, '201', '1', '2016-06-08 01:56:00', '2016-06-08 01:56:00', '38d062b4-7186-4e03-8c5e-ed7dea79f797'),
 ('5', '7', '90', NULL, '202', '1', '2016-06-08 01:58:13', '2016-06-08 01:58:13', '9328384e-4aba-4cbf-ab3b-121409c1117e'),
 ('6', '9', '88', NULL, '203', '1', '2016-06-08 01:59:44', '2016-06-08 01:59:44', '90871085-8956-47b7-abcd-781d1e06204c'),
 ('7', '9', '92', NULL, '204', '1', '2016-06-08 02:00:15', '2016-06-08 02:00:15', 'e96d4f78-2df8-4cfe-b610-774bfab15823'),
 ('8', '9', '173', NULL, '205', '1', '2016-06-08 02:00:45', '2016-06-08 02:00:45', 'ff437e49-e9cc-43a5-9245-b6d453b87fa8');



DROP TABLE IF EXISTS `craft_routes`;


--
-- Schema for table `craft_routes`
--
CREATE TABLE `craft_routes` (
  `id` int(11) NOT NULL AUTO_INCREMENT,
  `locale` char(12) COLLATE utf8_unicode_ci DEFAULT NULL,
  `urlParts` varchar(255) COLLATE utf8_unicode_ci NOT NULL,
  `urlPattern` varchar(255) COLLATE utf8_unicode_ci NOT NULL,
  `template` varchar(255) COLLATE utf8_unicode_ci NOT NULL,
  `sortOrder` smallint(6) unsigned DEFAULT NULL,
  `dateCreated` datetime NOT NULL,
  `dateUpdated` datetime NOT NULL,
  `uid` char(36) COLLATE utf8_unicode_ci NOT NULL DEFAULT '0',
  PRIMARY KEY (`id`),
  UNIQUE KEY `craft_routes_urlPattern_unq_idx` (`urlPattern`),
  KEY `craft_routes_locale_idx` (`locale`)
) ENGINE=InnoDB DEFAULT CHARSET=utf8 COLLATE=utf8_unicode_ci;

DROP TABLE IF EXISTS `craft_searchindex`;


--
-- Schema for table `craft_searchindex`
--
CREATE TABLE `craft_searchindex` (
  `elementId` int(11) NOT NULL,
  `attribute` varchar(25) COLLATE utf8_unicode_ci NOT NULL,
  `fieldId` int(11) NOT NULL,
  `locale` char(12) COLLATE utf8_unicode_ci NOT NULL,
  `keywords` text COLLATE utf8_unicode_ci NOT NULL,
  PRIMARY KEY (`elementId`,`attribute`,`fieldId`,`locale`),
  FULLTEXT KEY `craft_searchindex_keywords_idx` (`keywords`)
) ENGINE=MyISAM DEFAULT CHARSET=utf8 COLLATE=utf8_unicode_ci;

--
-- Data for table `craft_searchindex`
--

INSERT INTO `craft_searchindex` (`elementId`, `attribute`, `fieldId`, `locale`, `keywords`) VALUES
 ('1', 'username', '0', 'en_us', ' mark markjmoyer com '),
 ('1', 'firstname', '0', 'en_us', ''),
 ('1', 'lastname', '0', 'en_us', ''),
 ('1', 'fullname', '0', 'en_us', ''),
 ('1', 'email', '0', 'en_us', ' mark markjmoyer com '),
 ('1', 'slug', '0', 'en_us', ''),
 ('2', 'slug', '0', 'en_us', ' homepage '),
 ('2', 'title', '0', 'en_us', ' welcome to localhost '),
 ('2', 'field', '1', 'en_us', ' it s true this site doesn t have a whole lot of content yet but don t worry our web developers have just installed the cms and they re setting things up for the content editors this very moment soon localhost will be an oasis of fresh perspectives sharp analyses and astute opinions that will keep you coming back again and again '),
 ('3', 'field', '1', 'en_us', ' craft is the cms that s powering localhost it s beautiful powerful flexible and easy to use and it s made by pixel tonic we can t wait to dive in and see what it s capable of this is even more captivating content which you couldn t see on the news index page because it was entered after a page break and the news index template only likes to show the content on the first page craft a nice alternative to word if you re making a website '),
 ('3', 'field', '2', 'en_us', ''),
 ('3', 'slug', '0', 'en_us', ''),
 ('3', 'title', '0', 'en_us', ' we just installed craft '),
 ('86', 'field', '4', 'en_us', ''),
 ('86', 'field', '3', 'en_us', ' camel com '),
 ('89', 'field', '3', 'en_us', ''),
 ('89', 'field', '4', 'en_us', ''),
 ('89', 'field', '5', 'en_us', ' front end web developer '),
 ('89', 'field', '6', 'en_us', ' html5 css2 3 javascript jquery custom infinite scroll '),
 ('89', 'slug', '0', 'en_us', ' inside groove '),
 ('89', 'title', '0', 'en_us', ' inside groove '),
 ('86', 'field', '5', 'en_us', ' front end web developer and responsive email '),
 ('197', 'extension', '0', 'en_us', ' jpg '),
 ('197', 'kind', '0', 'en_us', ' image '),
 ('197', 'slug', '0', 'en_us', ''),
 ('197', 'title', '0', 'en_us', ' nascigs '),
 ('198', 'field', '4', 'en_us', ''),
 ('198', 'filename', '0', 'en_us', ' camel jpg '),
 ('198', 'extension', '0', 'en_us', ' jpg '),
 ('198', 'kind', '0', 'en_us', ' image '),
 ('198', 'slug', '0', 'en_us', ''),
 ('198', 'title', '0', 'en_us', ' camel '),
 ('86', 'field', '8', 'en_us', ' camel '),
 ('199', 'field', '4', 'en_us', ''),
 ('199', 'filename', '0', 'en_us', ' snus jpg '),
 ('199', 'extension', '0', 'en_us', ' jpg '),
 ('199', 'kind', '0', 'en_us', ' image '),
 ('199', 'slug', '0', 'en_us', ''),
 ('199', 'title', '0', 'en_us', ' snus '),
 ('91', 'field', '8', 'en_us', ' snus '),
 ('200', 'field', '4', 'en_us', ''),
 ('200', 'filename', '0', 'en_us', ' insidegroove jpg '),
 ('200', 'extension', '0', 'en_us', ' jpg '),
 ('200', 'kind', '0', 'en_us', ' image '),
 ('200', 'slug', '0', 'en_us', ''),
 ('200', 'title', '0', 'en_us', ' inside groove '),
 ('89', 'field', '7', 'en_us', ' inside groove '),
 ('201', 'field', '4', 'en_us', ''),
 ('201', 'filename', '0', 'en_us', ' liveplayer jpg '),
 ('201', 'extension', '0', 'en_us', ' jpg '),
 ('201', 'kind', '0', 'en_us', ' image '),
 ('201', 'slug', '0', 'en_us', ''),
 ('201', 'title', '0', 'en_us', ' liveplayer '),
 ('202', 'field', '4', 'en_us', ''),
 ('202', 'filename', '0', 'en_us', ' racebar jpg '),
 ('202', 'extension', '0', 'en_us', ' jpg '),
 ('202', 'kind', '0', 'en_us', ' image '),
 ('202', 'slug', '0', 'en_us', ''),
 ('202', 'title', '0', 'en_us', ' racebar '),
 ('90', 'field', '7', 'en_us', ' racebar '),
 ('203', 'field', '4', 'en_us', ''),
 ('203', 'filename', '0', 'en_us', ' codykresta jpg '),
 ('203', 'extension', '0', 'en_us', ' jpg '),
 ('203', 'kind', '0', 'en_us', ' image '),
 ('203', 'slug', '0', 'en_us', ''),
 ('203', 'title', '0', 'en_us', ' codykresta '),
 ('204', 'field', '4', 'en_us', ''),
 ('204', 'filename', '0', 'en_us', ' bd 390 jpg '),
 ('204', 'extension', '0', 'en_us', ' jpg '),
 ('204', 'kind', '0', 'en_us', ' image '),
 ('204', 'slug', '0', 'en_us', ''),
 ('204', 'title', '0', 'en_us', ' bd 390 '),
 ('205', 'field', '4', 'en_us', ''),
 ('205', 'filename', '0', 'en_us', ' logstolumber jpg '),
 ('205', 'extension', '0', 'en_us', ' jpg '),
 ('205', 'kind', '0', 'en_us', ' image '),
 ('205', 'slug', '0', 'en_us', ''),
 ('205', 'title', '0', 'en_us', ' logstolumber '),
 ('197', 'field', '8', 'en_us', ''),
 ('197', 'filename', '0', 'en_us', ' nascigs jpg '),
 ('196', 'title', '0', 'en_us', ' melloyello '),
 ('196', 'slug', '0', 'en_us', ''),
 ('196', 'kind', '0', 'en_us', ' image '),
 ('195', 'extension', '0', 'en_us', ' jpg '),
 ('195', 'kind', '0', 'en_us', ' image '),
 ('195', 'slug', '0', 'en_us', ''),
 ('195', 'title', '0', 'en_us', ' raceview '),
 ('196', 'field', '8', 'en_us', ''),
 ('196', 'filename', '0', 'en_us', ' melloyello jpg '),
 ('196', 'extension', '0', 'en_us', ' jpg '),
 ('195', 'filename', '0', 'en_us', ' raceview jpg '),
 ('185', 'slug', '0', 'en_us', ''),
 ('185', 'title', '0', 'en_us', ' logstolumber '),
 ('186', 'field', '9', 'en_us', ''),
 ('186', 'filename', '0', 'en_us', ' patches jpg '),
 ('186', 'extension', '0', 'en_us', ' jpg '),
 ('186', 'kind', '0', 'en_us', ' image '),
 ('186', 'slug', '0', 'en_us', ''),
 ('186', 'title', '0', 'en_us', ' patches '),
 ('187', 'field', '9', 'en_us', '');
INSERT INTO `craft_searchindex` (`elementId`, `attribute`, `fieldId`, `locale`, `keywords`) VALUES
 ('187', 'filename', '0', 'en_us', ' restore390 jpg '),
 ('187', 'extension', '0', 'en_us', ' jpg '),
 ('187', 'kind', '0', 'en_us', ' image '),
 ('187', 'slug', '0', 'en_us', ''),
 ('187', 'title', '0', 'en_us', ' restore390 '),
 ('188', 'field', '9', 'en_us', ''),
 ('188', 'filename', '0', 'en_us', ' search4records jpg '),
 ('188', 'extension', '0', 'en_us', ' jpg '),
 ('188', 'kind', '0', 'en_us', ' image '),
 ('188', 'slug', '0', 'en_us', ''),
 ('188', 'title', '0', 'en_us', ' search4records '),
 ('189', 'field', '9', 'en_us', ''),
 ('189', 'filename', '0', 'en_us', ' t4t390 jpg '),
 ('189', 'extension', '0', 'en_us', ' jpg '),
 ('189', 'kind', '0', 'en_us', ' image '),
 ('189', 'slug', '0', 'en_us', ''),
 ('189', 'title', '0', 'en_us', ' t4t390 '),
 ('190', 'field', '7', 'en_us', ''),
 ('190', 'filename', '0', 'en_us', ' insidegroove jpg '),
 ('190', 'extension', '0', 'en_us', ' jpg '),
 ('190', 'kind', '0', 'en_us', ' image '),
 ('190', 'slug', '0', 'en_us', ''),
 ('190', 'title', '0', 'en_us', ' inside groove '),
 ('191', 'field', '7', 'en_us', ''),
 ('191', 'filename', '0', 'en_us', ' liveplayer jpg '),
 ('191', 'extension', '0', 'en_us', ' jpg '),
 ('191', 'kind', '0', 'en_us', ' image '),
 ('191', 'slug', '0', 'en_us', ''),
 ('191', 'title', '0', 'en_us', ' liveplayer '),
 ('192', 'field', '7', 'en_us', ''),
 ('192', 'filename', '0', 'en_us', ' nascar footer jpg '),
 ('192', 'extension', '0', 'en_us', ' jpg '),
 ('192', 'kind', '0', 'en_us', ' image '),
 ('192', 'slug', '0', 'en_us', ''),
 ('192', 'title', '0', 'en_us', ' nascar footer '),
 ('193', 'field', '7', 'en_us', ''),
 ('193', 'filename', '0', 'en_us', ' nascar jpg '),
 ('193', 'extension', '0', 'en_us', ' jpg '),
 ('193', 'kind', '0', 'en_us', ' image '),
 ('193', 'slug', '0', 'en_us', ''),
 ('193', 'title', '0', 'en_us', ' nascar '),
 ('194', 'field', '7', 'en_us', ''),
 ('194', 'filename', '0', 'en_us', ' racebar jpg '),
 ('194', 'extension', '0', 'en_us', ' jpg '),
 ('194', 'kind', '0', 'en_us', ' image '),
 ('194', 'slug', '0', 'en_us', ''),
 ('194', 'title', '0', 'en_us', ' racebar '),
 ('195', 'field', '7', 'en_us', ''),
 ('73', 'field', '1', 'en_us', ' pulled a classic when i deleted a folder without grabbing a db backup how you may ask transitioning from a pc to a mac and thoroughly believed i backed that bad boy up '),
 ('73', 'field', '2', 'en_us', ''),
 ('73', 'slug', '0', 'en_us', ' were adding a new portfolio page to the cms '),
 ('73', 'title', '0', 'en_us', ' we re adding a new portfolio page to the cms '),
 ('176', 'extension', '0', 'en_us', ' jpg '),
 ('176', 'kind', '0', 'en_us', ' image '),
 ('176', 'slug', '0', 'en_us', ''),
 ('176', 'title', '0', 'en_us', ' campari '),
 ('177', 'filename', '0', 'en_us', ' capsulestory jpg '),
 ('177', 'extension', '0', 'en_us', ' jpg '),
 ('177', 'kind', '0', 'en_us', ' image '),
 ('177', 'slug', '0', 'en_us', ''),
 ('177', 'title', '0', 'en_us', ' capsulestory '),
 ('178', 'filename', '0', 'en_us', ' discoversc jpg '),
 ('178', 'extension', '0', 'en_us', ' jpg '),
 ('178', 'kind', '0', 'en_us', ' image '),
 ('178', 'slug', '0', 'en_us', ''),
 ('178', 'title', '0', 'en_us', ' discover sc '),
 ('179', 'filename', '0', 'en_us', ' redkamel jpg '),
 ('179', 'extension', '0', 'en_us', ' jpg '),
 ('179', 'kind', '0', 'en_us', ' image '),
 ('179', 'slug', '0', 'en_us', ''),
 ('179', 'title', '0', 'en_us', ' redkamel '),
 ('180', 'filename', '0', 'en_us', ' sfntc jpg '),
 ('180', 'extension', '0', 'en_us', ' jpg '),
 ('180', 'kind', '0', 'en_us', ' image '),
 ('180', 'slug', '0', 'en_us', ''),
 ('180', 'title', '0', 'en_us', ' sfntc '),
 ('181', 'filename', '0', 'en_us', ' snus jpg '),
 ('181', 'extension', '0', 'en_us', ' jpg '),
 ('181', 'kind', '0', 'en_us', ' image '),
 ('181', 'slug', '0', 'en_us', ''),
 ('181', 'title', '0', 'en_us', ' snus '),
 ('86', 'field', '6', 'en_us', ' asp net mvc c xml xlst html5 css2 js jquery '),
 ('86', 'slug', '0', 'en_us', ' camel com '),
 ('86', 'title', '0', 'en_us', ' camel com '),
 ('88', 'field', '3', 'en_us', ' cody kresta vineyard winery '),
 ('88', 'field', '4', 'en_us', ''),
 ('88', 'field', '5', 'en_us', ' web design and development '),
 ('88', 'field', '6', 'en_us', ' html5 css2 javascript jquery '),
 ('88', 'slug', '0', 'en_us', ' cody kresta vineyard winery '),
 ('88', 'title', '0', 'en_us', ' cody kresta vineyard winery '),
 ('90', 'field', '3', 'en_us', ' race bar '),
 ('90', 'field', '4', 'en_us', ''),
 ('90', 'field', '5', 'en_us', ' front end web developer '),
 ('90', 'field', '6', 'en_us', ' html5 css2 3 js jquery '),
 ('90', 'slug', '0', 'en_us', ' race bar '),
 ('90', 'title', '0', 'en_us', ' race bar '),
 ('91', 'field', '3', 'en_us', ' snus nation snusnation com '),
 ('91', 'field', '4', 'en_us', ''),
 ('91', 'field', '5', 'en_us', ' front end web developer and responsive email '),
 ('91', 'field', '6', 'en_us', ' asp net c html5 css2 3 js jquery xml xlst ');
INSERT INTO `craft_searchindex` (`elementId`, `attribute`, `fieldId`, `locale`, `keywords`) VALUES
 ('91', 'slug', '0', 'en_us', ' snus nation '),
 ('91', 'title', '0', 'en_us', ' snus nation '),
 ('92', 'field', '3', 'en_us', ' big daddy s hosting '),
 ('92', 'field', '4', 'en_us', ''),
 ('92', 'field', '5', 'en_us', ' web design and development '),
 ('92', 'field', '6', 'en_us', ' php mysql apache xhtml css2 javascript whm '),
 ('92', 'slug', '0', 'en_us', ' big daddys hosting '),
 ('92', 'title', '0', 'en_us', ' big daddy s hosting '),
 ('88', 'field', '9', 'en_us', ' codykresta '),
 ('92', 'field', '9', 'en_us', ' bd 390 '),
 ('148', 'title', '0', 'en_us', ' live player '),
 ('148', 'slug', '0', 'en_us', ' live player '),
 ('148', 'field', '6', 'en_us', ' html5 css2 3 javascript jquery '),
 ('148', 'field', '5', 'en_us', ' front end web developer '),
 ('148', 'field', '7', 'en_us', ' liveplayer '),
 ('148', 'field', '3', 'en_us', ' live player '),
 ('185', 'kind', '0', 'en_us', ' image '),
 ('185', 'extension', '0', 'en_us', ' jpg '),
 ('185', 'field', '9', 'en_us', ''),
 ('185', 'filename', '0', 'en_us', ' logstolumber jpg '),
 ('184', 'title', '0', 'en_us', ' ggb '),
 ('184', 'slug', '0', 'en_us', ''),
 ('184', 'kind', '0', 'en_us', ' image '),
 ('184', 'filename', '0', 'en_us', ' ggb jpg '),
 ('184', 'extension', '0', 'en_us', ' jpg '),
 ('184', 'field', '9', 'en_us', ''),
 ('183', 'slug', '0', 'en_us', ''),
 ('183', 'title', '0', 'en_us', ' codykresta '),
 ('183', 'kind', '0', 'en_us', ' image '),
 ('183', 'extension', '0', 'en_us', ' jpg '),
 ('183', 'filename', '0', 'en_us', ' codykresta jpg '),
 ('183', 'field', '9', 'en_us', ''),
 ('182', 'title', '0', 'en_us', ' bd 390 '),
 ('182', 'slug', '0', 'en_us', ''),
 ('182', 'kind', '0', 'en_us', ' image '),
 ('182', 'extension', '0', 'en_us', ' jpg '),
 ('182', 'filename', '0', 'en_us', ' bd 390 jpg '),
 ('182', 'field', '9', 'en_us', ''),
 ('176', 'filename', '0', 'en_us', ' campari jpg '),
 ('175', 'title', '0', 'en_us', ' camel '),
 ('175', 'slug', '0', 'en_us', ''),
 ('175', 'kind', '0', 'en_us', ' image '),
 ('175', 'extension', '0', 'en_us', ' jpg '),
 ('175', 'filename', '0', 'en_us', ' camel jpg '),
 ('173', 'field', '3', 'en_us', ' logtolumber org '),
 ('173', 'field', '9', 'en_us', ' logstolumber '),
 ('173', 'field', '5', 'en_us', ' web design and development '),
 ('173', 'field', '6', 'en_us', ' xhtml css2 javascript jquery '),
 ('173', 'slug', '0', 'en_us', ' logs to lumber '),
 ('173', 'title', '0', 'en_us', ' logs to lumber '),
 ('174', 'field', '4', 'en_us', ''),
 ('174', 'filename', '0', 'en_us', ' logo mjm png '),
 ('174', 'extension', '0', 'en_us', ' png '),
 ('174', 'kind', '0', 'en_us', ' image '),
 ('174', 'slug', '0', 'en_us', ''),
 ('174', 'title', '0', 'en_us', ' logo mjm ');



DROP TABLE IF EXISTS `craft_sections`;


--
-- Schema for table `craft_sections`
--
CREATE TABLE `craft_sections` (
  `id` int(11) NOT NULL AUTO_INCREMENT,
  `structureId` int(11) DEFAULT NULL,
  `name` varchar(255) COLLATE utf8_unicode_ci NOT NULL,
  `handle` varchar(255) COLLATE utf8_unicode_ci NOT NULL,
  `type` enum('single','channel','structure') COLLATE utf8_unicode_ci NOT NULL DEFAULT 'channel',
  `hasUrls` tinyint(1) unsigned NOT NULL DEFAULT '1',
  `template` varchar(500) COLLATE utf8_unicode_ci DEFAULT NULL,
  `enableVersioning` tinyint(1) unsigned NOT NULL DEFAULT '0',
  `dateCreated` datetime NOT NULL,
  `dateUpdated` datetime NOT NULL,
  `uid` char(36) COLLATE utf8_unicode_ci NOT NULL DEFAULT '0',
  PRIMARY KEY (`id`),
  UNIQUE KEY `craft_sections_name_unq_idx` (`name`),
  UNIQUE KEY `craft_sections_handle_unq_idx` (`handle`),
  KEY `craft_sections_structureId_fk` (`structureId`)
) ENGINE=InnoDB AUTO_INCREMENT=7 DEFAULT CHARSET=utf8 COLLATE=utf8_unicode_ci;

--
-- Data for table `craft_sections`
--

INSERT INTO `craft_sections` (`id`, `structureId`, `name`, `handle`, `type`, `hasUrls`, `template`, `enableVersioning`, `dateCreated`, `dateUpdated`, `uid`) VALUES
 ('1', NULL, 'Homepage', 'homepage', 'single', '1', 'index', '1', '2016-06-02 16:01:34', '2016-06-02 16:01:34', '33c99326-ec9e-4521-936d-b5b457b17d78'),
 ('2', NULL, 'News', 'news', 'channel', '1', 'news/_entry', '1', '2016-06-02 16:01:34', '2016-06-02 16:01:34', 'eae0122f-5e41-4dba-9fd0-0d76f4437f01'),
 ('3', NULL, 'Portfolio', 'portfolio', 'channel', '1', 'portfolio/_entry', '1', '2016-06-02 23:20:44', '2016-06-02 23:20:44', '65e53791-0ae6-4fa4-8903-6b3001838fad'),
 ('4', '1', 'nascar', 'nascar', 'structure', '1', 'nascar/_entry', '1', '2016-06-06 02:07:04', '2016-06-06 02:10:35', '36ab56bd-8c76-450a-9a15-3ac81c488eec'),
 ('5', '2', 'bfg', 'bfg', 'structure', '1', 'bfg/_entry', '1', '2016-06-06 02:07:52', '2016-06-06 02:10:46', 'd51f1785-7e12-4278-ae2c-29ef392064a7'),
 ('6', '3', 'freelance', 'freelance', 'structure', '1', 'freelance/_entry', '1', '2016-06-06 02:08:13', '2016-06-07 01:39:38', '30b311fb-3ec9-4aaf-a1d3-897b7889d168');



DROP TABLE IF EXISTS `craft_sections_i18n`;


--
-- Schema for table `craft_sections_i18n`
--
CREATE TABLE `craft_sections_i18n` (
  `id` int(11) NOT NULL AUTO_INCREMENT,
  `sectionId` int(11) NOT NULL,
  `locale` char(12) COLLATE utf8_unicode_ci NOT NULL,
  `enabledByDefault` tinyint(1) unsigned NOT NULL DEFAULT '1',
  `urlFormat` text COLLATE utf8_unicode_ci,
  `nestedUrlFormat` text COLLATE utf8_unicode_ci,
  `dateCreated` datetime NOT NULL,
  `dateUpdated` datetime NOT NULL,
  `uid` char(36) COLLATE utf8_unicode_ci NOT NULL DEFAULT '0',
  PRIMARY KEY (`id`),
  UNIQUE KEY `craft_sections_i18n_sectionId_locale_unq_idx` (`sectionId`,`locale`),
  KEY `craft_sections_i18n_locale_fk` (`locale`)
) ENGINE=InnoDB AUTO_INCREMENT=7 DEFAULT CHARSET=utf8 COLLATE=utf8_unicode_ci;

--
-- Data for table `craft_sections_i18n`
--

INSERT INTO `craft_sections_i18n` (`id`, `sectionId`, `locale`, `enabledByDefault`, `urlFormat`, `nestedUrlFormat`, `dateCreated`, `dateUpdated`, `uid`) VALUES
 ('1', '1', 'en_us', '1', '__home__', NULL, '2016-06-02 16:01:34', '2016-06-02 16:01:34', 'ab8aad24-1cdf-40bd-a8ca-d4e87e9ad4fb'),
 ('2', '2', 'en_us', '1', 'news/{postDate.year}/{slug}', NULL, '2016-06-02 16:01:34', '2016-06-02 16:01:34', 'da14f450-6690-4541-a258-a7b347a330bd'),
 ('3', '3', 'en_us', '1', 'portfolio/{slug}', NULL, '2016-06-02 23:20:44', '2016-06-02 23:20:44', '26a90cd6-da30-4e6f-95b1-78c254ad6f79'),
 ('4', '4', 'en_us', '1', 'nascar/{slug}', '{parent.uri}/{slug}', '2016-06-06 02:07:04', '2016-06-06 02:07:04', '443f6758-f98f-4a47-aabc-94702ce657c8'),
 ('5', '5', 'en_us', '1', 'bfg/{slug}', '{parent.uri}/{slug}', '2016-06-06 02:07:52', '2016-06-06 02:07:52', 'e417356e-d58b-4315-bd67-f5216312eb02'),
 ('6', '6', 'en_us', '1', 'freelance/{slug}', '{parent.uri}/{slug}', '2016-06-06 02:08:13', '2016-06-06 02:08:13', '7e8c3e02-4f49-424d-8167-696d3e2d0831');



DROP TABLE IF EXISTS `craft_sessions`;


--
-- Schema for table `craft_sessions`
--
CREATE TABLE `craft_sessions` (
  `id` int(11) NOT NULL AUTO_INCREMENT,
  `userId` int(11) NOT NULL,
  `token` char(100) COLLATE utf8_unicode_ci NOT NULL,
  `dateCreated` datetime NOT NULL,
  `dateUpdated` datetime NOT NULL,
  `uid` char(36) COLLATE utf8_unicode_ci NOT NULL DEFAULT '0',
  PRIMARY KEY (`id`),
  KEY `craft_sessions_uid_idx` (`uid`),
  KEY `craft_sessions_token_idx` (`token`),
  KEY `craft_sessions_dateUpdated_idx` (`dateUpdated`),
  KEY `craft_sessions_userId_fk` (`userId`)
) ENGINE=InnoDB AUTO_INCREMENT=4 DEFAULT CHARSET=utf8 COLLATE=utf8_unicode_ci;

DROP TABLE IF EXISTS `craft_shunnedmessages`;


--
-- Schema for table `craft_shunnedmessages`
--
CREATE TABLE `craft_shunnedmessages` (
  `id` int(11) NOT NULL AUTO_INCREMENT,
  `userId` int(11) NOT NULL,
  `message` varchar(255) COLLATE utf8_unicode_ci NOT NULL,
  `expiryDate` datetime DEFAULT NULL,
  `dateCreated` datetime NOT NULL,
  `dateUpdated` datetime NOT NULL,
  `uid` char(36) COLLATE utf8_unicode_ci NOT NULL DEFAULT '0',
  PRIMARY KEY (`id`),
  UNIQUE KEY `craft_shunnedmessages_userId_message_unq_idx` (`userId`,`message`)
) ENGINE=InnoDB DEFAULT CHARSET=utf8 COLLATE=utf8_unicode_ci;

DROP TABLE IF EXISTS `craft_structureelements`;


--
-- Schema for table `craft_structureelements`
--
CREATE TABLE `craft_structureelements` (
  `id` int(11) NOT NULL AUTO_INCREMENT,
  `structureId` int(11) NOT NULL,
  `elementId` int(11) DEFAULT NULL,
  `root` int(11) unsigned DEFAULT NULL,
  `lft` int(11) unsigned NOT NULL,
  `rgt` int(11) unsigned NOT NULL,
  `level` smallint(6) unsigned NOT NULL,
  `dateCreated` datetime NOT NULL,
  `dateUpdated` datetime NOT NULL,
  `uid` char(36) COLLATE utf8_unicode_ci NOT NULL DEFAULT '0',
  PRIMARY KEY (`id`),
  UNIQUE KEY `craft_structureelements_structureId_elementId_unq_idx` (`structureId`,`elementId`),
  KEY `craft_structureelements_root_idx` (`root`),
  KEY `craft_structureelements_lft_idx` (`lft`),
  KEY `craft_structureelements_rgt_idx` (`rgt`),
  KEY `craft_structureelements_level_idx` (`level`),
  KEY `craft_structureelements_elementId_fk` (`elementId`)
) ENGINE=InnoDB AUTO_INCREMENT=13 DEFAULT CHARSET=utf8 COLLATE=utf8_unicode_ci;

--
-- Data for table `craft_structureelements`
--

INSERT INTO `craft_structureelements` (`id`, `structureId`, `elementId`, `root`, `lft`, `rgt`, `level`, `dateCreated`, `dateUpdated`, `uid`) VALUES
 ('1', '2', NULL, '1', '1', '6', '0', '2016-06-06 02:34:41', '2016-06-06 02:34:41', '88c5a104-3709-48e2-b1e4-ff4a7b6f4898'),
 ('2', '2', '86', '1', '2', '3', '1', '2016-06-06 02:34:41', '2016-06-06 02:34:41', 'fd42f425-508c-45a9-afc0-8a565842e09a'),
 ('3', '1', NULL, '3', '1', '8', '0', '2016-06-06 02:36:05', '2016-06-06 02:36:05', '32393c66-b95d-49fa-ad95-e40c4f53eabb'),
 ('5', '3', NULL, '5', '1', '8', '0', '2016-06-06 02:40:55', '2016-06-06 02:40:55', 'f666bad5-5e95-41cb-bd2b-f23c2479a61d'),
 ('6', '3', '88', '5', '2', '3', '1', '2016-06-06 02:40:55', '2016-06-06 02:40:55', '30ce7493-2a0b-4029-9df9-0317fa32e18e'),
 ('7', '1', '89', '3', '2', '3', '1', '2016-06-07 00:38:36', '2016-06-07 00:38:36', 'd6799d16-192c-4f88-90bc-9f60113da198'),
 ('8', '1', '90', '3', '6', '7', '1', '2016-06-07 00:40:50', '2016-06-07 00:40:50', '456f4c33-990d-44e3-aa39-7cae44a2182a'),
 ('9', '2', '91', '1', '4', '5', '1', '2016-06-07 00:42:40', '2016-06-07 00:42:40', '810035bc-3b92-4d89-b76c-d28093dde434'),
 ('10', '3', '92', '5', '4', '5', '1', '2016-06-07 00:44:07', '2016-06-07 00:44:07', '9ae556b9-68b9-4a95-903b-a5e11c6b8ea7'),
 ('11', '1', '148', '3', '4', '5', '1', '2016-06-07 15:45:22', '2016-06-07 15:45:22', 'b8d399be-c410-4fd6-84ff-baeb9580e12f'),
 ('12', '3', '173', '5', '6', '7', '1', '2016-06-07 16:12:13', '2016-06-07 16:12:13', '457761b8-35ec-4826-8ae2-352cecf4f11b');



DROP TABLE IF EXISTS `craft_structures`;


--
-- Schema for table `craft_structures`
--
CREATE TABLE `craft_structures` (
  `id` int(11) NOT NULL AUTO_INCREMENT,
  `maxLevels` smallint(6) unsigned DEFAULT NULL,
  `dateCreated` datetime NOT NULL,
  `dateUpdated` datetime NOT NULL,
  `uid` char(36) COLLATE utf8_unicode_ci NOT NULL DEFAULT '0',
  PRIMARY KEY (`id`)
) ENGINE=InnoDB AUTO_INCREMENT=4 DEFAULT CHARSET=utf8 COLLATE=utf8_unicode_ci;

--
-- Data for table `craft_structures`
--

INSERT INTO `craft_structures` (`id`, `maxLevels`, `dateCreated`, `dateUpdated`, `uid`) VALUES
 ('1', NULL, '2016-06-06 02:07:04', '2016-06-06 02:10:35', 'e971c0af-ddb4-494e-b35f-9600ad4d6d22'),
 ('2', NULL, '2016-06-06 02:07:52', '2016-06-06 02:10:46', '67d34d14-f2f6-46e4-90c5-e97f23b3d6d6'),
 ('3', NULL, '2016-06-06 02:08:13', '2016-06-07 01:39:38', '41c995fd-240c-4f2c-b86b-a685c8f2a513');



DROP TABLE IF EXISTS `craft_systemsettings`;


--
-- Schema for table `craft_systemsettings`
--
CREATE TABLE `craft_systemsettings` (
  `id` int(11) NOT NULL AUTO_INCREMENT,
  `category` varchar(15) COLLATE utf8_unicode_ci NOT NULL,
  `settings` text COLLATE utf8_unicode_ci,
  `dateCreated` datetime NOT NULL,
  `dateUpdated` datetime NOT NULL,
  `uid` char(36) COLLATE utf8_unicode_ci NOT NULL DEFAULT '0',
  PRIMARY KEY (`id`),
  UNIQUE KEY `craft_systemsettings_category_unq_idx` (`category`)
) ENGINE=InnoDB AUTO_INCREMENT=2 DEFAULT CHARSET=utf8 COLLATE=utf8_unicode_ci;

--
-- Data for table `craft_systemsettings`
--

INSERT INTO `craft_systemsettings` (`id`, `category`, `settings`, `dateCreated`, `dateUpdated`, `uid`) VALUES
 ('1', 'email', '{\"protocol\":\"php\",\"emailAddress\":\"mark@markjmoyer.com\",\"senderName\":\"MJM - Craft Cms\"}', '2016-06-02 16:01:34', '2016-06-04 16:16:56', '62ae3efe-0c0d-4594-a5a8-e079bf820565');



DROP TABLE IF EXISTS `craft_taggroups`;


--
-- Schema for table `craft_taggroups`
--
CREATE TABLE `craft_taggroups` (
  `id` int(11) NOT NULL AUTO_INCREMENT,
  `name` varchar(255) COLLATE utf8_unicode_ci NOT NULL,
  `handle` varchar(255) COLLATE utf8_unicode_ci NOT NULL,
  `fieldLayoutId` int(10) DEFAULT NULL,
  `dateCreated` datetime NOT NULL,
  `dateUpdated` datetime NOT NULL,
  `uid` char(36) COLLATE utf8_unicode_ci NOT NULL DEFAULT '0',
  PRIMARY KEY (`id`),
  UNIQUE KEY `craft_taggroups_name_unq_idx` (`name`),
  UNIQUE KEY `craft_taggroups_handle_unq_idx` (`handle`),
  KEY `craft_taggroups_fieldLayoutId_fk` (`fieldLayoutId`)
) ENGINE=InnoDB AUTO_INCREMENT=2 DEFAULT CHARSET=utf8 COLLATE=utf8_unicode_ci;

--
-- Data for table `craft_taggroups`
--

INSERT INTO `craft_taggroups` (`id`, `name`, `handle`, `fieldLayoutId`, `dateCreated`, `dateUpdated`, `uid`) VALUES
 ('1', 'Default', 'default', '1', '2016-06-02 16:01:34', '2016-06-02 16:01:34', 'dac4357f-9d52-4d4e-888e-982afc7977ea');



DROP TABLE IF EXISTS `craft_tags`;


--
-- Schema for table `craft_tags`
--
CREATE TABLE `craft_tags` (
  `id` int(11) NOT NULL,
  `groupId` int(11) NOT NULL,
  `dateCreated` datetime NOT NULL,
  `dateUpdated` datetime NOT NULL,
  `uid` char(36) COLLATE utf8_unicode_ci NOT NULL DEFAULT '0',
  PRIMARY KEY (`id`),
  KEY `craft_tags_groupId_fk` (`groupId`)
) ENGINE=InnoDB DEFAULT CHARSET=utf8 COLLATE=utf8_unicode_ci;

DROP TABLE IF EXISTS `craft_tasks`;


--
-- Schema for table `craft_tasks`
--
CREATE TABLE `craft_tasks` (
  `id` int(11) NOT NULL AUTO_INCREMENT,
  `root` int(11) unsigned DEFAULT NULL,
  `lft` int(11) unsigned NOT NULL,
  `rgt` int(11) unsigned NOT NULL,
  `level` smallint(6) unsigned NOT NULL,
  `currentStep` int(11) unsigned DEFAULT NULL,
  `totalSteps` int(11) unsigned DEFAULT NULL,
  `status` enum('pending','error','running') COLLATE utf8_unicode_ci DEFAULT NULL,
  `type` varchar(150) COLLATE utf8_unicode_ci NOT NULL,
  `description` varchar(255) COLLATE utf8_unicode_ci DEFAULT NULL,
  `settings` mediumtext COLLATE utf8_unicode_ci,
  `dateCreated` datetime NOT NULL,
  `dateUpdated` datetime NOT NULL,
  `uid` char(36) COLLATE utf8_unicode_ci NOT NULL DEFAULT '0',
  PRIMARY KEY (`id`),
  KEY `craft_tasks_root_idx` (`root`),
  KEY `craft_tasks_lft_idx` (`lft`),
  KEY `craft_tasks_rgt_idx` (`rgt`),
  KEY `craft_tasks_level_idx` (`level`)
) ENGINE=InnoDB AUTO_INCREMENT=12 DEFAULT CHARSET=utf8 COLLATE=utf8_unicode_ci;

DROP TABLE IF EXISTS `craft_templatecachecriteria`;


--
-- Schema for table `craft_templatecachecriteria`
--
CREATE TABLE `craft_templatecachecriteria` (
  `id` int(11) NOT NULL AUTO_INCREMENT,
  `cacheId` int(11) NOT NULL,
  `type` varchar(150) COLLATE utf8_unicode_ci NOT NULL,
  `criteria` text COLLATE utf8_unicode_ci NOT NULL,
  PRIMARY KEY (`id`),
  KEY `craft_templatecachecriteria_cacheId_fk` (`cacheId`),
  KEY `craft_templatecachecriteria_type_idx` (`type`)
) ENGINE=InnoDB DEFAULT CHARSET=utf8 COLLATE=utf8_unicode_ci;

DROP TABLE IF EXISTS `craft_templatecacheelements`;


--
-- Schema for table `craft_templatecacheelements`
--
CREATE TABLE `craft_templatecacheelements` (
  `cacheId` int(11) NOT NULL,
  `elementId` int(11) NOT NULL,
  KEY `craft_templatecacheelements_cacheId_fk` (`cacheId`),
  KEY `craft_templatecacheelements_elementId_fk` (`elementId`)
) ENGINE=InnoDB DEFAULT CHARSET=utf8 COLLATE=utf8_unicode_ci;

DROP TABLE IF EXISTS `craft_templatecaches`;


--
-- Schema for table `craft_templatecaches`
--
CREATE TABLE `craft_templatecaches` (
  `id` int(11) NOT NULL AUTO_INCREMENT,
  `cacheKey` varchar(255) COLLATE utf8_unicode_ci NOT NULL,
  `locale` char(12) COLLATE utf8_unicode_ci NOT NULL,
  `path` varchar(255) COLLATE utf8_unicode_ci DEFAULT NULL,
  `expiryDate` datetime NOT NULL,
  `body` mediumtext COLLATE utf8_unicode_ci NOT NULL,
  PRIMARY KEY (`id`),
  KEY `craft_templatecaches_expiryDate_cacheKey_locale_path_idx` (`expiryDate`,`cacheKey`,`locale`,`path`),
  KEY `craft_templatecaches_locale_fk` (`locale`)
) ENGINE=InnoDB DEFAULT CHARSET=utf8 COLLATE=utf8_unicode_ci;

DROP TABLE IF EXISTS `craft_tokens`;


--
-- Schema for table `craft_tokens`
--
CREATE TABLE `craft_tokens` (
  `id` int(11) NOT NULL AUTO_INCREMENT,
  `token` char(32) COLLATE utf8_unicode_ci NOT NULL,
  `route` text COLLATE utf8_unicode_ci,
  `usageLimit` tinyint(3) unsigned DEFAULT NULL,
  `usageCount` tinyint(3) unsigned DEFAULT NULL,
  `expiryDate` datetime NOT NULL,
  `dateCreated` datetime NOT NULL,
  `dateUpdated` datetime NOT NULL,
  `uid` char(36) COLLATE utf8_unicode_ci NOT NULL DEFAULT '0',
  PRIMARY KEY (`id`),
  UNIQUE KEY `craft_tokens_token_unq_idx` (`token`),
  KEY `craft_tokens_expiryDate_idx` (`expiryDate`)
) ENGINE=InnoDB DEFAULT CHARSET=utf8 COLLATE=utf8_unicode_ci;

DROP TABLE IF EXISTS `craft_usergroups`;


--
-- Schema for table `craft_usergroups`
--
CREATE TABLE `craft_usergroups` (
  `id` int(11) NOT NULL AUTO_INCREMENT,
  `name` varchar(255) COLLATE utf8_unicode_ci NOT NULL,
  `handle` varchar(255) COLLATE utf8_unicode_ci NOT NULL,
  `dateCreated` datetime NOT NULL,
  `dateUpdated` datetime NOT NULL,
  `uid` char(36) COLLATE utf8_unicode_ci NOT NULL DEFAULT '0',
  PRIMARY KEY (`id`)
) ENGINE=InnoDB DEFAULT CHARSET=utf8 COLLATE=utf8_unicode_ci;

DROP TABLE IF EXISTS `craft_usergroups_users`;


--
-- Schema for table `craft_usergroups_users`
--
CREATE TABLE `craft_usergroups_users` (
  `id` int(11) NOT NULL AUTO_INCREMENT,
  `groupId` int(11) NOT NULL,
  `userId` int(11) NOT NULL,
  `dateCreated` datetime NOT NULL,
  `dateUpdated` datetime NOT NULL,
  `uid` char(36) COLLATE utf8_unicode_ci NOT NULL DEFAULT '0',
  PRIMARY KEY (`id`),
  UNIQUE KEY `craft_usergroups_users_groupId_userId_unq_idx` (`groupId`,`userId`),
  KEY `craft_usergroups_users_userId_fk` (`userId`)
) ENGINE=InnoDB DEFAULT CHARSET=utf8 COLLATE=utf8_unicode_ci;

DROP TABLE IF EXISTS `craft_userpermissions`;


--
-- Schema for table `craft_userpermissions`
--
CREATE TABLE `craft_userpermissions` (
  `id` int(11) NOT NULL AUTO_INCREMENT,
  `name` varchar(255) COLLATE utf8_unicode_ci NOT NULL,
  `dateCreated` datetime NOT NULL,
  `dateUpdated` datetime NOT NULL,
  `uid` char(36) COLLATE utf8_unicode_ci NOT NULL DEFAULT '0',
  PRIMARY KEY (`id`),
  UNIQUE KEY `craft_userpermissions_name_unq_idx` (`name`)
) ENGINE=InnoDB DEFAULT CHARSET=utf8 COLLATE=utf8_unicode_ci;

DROP TABLE IF EXISTS `craft_userpermissions_usergroups`;


--
-- Schema for table `craft_userpermissions_usergroups`
--
CREATE TABLE `craft_userpermissions_usergroups` (
  `id` int(11) NOT NULL AUTO_INCREMENT,
  `permissionId` int(11) NOT NULL,
  `groupId` int(11) NOT NULL,
  `dateCreated` datetime NOT NULL,
  `dateUpdated` datetime NOT NULL,
  `uid` char(36) COLLATE utf8_unicode_ci NOT NULL DEFAULT '0',
  PRIMARY KEY (`id`),
  UNIQUE KEY `craft_userpermissions_usergroups_permissionId_groupId_unq_idx` (`permissionId`,`groupId`),
  KEY `craft_userpermissions_usergroups_groupId_fk` (`groupId`)
) ENGINE=InnoDB DEFAULT CHARSET=utf8 COLLATE=utf8_unicode_ci;

DROP TABLE IF EXISTS `craft_userpermissions_users`;


--
-- Schema for table `craft_userpermissions_users`
--
CREATE TABLE `craft_userpermissions_users` (
  `id` int(11) NOT NULL AUTO_INCREMENT,
  `permissionId` int(11) NOT NULL,
  `userId` int(11) NOT NULL,
  `dateCreated` datetime NOT NULL,
  `dateUpdated` datetime NOT NULL,
  `uid` char(36) COLLATE utf8_unicode_ci NOT NULL DEFAULT '0',
  PRIMARY KEY (`id`),
  UNIQUE KEY `craft_userpermissions_users_permissionId_userId_unq_idx` (`permissionId`,`userId`),
  KEY `craft_userpermissions_users_userId_fk` (`userId`)
) ENGINE=InnoDB DEFAULT CHARSET=utf8 COLLATE=utf8_unicode_ci;

DROP TABLE IF EXISTS `craft_users`;


--
-- Schema for table `craft_users`
--
CREATE TABLE `craft_users` (
  `id` int(11) NOT NULL,
  `username` varchar(100) COLLATE utf8_unicode_ci NOT NULL,
  `photo` varchar(100) COLLATE utf8_unicode_ci DEFAULT NULL,
  `firstName` varchar(100) COLLATE utf8_unicode_ci DEFAULT NULL,
  `lastName` varchar(100) COLLATE utf8_unicode_ci DEFAULT NULL,
  `email` varchar(255) COLLATE utf8_unicode_ci NOT NULL,
  `password` char(255) COLLATE utf8_unicode_ci DEFAULT NULL,
  `preferredLocale` char(12) COLLATE utf8_unicode_ci DEFAULT NULL,
  `weekStartDay` tinyint(1) unsigned NOT NULL DEFAULT '0',
  `admin` tinyint(1) unsigned NOT NULL DEFAULT '0',
  `client` tinyint(1) unsigned NOT NULL DEFAULT '0',
  `locked` tinyint(1) unsigned NOT NULL DEFAULT '0',
  `suspended` tinyint(1) unsigned NOT NULL DEFAULT '0',
  `pending` tinyint(1) unsigned NOT NULL DEFAULT '0',
  `archived` tinyint(1) unsigned NOT NULL DEFAULT '0',
  `lastLoginDate` datetime DEFAULT NULL,
  `lastLoginAttemptIPAddress` varchar(45) COLLATE utf8_unicode_ci DEFAULT NULL,
  `invalidLoginWindowStart` datetime DEFAULT NULL,
  `invalidLoginCount` tinyint(4) unsigned DEFAULT NULL,
  `lastInvalidLoginDate` datetime DEFAULT NULL,
  `lockoutDate` datetime DEFAULT NULL,
  `verificationCode` char(100) COLLATE utf8_unicode_ci DEFAULT NULL,
  `verificationCodeIssuedDate` datetime DEFAULT NULL,
  `unverifiedEmail` varchar(255) COLLATE utf8_unicode_ci DEFAULT NULL,
  `passwordResetRequired` tinyint(1) unsigned NOT NULL DEFAULT '0',
  `lastPasswordChangeDate` datetime DEFAULT NULL,
  `dateCreated` datetime NOT NULL,
  `dateUpdated` datetime NOT NULL,
  `uid` char(36) COLLATE utf8_unicode_ci NOT NULL DEFAULT '0',
  PRIMARY KEY (`id`),
  UNIQUE KEY `craft_users_username_unq_idx` (`username`),
  UNIQUE KEY `craft_users_email_unq_idx` (`email`),
  KEY `craft_users_verificationCode_idx` (`verificationCode`),
  KEY `craft_users_uid_idx` (`uid`),
  KEY `craft_users_preferredLocale_fk` (`preferredLocale`)
) ENGINE=InnoDB DEFAULT CHARSET=utf8 COLLATE=utf8_unicode_ci;

--
-- Data for table `craft_users`
--

INSERT INTO `craft_users` (`id`, `username`, `photo`, `firstName`, `lastName`, `email`, `password`, `preferredLocale`, `weekStartDay`, `admin`, `client`, `locked`, `suspended`, `pending`, `archived`, `lastLoginDate`, `lastLoginAttemptIPAddress`, `invalidLoginWindowStart`, `invalidLoginCount`, `lastInvalidLoginDate`, `lockoutDate`, `verificationCode`, `verificationCodeIssuedDate`, `unverifiedEmail`, `passwordResetRequired`, `lastPasswordChangeDate`, `dateCreated`, `dateUpdated`, `uid`) VALUES
 ('1', 'mark@markjmoyer.com', NULL, NULL, NULL, 'mark@markjmoyer.com', '$2y$13$coyrNmhyiln6W.7wo.BBR.WqVfUUEHlhrM3M7H35d3caZO6s0pvzy', NULL, '0', '1', '0', '0', '0', '0', '0', '2016-06-02 18:30:27', '::1', NULL, NULL, NULL, NULL, NULL, NULL, NULL, '0', '2016-06-02 16:01:32', '2016-06-02 16:01:32', '2016-06-02 18:30:27', '11b874b8-befd-4292-b019-37127d5c9496');



DROP TABLE IF EXISTS `craft_widgets`;


--
-- Schema for table `craft_widgets`
--
CREATE TABLE `craft_widgets` (
  `id` int(11) NOT NULL AUTO_INCREMENT,
  `userId` int(11) NOT NULL,
  `type` varchar(150) COLLATE utf8_unicode_ci NOT NULL,
  `sortOrder` smallint(6) unsigned DEFAULT NULL,
  `colspan` tinyint(4) unsigned DEFAULT NULL,
  `settings` text COLLATE utf8_unicode_ci,
  `enabled` tinyint(1) unsigned NOT NULL DEFAULT '1',
  `dateCreated` datetime NOT NULL,
  `dateUpdated` datetime NOT NULL,
  `uid` char(36) COLLATE utf8_unicode_ci NOT NULL DEFAULT '0',
  PRIMARY KEY (`id`),
  KEY `craft_widgets_userId_fk` (`userId`)
) ENGINE=InnoDB AUTO_INCREMENT=5 DEFAULT CHARSET=utf8 COLLATE=utf8_unicode_ci;

--
-- Data for table `craft_widgets`
--

INSERT INTO `craft_widgets` (`id`, `userId`, `type`, `sortOrder`, `colspan`, `settings`, `enabled`, `dateCreated`, `dateUpdated`, `uid`) VALUES
 ('1', '1', 'RecentEntries', '1', NULL, NULL, '1', '2016-06-02 16:01:38', '2016-06-02 16:01:38', 'b99ab951-567b-4b55-ba81-50cf9f4a30d4'),
 ('2', '1', 'GetHelp', '2', NULL, NULL, '1', '2016-06-02 16:01:38', '2016-06-02 16:01:38', 'a0a4f941-0a5e-4248-b262-92ecaa91ded8'),
 ('3', '1', 'Updates', '3', NULL, NULL, '1', '2016-06-02 16:01:38', '2016-06-02 16:01:38', '228cb12b-033f-4803-8e83-1906fdb8fdc2'),
 ('4', '1', 'Feed', '4', NULL, '{\"url\":\"https:\\/\\/craftcms.com\\/news.rss\",\"title\":\"Craft News\"}', '1', '2016-06-02 16:01:38', '2016-06-02 16:01:38', '982af73b-0f17-4227-94e6-7ed4dcdc64be');


--
-- Constraints for tables
--


--
-- Constraints for table `craft_assetfiles`
--
ALTER TABLE `craft_assetfiles`
	ADD CONSTRAINT `craft_assetfiles_folderId_fk` FOREIGN KEY (`folderId`) REFERENCES `craft_assetfolders` (`id`) ON DELETE CASCADE,
	ADD CONSTRAINT `craft_assetfiles_id_fk` FOREIGN KEY (`id`) REFERENCES `craft_elements` (`id`) ON DELETE CASCADE,
	ADD CONSTRAINT `craft_assetfiles_sourceId_fk` FOREIGN KEY (`sourceId`) REFERENCES `craft_assetsources` (`id`) ON DELETE CASCADE;

--
-- Constraints for table `craft_assetfolders`
--
ALTER TABLE `craft_assetfolders`
	ADD CONSTRAINT `craft_assetfolders_parentId_fk` FOREIGN KEY (`parentId`) REFERENCES `craft_assetfolders` (`id`) ON DELETE CASCADE,
	ADD CONSTRAINT `craft_assetfolders_sourceId_fk` FOREIGN KEY (`sourceId`) REFERENCES `craft_assetsources` (`id`) ON DELETE CASCADE;

--
-- Constraints for table `craft_assetindexdata`
--
ALTER TABLE `craft_assetindexdata`
	ADD CONSTRAINT `craft_assetindexdata_sourceId_fk` FOREIGN KEY (`sourceId`) REFERENCES `craft_assetsources` (`id`) ON DELETE CASCADE;

--
-- Constraints for table `craft_assetsources`
--
ALTER TABLE `craft_assetsources`
	ADD CONSTRAINT `craft_assetsources_fieldLayoutId_fk` FOREIGN KEY (`fieldLayoutId`) REFERENCES `craft_fieldlayouts` (`id`) ON DELETE SET NULL;

--
-- Constraints for table `craft_categories`
--
ALTER TABLE `craft_categories`
	ADD CONSTRAINT `craft_categories_groupId_fk` FOREIGN KEY (`groupId`) REFERENCES `craft_categorygroups` (`id`) ON DELETE CASCADE,
	ADD CONSTRAINT `craft_categories_id_fk` FOREIGN KEY (`id`) REFERENCES `craft_elements` (`id`) ON DELETE CASCADE;

--
-- Constraints for table `craft_categorygroups`
--
ALTER TABLE `craft_categorygroups`
	ADD CONSTRAINT `craft_categorygroups_fieldLayoutId_fk` FOREIGN KEY (`fieldLayoutId`) REFERENCES `craft_fieldlayouts` (`id`) ON DELETE SET NULL,
	ADD CONSTRAINT `craft_categorygroups_structureId_fk` FOREIGN KEY (`structureId`) REFERENCES `craft_structures` (`id`) ON DELETE CASCADE;

--
-- Constraints for table `craft_categorygroups_i18n`
--
ALTER TABLE `craft_categorygroups_i18n`
	ADD CONSTRAINT `craft_categorygroups_i18n_groupId_fk` FOREIGN KEY (`groupId`) REFERENCES `craft_categorygroups` (`id`) ON DELETE CASCADE,
	ADD CONSTRAINT `craft_categorygroups_i18n_locale_fk` FOREIGN KEY (`locale`) REFERENCES `craft_locales` (`locale`) ON DELETE CASCADE ON UPDATE CASCADE;

--
-- Constraints for table `craft_content`
--
ALTER TABLE `craft_content`
	ADD CONSTRAINT `craft_content_elementId_fk` FOREIGN KEY (`elementId`) REFERENCES `craft_elements` (`id`) ON DELETE CASCADE,
	ADD CONSTRAINT `craft_content_locale_fk` FOREIGN KEY (`locale`) REFERENCES `craft_locales` (`locale`) ON DELETE CASCADE ON UPDATE CASCADE;

--
-- Constraints for table `craft_elements_i18n`
--
ALTER TABLE `craft_elements_i18n`
	ADD CONSTRAINT `craft_elements_i18n_elementId_fk` FOREIGN KEY (`elementId`) REFERENCES `craft_elements` (`id`) ON DELETE CASCADE,
	ADD CONSTRAINT `craft_elements_i18n_locale_fk` FOREIGN KEY (`locale`) REFERENCES `craft_locales` (`locale`) ON DELETE CASCADE ON UPDATE CASCADE;

--
-- Constraints for table `craft_emailmessages`
--
ALTER TABLE `craft_emailmessages`
	ADD CONSTRAINT `craft_emailmessages_locale_fk` FOREIGN KEY (`locale`) REFERENCES `craft_locales` (`locale`) ON DELETE CASCADE ON UPDATE CASCADE;

--
-- Constraints for table `craft_entries`
--
ALTER TABLE `craft_entries`
	ADD CONSTRAINT `craft_entries_authorId_fk` FOREIGN KEY (`authorId`) REFERENCES `craft_users` (`id`) ON DELETE CASCADE,
	ADD CONSTRAINT `craft_entries_id_fk` FOREIGN KEY (`id`) REFERENCES `craft_elements` (`id`) ON DELETE CASCADE,
	ADD CONSTRAINT `craft_entries_sectionId_fk` FOREIGN KEY (`sectionId`) REFERENCES `craft_sections` (`id`) ON DELETE CASCADE,
	ADD CONSTRAINT `craft_entries_typeId_fk` FOREIGN KEY (`typeId`) REFERENCES `craft_entrytypes` (`id`) ON DELETE CASCADE;

--
-- Constraints for table `craft_entrydrafts`
--
ALTER TABLE `craft_entrydrafts`
	ADD CONSTRAINT `craft_entrydrafts_creatorId_fk` FOREIGN KEY (`creatorId`) REFERENCES `craft_users` (`id`) ON DELETE CASCADE,
	ADD CONSTRAINT `craft_entrydrafts_entryId_fk` FOREIGN KEY (`entryId`) REFERENCES `craft_entries` (`id`) ON DELETE CASCADE,
	ADD CONSTRAINT `craft_entrydrafts_locale_fk` FOREIGN KEY (`locale`) REFERENCES `craft_locales` (`locale`) ON DELETE CASCADE ON UPDATE CASCADE,
	ADD CONSTRAINT `craft_entrydrafts_sectionId_fk` FOREIGN KEY (`sectionId`) REFERENCES `craft_sections` (`id`) ON DELETE CASCADE;

--
-- Constraints for table `craft_entrytypes`
--
ALTER TABLE `craft_entrytypes`
	ADD CONSTRAINT `craft_entrytypes_fieldLayoutId_fk` FOREIGN KEY (`fieldLayoutId`) REFERENCES `craft_fieldlayouts` (`id`) ON DELETE SET NULL,
	ADD CONSTRAINT `craft_entrytypes_sectionId_fk` FOREIGN KEY (`sectionId`) REFERENCES `craft_sections` (`id`) ON DELETE CASCADE;

--
-- Constraints for table `craft_entryversions`
--
ALTER TABLE `craft_entryversions`
	ADD CONSTRAINT `craft_entryversions_creatorId_fk` FOREIGN KEY (`creatorId`) REFERENCES `craft_users` (`id`) ON DELETE SET NULL,
	ADD CONSTRAINT `craft_entryversions_entryId_fk` FOREIGN KEY (`entryId`) REFERENCES `craft_entries` (`id`) ON DELETE CASCADE,
	ADD CONSTRAINT `craft_entryversions_locale_fk` FOREIGN KEY (`locale`) REFERENCES `craft_locales` (`locale`) ON DELETE CASCADE ON UPDATE CASCADE,
	ADD CONSTRAINT `craft_entryversions_sectionId_fk` FOREIGN KEY (`sectionId`) REFERENCES `craft_sections` (`id`) ON DELETE CASCADE;

--
-- Constraints for table `craft_fieldlayoutfields`
--
ALTER TABLE `craft_fieldlayoutfields`
	ADD CONSTRAINT `craft_fieldlayoutfields_fieldId_fk` FOREIGN KEY (`fieldId`) REFERENCES `craft_fields` (`id`) ON DELETE CASCADE,
	ADD CONSTRAINT `craft_fieldlayoutfields_layoutId_fk` FOREIGN KEY (`layoutId`) REFERENCES `craft_fieldlayouts` (`id`) ON DELETE CASCADE,
	ADD CONSTRAINT `craft_fieldlayoutfields_tabId_fk` FOREIGN KEY (`tabId`) REFERENCES `craft_fieldlayouttabs` (`id`) ON DELETE CASCADE;

--
-- Constraints for table `craft_fieldlayouttabs`
--
ALTER TABLE `craft_fieldlayouttabs`
	ADD CONSTRAINT `craft_fieldlayouttabs_layoutId_fk` FOREIGN KEY (`layoutId`) REFERENCES `craft_fieldlayouts` (`id`) ON DELETE CASCADE;

--
-- Constraints for table `craft_fields`
--
ALTER TABLE `craft_fields`
	ADD CONSTRAINT `craft_fields_groupId_fk` FOREIGN KEY (`groupId`) REFERENCES `craft_fieldgroups` (`id`) ON DELETE CASCADE;

--
-- Constraints for table `craft_globalsets`
--
ALTER TABLE `craft_globalsets`
	ADD CONSTRAINT `craft_globalsets_fieldLayoutId_fk` FOREIGN KEY (`fieldLayoutId`) REFERENCES `craft_fieldlayouts` (`id`) ON DELETE SET NULL,
	ADD CONSTRAINT `craft_globalsets_id_fk` FOREIGN KEY (`id`) REFERENCES `craft_elements` (`id`) ON DELETE CASCADE;

--
-- Constraints for table `craft_matrixblocks`
--
ALTER TABLE `craft_matrixblocks`
	ADD CONSTRAINT `craft_matrixblocks_fieldId_fk` FOREIGN KEY (`fieldId`) REFERENCES `craft_fields` (`id`) ON DELETE CASCADE,
	ADD CONSTRAINT `craft_matrixblocks_id_fk` FOREIGN KEY (`id`) REFERENCES `craft_elements` (`id`) ON DELETE CASCADE,
	ADD CONSTRAINT `craft_matrixblocks_ownerId_fk` FOREIGN KEY (`ownerId`) REFERENCES `craft_elements` (`id`) ON DELETE CASCADE,
	ADD CONSTRAINT `craft_matrixblocks_ownerLocale_fk` FOREIGN KEY (`ownerLocale`) REFERENCES `craft_locales` (`locale`) ON DELETE CASCADE ON UPDATE CASCADE,
	ADD CONSTRAINT `craft_matrixblocks_typeId_fk` FOREIGN KEY (`typeId`) REFERENCES `craft_matrixblocktypes` (`id`) ON DELETE CASCADE;

--
-- Constraints for table `craft_matrixblocktypes`
--
ALTER TABLE `craft_matrixblocktypes`
	ADD CONSTRAINT `craft_matrixblocktypes_fieldId_fk` FOREIGN KEY (`fieldId`) REFERENCES `craft_fields` (`id`) ON DELETE CASCADE,
	ADD CONSTRAINT `craft_matrixblocktypes_fieldLayoutId_fk` FOREIGN KEY (`fieldLayoutId`) REFERENCES `craft_fieldlayouts` (`id`) ON DELETE SET NULL;

--
-- Constraints for table `craft_migrations`
--
ALTER TABLE `craft_migrations`
	ADD CONSTRAINT `craft_migrations_pluginId_fk` FOREIGN KEY (`pluginId`) REFERENCES `craft_plugins` (`id`) ON DELETE CASCADE;

--
-- Constraints for table `craft_relations`
--
ALTER TABLE `craft_relations`
	ADD CONSTRAINT `craft_relations_fieldId_fk` FOREIGN KEY (`fieldId`) REFERENCES `craft_fields` (`id`) ON DELETE CASCADE,
	ADD CONSTRAINT `craft_relations_sourceId_fk` FOREIGN KEY (`sourceId`) REFERENCES `craft_elements` (`id`) ON DELETE CASCADE,
	ADD CONSTRAINT `craft_relations_sourceLocale_fk` FOREIGN KEY (`sourceLocale`) REFERENCES `craft_locales` (`locale`) ON DELETE CASCADE ON UPDATE CASCADE,
	ADD CONSTRAINT `craft_relations_targetId_fk` FOREIGN KEY (`targetId`) REFERENCES `craft_elements` (`id`) ON DELETE CASCADE;

--
-- Constraints for table `craft_routes`
--
ALTER TABLE `craft_routes`
	ADD CONSTRAINT `craft_routes_locale_fk` FOREIGN KEY (`locale`) REFERENCES `craft_locales` (`locale`) ON DELETE CASCADE ON UPDATE CASCADE;

--
-- Constraints for table `craft_sections`
--
ALTER TABLE `craft_sections`
	ADD CONSTRAINT `craft_sections_structureId_fk` FOREIGN KEY (`structureId`) REFERENCES `craft_structures` (`id`) ON DELETE SET NULL;

--
-- Constraints for table `craft_sections_i18n`
--
ALTER TABLE `craft_sections_i18n`
	ADD CONSTRAINT `craft_sections_i18n_locale_fk` FOREIGN KEY (`locale`) REFERENCES `craft_locales` (`locale`) ON DELETE CASCADE ON UPDATE CASCADE,
	ADD CONSTRAINT `craft_sections_i18n_sectionId_fk` FOREIGN KEY (`sectionId`) REFERENCES `craft_sections` (`id`) ON DELETE CASCADE;

--
-- Constraints for table `craft_sessions`
--
ALTER TABLE `craft_sessions`
	ADD CONSTRAINT `craft_sessions_userId_fk` FOREIGN KEY (`userId`) REFERENCES `craft_users` (`id`) ON DELETE CASCADE;

--
-- Constraints for table `craft_shunnedmessages`
--
ALTER TABLE `craft_shunnedmessages`
	ADD CONSTRAINT `craft_shunnedmessages_userId_fk` FOREIGN KEY (`userId`) REFERENCES `craft_users` (`id`) ON DELETE CASCADE;

--
-- Constraints for table `craft_structureelements`
--
ALTER TABLE `craft_structureelements`
	ADD CONSTRAINT `craft_structureelements_elementId_fk` FOREIGN KEY (`elementId`) REFERENCES `craft_elements` (`id`) ON DELETE CASCADE,
	ADD CONSTRAINT `craft_structureelements_structureId_fk` FOREIGN KEY (`structureId`) REFERENCES `craft_structures` (`id`) ON DELETE CASCADE;

--
-- Constraints for table `craft_taggroups`
--
ALTER TABLE `craft_taggroups`
	ADD CONSTRAINT `craft_taggroups_fieldLayoutId_fk` FOREIGN KEY (`fieldLayoutId`) REFERENCES `craft_fieldlayouts` (`id`) ON DELETE SET NULL;

--
-- Constraints for table `craft_tags`
--
ALTER TABLE `craft_tags`
	ADD CONSTRAINT `craft_tags_groupId_fk` FOREIGN KEY (`groupId`) REFERENCES `craft_taggroups` (`id`) ON DELETE CASCADE,
	ADD CONSTRAINT `craft_tags_id_fk` FOREIGN KEY (`id`) REFERENCES `craft_elements` (`id`) ON DELETE CASCADE;

--
-- Constraints for table `craft_templatecachecriteria`
--
ALTER TABLE `craft_templatecachecriteria`
	ADD CONSTRAINT `craft_templatecachecriteria_cacheId_fk` FOREIGN KEY (`cacheId`) REFERENCES `craft_templatecaches` (`id`) ON DELETE CASCADE;

--
-- Constraints for table `craft_templatecacheelements`
--
ALTER TABLE `craft_templatecacheelements`
	ADD CONSTRAINT `craft_templatecacheelements_cacheId_fk` FOREIGN KEY (`cacheId`) REFERENCES `craft_templatecaches` (`id`) ON DELETE CASCADE,
	ADD CONSTRAINT `craft_templatecacheelements_elementId_fk` FOREIGN KEY (`elementId`) REFERENCES `craft_elements` (`id`) ON DELETE CASCADE;

--
-- Constraints for table `craft_templatecaches`
--
ALTER TABLE `craft_templatecaches`
	ADD CONSTRAINT `craft_templatecaches_locale_fk` FOREIGN KEY (`locale`) REFERENCES `craft_locales` (`locale`) ON DELETE CASCADE ON UPDATE CASCADE;

--
-- Constraints for table `craft_usergroups_users`
--
ALTER TABLE `craft_usergroups_users`
	ADD CONSTRAINT `craft_usergroups_users_groupId_fk` FOREIGN KEY (`groupId`) REFERENCES `craft_usergroups` (`id`) ON DELETE CASCADE,
	ADD CONSTRAINT `craft_usergroups_users_userId_fk` FOREIGN KEY (`userId`) REFERENCES `craft_users` (`id`) ON DELETE CASCADE;

--
-- Constraints for table `craft_userpermissions_usergroups`
--
ALTER TABLE `craft_userpermissions_usergroups`
	ADD CONSTRAINT `craft_userpermissions_usergroups_groupId_fk` FOREIGN KEY (`groupId`) REFERENCES `craft_usergroups` (`id`) ON DELETE CASCADE,
	ADD CONSTRAINT `craft_userpermissions_usergroups_permissionId_fk` FOREIGN KEY (`permissionId`) REFERENCES `craft_userpermissions` (`id`) ON DELETE CASCADE;

--
-- Constraints for table `craft_userpermissions_users`
--
ALTER TABLE `craft_userpermissions_users`
	ADD CONSTRAINT `craft_userpermissions_users_permissionId_fk` FOREIGN KEY (`permissionId`) REFERENCES `craft_userpermissions` (`id`) ON DELETE CASCADE,
	ADD CONSTRAINT `craft_userpermissions_users_userId_fk` FOREIGN KEY (`userId`) REFERENCES `craft_users` (`id`) ON DELETE CASCADE;

--
-- Constraints for table `craft_users`
--
ALTER TABLE `craft_users`
	ADD CONSTRAINT `craft_users_id_fk` FOREIGN KEY (`id`) REFERENCES `craft_elements` (`id`) ON DELETE CASCADE,
	ADD CONSTRAINT `craft_users_preferredLocale_fk` FOREIGN KEY (`preferredLocale`) REFERENCES `craft_locales` (`locale`) ON DELETE SET NULL ON UPDATE CASCADE;

--
-- Constraints for table `craft_widgets`
--
ALTER TABLE `craft_widgets`
	ADD CONSTRAINT `craft_widgets_userId_fk` FOREIGN KEY (`userId`) REFERENCES `craft_users` (`id`) ON DELETE CASCADE;

SET FOREIGN_KEY_CHECKS = 1;
