-- Generated by Craft v2.6.2789 on Jun 6, 2016, 2:11:35 AM.

--
-- Disable foreign key checks and autocommit.
--

SET FOREIGN_KEY_CHECKS = 0;
SET SQL_MODE = "NO_AUTO_VALUE_ON_ZERO";
SET AUTOCOMMIT = 0;
SET NAMES utf8;


DROP TABLE IF EXISTS `craft_assetfiles`;


--
-- Schema for table `craft_assetfiles`
--
CREATE TABLE `craft_assetfiles` (
  `id` int(11) NOT NULL,
  `sourceId` int(11) DEFAULT NULL,
  `folderId` int(11) NOT NULL,
  `filename` varchar(255) COLLATE utf8_unicode_ci NOT NULL,
  `kind` varchar(50) COLLATE utf8_unicode_ci NOT NULL DEFAULT 'unknown',
  `width` int(11) unsigned DEFAULT NULL,
  `height` int(11) unsigned DEFAULT NULL,
  `size` bigint(20) unsigned DEFAULT NULL,
  `dateModified` datetime DEFAULT NULL,
  `dateCreated` datetime NOT NULL,
  `dateUpdated` datetime NOT NULL,
  `uid` char(36) COLLATE utf8_unicode_ci NOT NULL DEFAULT '0',
  PRIMARY KEY (`id`),
  UNIQUE KEY `craft_assetfiles_filename_folderId_unq_idx` (`filename`,`folderId`),
  KEY `craft_assetfiles_sourceId_fk` (`sourceId`),
  KEY `craft_assetfiles_folderId_fk` (`folderId`)
) ENGINE=InnoDB DEFAULT CHARSET=utf8 COLLATE=utf8_unicode_ci;

--
-- Data for table `craft_assetfiles`
--

INSERT INTO `craft_assetfiles` (`id`, `sourceId`, `folderId`, `filename`, `kind`, `width`, `height`, `size`, `dateModified`, `dateCreated`, `dateUpdated`, `uid`) VALUES
 ('18', '3', '6', 'nascar-footer.jpg', 'image', '585', '220', '33352', '2016-06-04 17:01:25', '2016-06-04 17:01:25', '2016-06-05 20:30:20', '391fbdce-c8a0-4fae-a2ed-4a1bbb5f60f3'),
 ('19', '3', '6', 'nascar.jpg', 'image', '585', '220', '23622', '2016-06-04 17:01:33', '2016-06-04 17:01:33', '2016-06-05 20:30:21', '530e149b-551b-4120-aff7-e059f521df56'),
 ('20', '3', '6', 'nascigs.jpg', 'image', '585', '220', '61892', '2016-06-04 17:01:40', '2016-06-04 17:01:40', '2016-06-05 20:30:21', 'd74e84c3-3534-4e18-9874-a2762379e6b2'),
 ('21', '3', '6', 'patches.jpg', 'image', '585', '220', '72811', '2016-06-04 17:01:45', '2016-06-04 17:01:45', '2016-06-05 20:30:21', '6a345b8b-6ca7-4713-81f3-057f366543ec'),
 ('22', '3', '6', 'placeholder.jpg', 'image', '585', '220', '21549', '2016-06-04 17:01:53', '2016-06-04 17:01:53', '2016-06-05 20:30:21', '38954a61-8382-4f2a-8f06-32e522583607'),
 ('23', '3', '6', 'racebar.jpg', 'image', '585', '220', '32992', '2016-06-04 17:01:58', '2016-06-04 17:01:58', '2016-06-05 20:30:21', '5cbf1e76-d014-44a5-a93d-de70844d961f'),
 ('24', '3', '6', 'raceview.jpg', 'image', '585', '220', '38881', '2016-06-04 17:02:04', '2016-06-04 17:02:04', '2016-06-05 20:30:21', '2809db55-3b8a-47e1-8e5e-04c43cdf3b5c'),
 ('25', '3', '6', 'redkamel.jpg', 'image', '585', '220', '31269', '2016-06-04 17:02:17', '2016-06-04 17:02:17', '2016-06-05 20:30:21', '8f4a310a-6fd2-439e-88ea-d7bbd5b8f120'),
 ('26', '3', '6', 'restore390.jpg', 'image', '585', '220', '43581', '2016-06-04 17:02:32', '2016-06-04 17:02:32', '2016-06-05 20:30:21', '57c9630e-cea6-4937-9580-33a9021acdcf'),
 ('27', '3', '6', 'search4records.jpg', 'image', '585', '220', '60116', '2016-06-04 17:02:41', '2016-06-04 17:02:41', '2016-06-05 20:30:22', '82b73abe-428a-41a3-a989-392ed46d81a2'),
 ('28', '3', '6', 'sfntc.jpg', 'image', '585', '220', '41471', '2016-06-04 17:02:50', '2016-06-04 17:02:50', '2016-06-05 20:30:22', '13919405-9b19-4fb5-ba93-8bf3fa9aa9fa'),
 ('29', '3', '6', 'snus.jpg', 'image', '585', '220', '53413', '2016-06-04 17:02:56', '2016-06-04 17:02:57', '2016-06-05 20:30:22', '71e301e5-ffd8-4238-a75f-9e45b8ed9b47'),
 ('30', '3', '6', 't4t390.jpg', 'image', '355', '134', '20036', '2016-06-04 17:03:03', '2016-06-04 17:03:03', '2016-06-05 20:30:22', '43458911-5427-4c2d-9ca1-f4e66abae796'),
 ('42', '4', '9', 'nascar-footer.jpg', 'image', '585', '220', '33352', '2016-06-04 17:01:25', '2016-06-04 17:37:09', '2016-06-05 20:30:24', '8685f8f5-da9d-475b-aca4-44b1a34c66b5'),
 ('43', '4', '9', 'nascar.jpg', 'image', '585', '220', '23622', '2016-06-04 17:01:33', '2016-06-04 17:37:09', '2016-06-05 20:30:24', 'c077e910-8e50-45a9-8c4f-d763e4225830'),
 ('44', '4', '9', 'nascigs.jpg', 'image', '585', '220', '61892', '2016-06-04 17:01:40', '2016-06-04 17:37:09', '2016-06-05 20:30:24', '24a04f05-a1f1-4c14-8cd8-500a7236ffe8'),
 ('45', '4', '9', 'patches.jpg', 'image', '585', '220', '72811', '2016-06-04 17:01:45', '2016-06-04 17:37:09', '2016-06-05 20:30:25', 'fd3fdf74-f91f-4d80-9156-663306a04972'),
 ('46', '4', '9', 'placeholder.jpg', 'image', '585', '220', '21549', '2016-06-04 17:01:53', '2016-06-04 17:37:09', '2016-06-05 20:30:25', '94731989-199e-4d90-9cf4-2a397c4e608a'),
 ('47', '4', '9', 'racebar.jpg', 'image', '585', '220', '32992', '2016-06-04 17:01:58', '2016-06-04 17:37:10', '2016-06-05 20:30:25', '92e55dd0-efcf-4858-b8ed-a5adff3ff022'),
 ('48', '4', '9', 'raceview.jpg', 'image', '585', '220', '38881', '2016-06-04 17:02:04', '2016-06-04 17:37:10', '2016-06-05 20:30:25', 'c0a70e5b-d21f-4ff4-ab66-0dd34da9f4d8'),
 ('49', '4', '9', 'redkamel.jpg', 'image', '585', '220', '31269', '2016-06-04 17:02:17', '2016-06-04 17:37:10', '2016-06-05 20:30:25', 'eef02ee8-1b1b-46f6-9e9b-8cd20f191e2c'),
 ('50', '4', '9', 'restore390.jpg', 'image', '585', '220', '43581', '2016-06-04 17:02:32', '2016-06-04 17:37:10', '2016-06-05 20:30:25', '2ec0f7ec-bb3a-4e1e-be44-b58e2b175810'),
 ('51', '4', '9', 'search4records.jpg', 'image', '585', '220', '60116', '2016-06-04 17:02:41', '2016-06-04 17:37:10', '2016-06-05 20:30:25', 'a06d5cf4-19ab-4bb0-a2ce-6203ee84f720'),
 ('52', '4', '9', 'sfntc.jpg', 'image', '585', '220', '41471', '2016-06-04 17:02:50', '2016-06-04 17:37:10', '2016-06-05 20:30:25', 'f7b388d3-cd32-496a-ad42-565d3ea6a951'),
 ('53', '4', '9', 'snus.jpg', 'image', '585', '220', '53413', '2016-06-04 17:02:56', '2016-06-04 17:37:10', '2016-06-05 20:30:26', '42eabfb0-ebbf-4644-b63a-db8ff9bac93c'),
 ('54', '4', '9', 't4t390.jpg', 'image', '355', '134', '20036', '2016-06-04 17:03:03', '2016-06-04 17:37:10', '2016-06-05 20:30:26', 'b6b09ee1-6200-4806-8daa-0bfc51734130'),
 ('55', '3', '6', 'bd-390.jpg', 'image', '585', '220', '48469', '2016-06-04 17:39:12', '2016-06-04 17:39:12', '2016-06-05 20:30:19', '91613c4e-c4a8-4468-bb1d-376281eba726'),
 ('56', '4', '9', 'bd-390.jpg', 'image', '585', '220', '48469', '2016-06-04 17:39:12', '2016-06-04 17:39:39', '2016-06-05 20:30:23', '8058b633-4ae2-4fce-a065-43be36217917'),
 ('57', '3', '6', 'camel.jpg', 'image', '585', '220', '56927', '2016-06-04 17:40:06', '2016-06-04 17:40:06', '2016-06-05 20:30:19', '26b08e53-e90b-4f84-a5b4-6501cbbb5ab9'),
 ('58', '3', '6', 'campari.jpg', 'image', '585', '220', '49914', '2016-06-04 17:41:21', '2016-06-04 17:41:21', '2016-06-05 20:30:20', '9fb5a19a-6c29-45d8-bb31-3946383955a9'),
 ('59', '3', '6', 'capsulestory.jpg', 'image', '585', '220', '48499', '2016-06-04 17:41:27', '2016-06-04 17:41:27', '2016-06-05 20:30:20', '24a58bab-a6e9-4ab5-967f-adbf4c643350'),
 ('60', '3', '6', 'codykresta.jpg', 'image', '585', '220', '56208', '2016-06-04 17:43:35', '2016-06-04 17:43:35', '2016-06-05 20:30:20', '10df1a78-3d53-45b8-be6a-53b5a2cf8eec'),
 ('61', '3', '6', 'discoverSC.jpg', 'image', '585', '220', '62050', '2016-06-04 17:43:41', '2016-06-04 17:43:42', '2016-06-05 20:30:20', '2ec9bea4-0454-4196-9d7a-acb9fed6e4a7'),
 ('62', '3', '6', 'GGB.jpg', 'image', '585', '220', '44690', '2016-06-04 17:43:48', '2016-06-04 17:43:48', '2016-06-05 20:30:19', '7ad57dd6-8b98-42ad-ad9a-6dce1e0b3d91'),
 ('63', '3', '6', 'insideGroove.jpg', 'image', '585', '220', '24428', '2016-06-04 17:44:20', '2016-06-04 17:44:20', '2016-06-05 20:30:20', 'ef421f88-4536-48d3-98bb-86b11a42e5de'),
 ('64', '3', '6', 'liveplayer.jpg', 'image', '585', '220', '42314', '2016-06-04 17:44:32', '2016-06-04 17:44:32', '2016-06-05 20:30:20', '33c2e6d0-4809-4751-9343-06ef73887c24'),
 ('65', '3', '6', 'logstolumber.jpg', 'image', '585', '220', '60803', '2016-06-04 17:45:07', '2016-06-04 17:45:07', '2016-06-05 20:30:20', 'f48d3e68-b746-447f-9a1f-8415ae42f719'),
 ('66', '3', '6', 'melloyello.jpg', 'image', '585', '220', '56780', '2016-06-04 17:45:12', '2016-06-04 17:45:12', '2016-06-05 20:30:20', '11fbd3d9-5d69-4bc0-82c4-b299af777dce'),
 ('67', '4', '8', 'digital-repeater.png', 'image', '379', '61', '1746', '2016-06-04 17:46:17', '2016-06-04 17:46:18', '2016-06-05 20:30:23', '4c0e0425-7d26-4a36-8a0c-f36134d7f266'),
 ('68', '4', '8', 'digital-top.png', 'image', '379', '35', '53240', '2016-06-04 17:46:25', '2016-06-04 17:46:25', '2016-06-05 20:30:22', '8d694aef-d997-4c1b-92c5-a137b42c9b7a'),
 ('69', '4', '8', 'logo.png', 'image', '400', '200', '9832', '2016-06-04 17:46:30', '2016-06-04 17:46:30', '2016-06-05 20:30:22', 'c0a11b8e-d87a-4e97-97cc-6299709b6189'),
 ('70', '4', '8', 'threads.jpg', 'image', '145', '128', '11048', '2016-06-04 17:46:39', '2016-06-04 17:46:39', '2016-06-05 20:30:26', '09e86caf-072e-4110-a103-74048f7a1664'),
 ('71', '4', '8', 'Mark.jpg', 'image', '180', '231', '35796', '2016-06-04 17:46:45', '2016-06-04 17:46:45', '2016-06-05 20:30:22', '52b07636-88c0-4153-9af1-ee9d72291323'),
 ('72', '4', '8', 'tothetop.png', 'image', '500', '500', '16675', '2016-06-04 17:46:50', '2016-06-04 17:46:50', '2016-06-05 20:30:26', '7f61a06d-3984-49ef-bc26-d1f6ab22dbb7'),
 ('74', '4', '8', 'mobile-logo.png', 'image', '200', '100', '14257', '2016-06-05 20:00:57', '2016-06-05 20:30:23', '2016-06-05 20:30:23', '8c6e8e74-5bbc-4b3f-996e-cd13a2bab0a2'),
 ('75', '4', '9', 'GGB.jpg', 'image', '585', '220', '44690', '2016-06-04 17:43:48', '2016-06-05 20:30:23', '2016-06-05 20:30:23', '9dd2b921-bea5-4977-be89-acda1ee0f3a4'),
 ('76', '4', '9', 'camel.jpg', 'image', '585', '220', '56927', '2016-06-04 17:40:06', '2016-06-05 20:30:23', '2016-06-05 20:30:23', '3da80601-7593-4153-892c-e9d54e1f2aea'),
 ('77', '4', '9', 'campari.jpg', 'image', '585', '220', '49914', '2016-06-04 17:41:21', '2016-06-05 20:30:23', '2016-06-05 20:30:23', '561ce06e-c71b-4a48-bb9e-944b6f2f5e05'),
 ('78', '4', '9', 'capsulestory.jpg', 'image', '585', '220', '48499', '2016-06-04 17:41:27', '2016-06-05 20:30:23', '2016-06-05 20:30:23', 'd49e21c0-7910-4c8d-8f58-b1ae03a2da41'),
 ('79', '4', '9', 'codykresta.jpg', 'image', '585', '220', '56208', '2016-06-04 17:43:35', '2016-06-05 20:30:23', '2016-06-05 20:30:23', '19cd5a21-50e3-48c7-8bc6-e1b1be0a9de9'),
 ('80', '4', '9', 'discoverSC.jpg', 'image', '585', '220', '62050', '2016-06-04 17:43:41', '2016-06-05 20:30:24', '2016-06-05 20:30:24', '25f5be4a-c111-400b-a6b9-3df01c294c73'),
 ('81', '4', '9', 'insideGroove.jpg', 'image', '585', '220', '24428', '2016-06-04 17:44:20', '2016-06-05 20:30:24', '2016-06-05 20:30:24', '407ad4ce-712a-4594-a252-14580acfae7e'),
 ('82', '4', '9', 'liveplayer.jpg', 'image', '585', '220', '42314', '2016-06-04 17:44:32', '2016-06-05 20:30:24', '2016-06-05 20:30:24', 'b2aad101-32f6-41fa-b6d2-a06be4620869'),
 ('83', '4', '9', 'logstolumber.jpg', 'image', '585', '220', '60803', '2016-06-04 17:45:07', '2016-06-05 20:30:24', '2016-06-05 20:30:24', '0ca002b3-c2d7-428a-8b43-dcbd8a6dcbfa'),
 ('84', '4', '9', 'melloyello.jpg', 'image', '585', '220', '56780', '2016-06-04 17:45:12', '2016-06-05 20:30:24', '2016-06-05 20:30:24', '254f4a13-9ada-45df-9fdd-5239b6a51b16');



DROP TABLE IF EXISTS `craft_assetfolders`;


--
-- Schema for table `craft_assetfolders`
--
CREATE TABLE `craft_assetfolders` (
  `id` int(11) NOT NULL AUTO_INCREMENT,
  `parentId` int(11) DEFAULT NULL,
  `sourceId` int(11) DEFAULT NULL,
  `name` varchar(255) COLLATE utf8_unicode_ci NOT NULL,
  `path` varchar(255) COLLATE utf8_unicode_ci DEFAULT NULL,
  `dateCreated` datetime NOT NULL,
  `dateUpdated` datetime NOT NULL,
  `uid` char(36) COLLATE utf8_unicode_ci NOT NULL DEFAULT '0',
  PRIMARY KEY (`id`),
  UNIQUE KEY `craft_assetfolders_name_parentId_sourceId_unq_idx` (`name`,`parentId`,`sourceId`),
  KEY `craft_assetfolders_parentId_fk` (`parentId`),
  KEY `craft_assetfolders_sourceId_fk` (`sourceId`)
) ENGINE=InnoDB AUTO_INCREMENT=10 DEFAULT CHARSET=utf8 COLLATE=utf8_unicode_ci;

--
-- Data for table `craft_assetfolders`
--

INSERT INTO `craft_assetfolders` (`id`, `parentId`, `sourceId`, `name`, `path`, `dateCreated`, `dateUpdated`, `uid`) VALUES
 ('1', NULL, NULL, 'Temporary source', NULL, '2016-06-04 02:38:52', '2016-06-04 02:38:52', 'ab61a174-0375-4276-b4f0-e5b178f51048'),
 ('2', '1', NULL, 'user_1', NULL, '2016-06-04 02:38:52', '2016-06-04 02:38:52', '923d21d5-00b8-452f-9281-3775e5292fb2'),
 ('3', '2', NULL, 'field_4', 'field_4/', '2016-06-04 02:38:52', '2016-06-04 02:38:52', '54420d0e-23b4-49b4-8947-14c3621c4b2b'),
 ('6', NULL, '3', 'Portfolio Images', '', '2016-06-04 15:17:44', '2016-06-04 15:17:44', '03b18374-4066-4538-917e-305266380a1e'),
 ('8', NULL, '4', 'Images', '', '2016-06-04 17:36:01', '2016-06-04 17:36:01', '3828d308-aa04-45ab-bf9d-51f736b99f56'),
 ('9', '8', '4', 'portfolio', 'portfolio/', '2016-06-04 17:37:05', '2016-06-04 17:37:05', '8d97ddc8-b463-44fd-83f1-271e5d077a94');



DROP TABLE IF EXISTS `craft_assetindexdata`;


--
-- Schema for table `craft_assetindexdata`
--
CREATE TABLE `craft_assetindexdata` (
  `id` int(11) NOT NULL AUTO_INCREMENT,
  `sessionId` varchar(36) COLLATE utf8_unicode_ci NOT NULL DEFAULT '',
  `sourceId` int(10) NOT NULL,
  `offset` int(10) NOT NULL,
  `uri` varchar(255) COLLATE utf8_unicode_ci DEFAULT NULL,
  `size` varchar(255) COLLATE utf8_unicode_ci DEFAULT NULL,
  `recordId` int(10) DEFAULT NULL,
  `dateCreated` datetime NOT NULL,
  `dateUpdated` datetime NOT NULL,
  `uid` char(36) COLLATE utf8_unicode_ci NOT NULL DEFAULT '0',
  PRIMARY KEY (`id`),
  UNIQUE KEY `craft_assetindexdata_sessionId_sourceId_offset_unq_idx` (`sessionId`,`sourceId`,`offset`),
  KEY `craft_assetindexdata_sourceId_fk` (`sourceId`)
) ENGINE=InnoDB DEFAULT CHARSET=utf8 COLLATE=utf8_unicode_ci;

DROP TABLE IF EXISTS `craft_assetsources`;


--
-- Schema for table `craft_assetsources`
--
CREATE TABLE `craft_assetsources` (
  `id` int(11) NOT NULL AUTO_INCREMENT,
  `name` varchar(255) COLLATE utf8_unicode_ci NOT NULL,
  `handle` varchar(255) COLLATE utf8_unicode_ci NOT NULL,
  `type` varchar(150) COLLATE utf8_unicode_ci NOT NULL,
  `settings` text COLLATE utf8_unicode_ci,
  `sortOrder` smallint(6) unsigned DEFAULT NULL,
  `fieldLayoutId` int(10) DEFAULT NULL,
  `dateCreated` datetime NOT NULL,
  `dateUpdated` datetime NOT NULL,
  `uid` char(36) COLLATE utf8_unicode_ci NOT NULL DEFAULT '0',
  PRIMARY KEY (`id`),
  UNIQUE KEY `craft_assetsources_name_unq_idx` (`name`),
  UNIQUE KEY `craft_assetsources_handle_unq_idx` (`handle`),
  KEY `craft_assetsources_fieldLayoutId_fk` (`fieldLayoutId`)
) ENGINE=InnoDB AUTO_INCREMENT=5 DEFAULT CHARSET=utf8 COLLATE=utf8_unicode_ci;

--
-- Data for table `craft_assetsources`
--

INSERT INTO `craft_assetsources` (`id`, `name`, `handle`, `type`, `settings`, `sortOrder`, `fieldLayoutId`, `dateCreated`, `dateUpdated`, `uid`) VALUES
 ('3', 'Portfolio Images', 'portfolioImages', 'Local', '{\"path\":\"assets\\/images\\/portfolio\\/\",\"publicURLs\":\"1\",\"url\":\"http:\\/\\/localhost\\/assets\\/images\\/\"}', '1', '24', '2016-06-04 15:17:44', '2016-06-04 17:00:15', '04af72b3-8694-4138-821d-e3440d5a812a'),
 ('4', 'Images', 'images', 'Local', '{\"path\":\"assets\\/images\\/\",\"publicURLs\":\"1\",\"url\":\"http:\\/\\/localhost\\/assets\\/images\\/\"}', '2', '26', '2016-06-04 17:36:01', '2016-06-04 17:36:42', '8c84822a-77f4-4977-9473-7b8abf19ba25');



DROP TABLE IF EXISTS `craft_assettransformindex`;


--
-- Schema for table `craft_assettransformindex`
--
CREATE TABLE `craft_assettransformindex` (
  `id` int(11) NOT NULL AUTO_INCREMENT,
  `fileId` int(11) NOT NULL,
  `filename` varchar(255) COLLATE utf8_unicode_ci DEFAULT NULL,
  `format` varchar(255) COLLATE utf8_unicode_ci DEFAULT NULL,
  `location` varchar(255) COLLATE utf8_unicode_ci NOT NULL,
  `sourceId` int(11) DEFAULT NULL,
  `fileExists` tinyint(1) DEFAULT NULL,
  `inProgress` tinyint(1) DEFAULT NULL,
  `dateIndexed` datetime DEFAULT NULL,
  `dateCreated` datetime NOT NULL,
  `dateUpdated` datetime NOT NULL,
  `uid` char(36) COLLATE utf8_unicode_ci NOT NULL DEFAULT '0',
  PRIMARY KEY (`id`),
  KEY `craft_assettransformindex_sourceId_fileId_location_idx` (`sourceId`,`fileId`,`location`)
) ENGINE=InnoDB DEFAULT CHARSET=utf8 COLLATE=utf8_unicode_ci;

DROP TABLE IF EXISTS `craft_assettransforms`;


--
-- Schema for table `craft_assettransforms`
--
CREATE TABLE `craft_assettransforms` (
  `id` int(11) NOT NULL AUTO_INCREMENT,
  `name` varchar(255) COLLATE utf8_unicode_ci NOT NULL,
  `handle` varchar(255) COLLATE utf8_unicode_ci NOT NULL,
  `mode` enum('stretch','fit','crop') COLLATE utf8_unicode_ci NOT NULL DEFAULT 'crop',
  `position` enum('top-left','top-center','top-right','center-left','center-center','center-right','bottom-left','bottom-center','bottom-right') COLLATE utf8_unicode_ci NOT NULL DEFAULT 'center-center',
  `height` int(10) DEFAULT NULL,
  `width` int(10) DEFAULT NULL,
  `format` varchar(255) COLLATE utf8_unicode_ci DEFAULT NULL,
  `quality` int(10) DEFAULT NULL,
  `dimensionChangeTime` datetime DEFAULT NULL,
  `dateCreated` datetime NOT NULL,
  `dateUpdated` datetime NOT NULL,
  `uid` char(36) COLLATE utf8_unicode_ci NOT NULL DEFAULT '0',
  PRIMARY KEY (`id`),
  UNIQUE KEY `craft_assettransforms_name_unq_idx` (`name`),
  UNIQUE KEY `craft_assettransforms_handle_unq_idx` (`handle`)
) ENGINE=InnoDB AUTO_INCREMENT=2 DEFAULT CHARSET=utf8 COLLATE=utf8_unicode_ci;

--
-- Data for table `craft_assettransforms`
--

INSERT INTO `craft_assettransforms` (`id`, `name`, `handle`, `mode`, `position`, `height`, `width`, `format`, `quality`, `dimensionChangeTime`, `dateCreated`, `dateUpdated`, `uid`) VALUES
 ('1', 'Portfolio Item', 'portfolioItem', 'fit', 'center-center', '220', '440', NULL, NULL, '2016-06-04 16:20:29', '2016-06-04 16:20:29', '2016-06-04 16:20:29', '99f874b6-bc91-441d-805d-f0e412539d72');



DROP TABLE IF EXISTS `craft_categories`;


--
-- Schema for table `craft_categories`
--
CREATE TABLE `craft_categories` (
  `id` int(11) NOT NULL,
  `groupId` int(11) NOT NULL,
  `dateCreated` datetime NOT NULL,
  `dateUpdated` datetime NOT NULL,
  `uid` char(36) COLLATE utf8_unicode_ci NOT NULL DEFAULT '0',
  PRIMARY KEY (`id`),
  KEY `craft_categories_groupId_fk` (`groupId`)
) ENGINE=InnoDB DEFAULT CHARSET=utf8 COLLATE=utf8_unicode_ci;

DROP TABLE IF EXISTS `craft_categorygroups`;


--
-- Schema for table `craft_categorygroups`
--
CREATE TABLE `craft_categorygroups` (
  `id` int(11) NOT NULL AUTO_INCREMENT,
  `structureId` int(11) NOT NULL,
  `fieldLayoutId` int(11) DEFAULT NULL,
  `name` varchar(255) COLLATE utf8_unicode_ci NOT NULL,
  `handle` varchar(255) COLLATE utf8_unicode_ci NOT NULL,
  `hasUrls` tinyint(1) unsigned NOT NULL DEFAULT '1',
  `template` varchar(500) COLLATE utf8_unicode_ci DEFAULT NULL,
  `dateCreated` datetime NOT NULL,
  `dateUpdated` datetime NOT NULL,
  `uid` char(36) COLLATE utf8_unicode_ci NOT NULL DEFAULT '0',
  PRIMARY KEY (`id`),
  UNIQUE KEY `craft_categorygroups_name_unq_idx` (`name`),
  UNIQUE KEY `craft_categorygroups_handle_unq_idx` (`handle`),
  KEY `craft_categorygroups_structureId_fk` (`structureId`),
  KEY `craft_categorygroups_fieldLayoutId_fk` (`fieldLayoutId`)
) ENGINE=InnoDB DEFAULT CHARSET=utf8 COLLATE=utf8_unicode_ci;

DROP TABLE IF EXISTS `craft_categorygroups_i18n`;


--
-- Schema for table `craft_categorygroups_i18n`
--
CREATE TABLE `craft_categorygroups_i18n` (
  `id` int(11) NOT NULL AUTO_INCREMENT,
  `groupId` int(11) NOT NULL,
  `locale` char(12) COLLATE utf8_unicode_ci NOT NULL,
  `urlFormat` text COLLATE utf8_unicode_ci,
  `nestedUrlFormat` text COLLATE utf8_unicode_ci,
  `dateCreated` datetime NOT NULL,
  `dateUpdated` datetime NOT NULL,
  `uid` char(36) COLLATE utf8_unicode_ci NOT NULL DEFAULT '0',
  PRIMARY KEY (`id`),
  UNIQUE KEY `craft_categorygroups_i18n_groupId_locale_unq_idx` (`groupId`,`locale`),
  KEY `craft_categorygroups_i18n_locale_fk` (`locale`)
) ENGINE=InnoDB DEFAULT CHARSET=utf8 COLLATE=utf8_unicode_ci;

DROP TABLE IF EXISTS `craft_content`;


--
-- Schema for table `craft_content`
--
CREATE TABLE `craft_content` (
  `id` int(11) NOT NULL AUTO_INCREMENT,
  `elementId` int(11) NOT NULL,
  `locale` char(12) COLLATE utf8_unicode_ci NOT NULL,
  `title` varchar(255) COLLATE utf8_unicode_ci DEFAULT NULL,
  `field_body` text COLLATE utf8_unicode_ci,
  `field_projectTitle` text COLLATE utf8_unicode_ci,
  `field_role` text COLLATE utf8_unicode_ci,
  `field_technologies` text COLLATE utf8_unicode_ci,
  `dateCreated` datetime NOT NULL,
  `dateUpdated` datetime NOT NULL,
  `uid` char(36) COLLATE utf8_unicode_ci NOT NULL DEFAULT '0',
  PRIMARY KEY (`id`),
  UNIQUE KEY `craft_content_elementId_locale_unq_idx` (`elementId`,`locale`),
  KEY `craft_content_title_idx` (`title`),
  KEY `craft_content_locale_fk` (`locale`)
) ENGINE=InnoDB AUTO_INCREMENT=86 DEFAULT CHARSET=utf8 COLLATE=utf8_unicode_ci;

--
-- Data for table `craft_content`
--

INSERT INTO `craft_content` (`id`, `elementId`, `locale`, `title`, `field_body`, `field_projectTitle`, `field_role`, `field_technologies`, `dateCreated`, `dateUpdated`, `uid`) VALUES
 ('1', '1', 'en_us', NULL, NULL, NULL, NULL, NULL, '2016-06-02 16:01:32', '2016-06-02 16:01:32', '05e79e9e-4d9a-4de8-9d01-9594c0df0fef'),
 ('2', '2', 'en_us', 'Welcome to Localhost!', '<p>It’s true, this site doesn’t have a whole lot of content yet, but don’t worry. Our web developers have just installed the CMS, and they’re setting things up for the content editors this very moment. Soon Localhost will be an oasis of fresh perspectives, sharp analyses, and astute opinions that will keep you coming back again and again.</p>', NULL, NULL, NULL, '2016-06-02 16:01:34', '2016-06-02 16:01:34', '86561460-bd31-48f7-8195-51a83dcead30'),
 ('3', '3', 'en_us', 'We just installed Craft!', '<p>Craft is the CMS that’s powering Localhost. It’s beautiful, powerful, flexible, and easy-to-use, and it’s made by Pixel &amp; Tonic. We can’t wait to dive in and see what it’s capable of!</p><!--pagebreak--><p>This is even more captivating content, which you couldn’t see on the News index page because it was entered after a Page Break, and the News index template only likes to show the content on the first page.</p><p>Craft: a nice alternative to Word, if you’re making a website.</p>', NULL, NULL, NULL, '2016-06-02 16:01:34', '2016-06-02 16:01:34', 'fd789395-538f-447f-bf81-b6a970d11790'),
 ('18', '18', 'en_us', 'Nascar Footer', NULL, NULL, NULL, NULL, '2016-06-04 17:01:25', '2016-06-05 20:30:20', 'e36ca93a-6b22-4c75-a6d2-d1c453c36f8d'),
 ('19', '19', 'en_us', 'Nascar', NULL, NULL, NULL, NULL, '2016-06-04 17:01:33', '2016-06-05 20:30:21', '3b3ac65b-46c5-4250-9b4a-dff97162965c'),
 ('20', '20', 'en_us', 'Nascigs', NULL, NULL, NULL, NULL, '2016-06-04 17:01:40', '2016-06-05 20:30:21', '7e843d83-884c-4222-ba87-16a6b5e97796'),
 ('21', '21', 'en_us', 'Patches', NULL, NULL, NULL, NULL, '2016-06-04 17:01:45', '2016-06-05 20:30:21', '595ad73b-19e9-409e-94ef-ac76ec222cae'),
 ('22', '22', 'en_us', 'Placeholder', NULL, NULL, NULL, NULL, '2016-06-04 17:01:53', '2016-06-05 20:30:21', '3002b4c6-63aa-45f4-a3f5-79fc4a5efdb6'),
 ('23', '23', 'en_us', 'Racebar', NULL, NULL, NULL, NULL, '2016-06-04 17:01:58', '2016-06-05 20:30:21', '7b2e4d0f-beea-4f7e-a41d-047d088ce378'),
 ('24', '24', 'en_us', 'Raceview', NULL, NULL, NULL, NULL, '2016-06-04 17:02:04', '2016-06-05 20:30:21', 'c88749db-3a53-4dbf-98d4-04e27ac7e041'),
 ('25', '25', 'en_us', 'Redkamel', NULL, NULL, NULL, NULL, '2016-06-04 17:02:17', '2016-06-05 20:30:21', '61c9e485-080e-40a3-b22e-eaba7f88f123'),
 ('26', '26', 'en_us', 'Restore390', NULL, NULL, NULL, NULL, '2016-06-04 17:02:32', '2016-06-05 20:30:21', '033fc225-4112-490d-8370-bb7116a8017d'),
 ('27', '27', 'en_us', 'Search4Records', NULL, NULL, NULL, NULL, '2016-06-04 17:02:41', '2016-06-05 20:30:22', '63234838-da5c-4a60-95cb-3bb0f911b147'),
 ('28', '28', 'en_us', 'Sfntc', NULL, NULL, NULL, NULL, '2016-06-04 17:02:50', '2016-06-05 20:30:22', 'e991ca99-dac2-49e9-a915-d8122fa594b7'),
 ('29', '29', 'en_us', 'Snus', NULL, NULL, NULL, NULL, '2016-06-04 17:02:57', '2016-06-05 20:30:22', '440a9a63-f307-43b5-8340-c72d416dc332'),
 ('30', '30', 'en_us', 'T4T390', NULL, NULL, NULL, NULL, '2016-06-04 17:03:03', '2016-06-05 20:30:22', 'c37be990-f928-4433-b1df-c50d45e019d7'),
 ('42', '42', 'en_us', 'Nascar Footer', NULL, NULL, NULL, NULL, '2016-06-04 17:37:09', '2016-06-05 20:30:24', '92048253-4a18-4151-9ec0-cee5b5fceecf'),
 ('43', '43', 'en_us', 'Nascar', NULL, NULL, NULL, NULL, '2016-06-04 17:37:09', '2016-06-05 20:30:24', 'e667d9e1-cf84-43c9-876f-8abf17ad1fad'),
 ('44', '44', 'en_us', 'Nascigs', NULL, NULL, NULL, NULL, '2016-06-04 17:37:09', '2016-06-05 20:30:24', 'aad39e8a-318b-4287-972c-37fce962bbfb'),
 ('45', '45', 'en_us', 'Patches', NULL, NULL, NULL, NULL, '2016-06-04 17:37:09', '2016-06-05 20:30:25', '66f83d76-b959-4980-b9e7-98224fcc7db1'),
 ('46', '46', 'en_us', 'Placeholder', NULL, NULL, NULL, NULL, '2016-06-04 17:37:09', '2016-06-05 20:30:25', '0e102447-73c4-49f2-9fb5-64c32efe933d'),
 ('47', '47', 'en_us', 'Racebar', NULL, NULL, NULL, NULL, '2016-06-04 17:37:10', '2016-06-05 20:30:25', '4ef9a5fa-7af2-46d5-baf4-c2ace736f240'),
 ('48', '48', 'en_us', 'Raceview', NULL, NULL, NULL, NULL, '2016-06-04 17:37:10', '2016-06-05 20:30:25', 'c55bdf66-7183-460b-b488-5efc42be2515'),
 ('49', '49', 'en_us', 'Redkamel', NULL, NULL, NULL, NULL, '2016-06-04 17:37:10', '2016-06-05 20:30:25', '4d0bd258-b109-4289-aefe-61849bf5755b'),
 ('50', '50', 'en_us', 'Restore390', NULL, NULL, NULL, NULL, '2016-06-04 17:37:10', '2016-06-05 20:30:25', '0a31ed3e-356d-4297-a08c-b84e9d4469e2'),
 ('51', '51', 'en_us', 'Search4Records', NULL, NULL, NULL, NULL, '2016-06-04 17:37:10', '2016-06-05 20:30:25', '641366a9-6232-4089-9c3b-0c6b72daf2e9'),
 ('52', '52', 'en_us', 'Sfntc', NULL, NULL, NULL, NULL, '2016-06-04 17:37:10', '2016-06-05 20:30:25', '90e8aa63-bee1-4f3e-bd81-f0da57398724'),
 ('53', '53', 'en_us', 'Snus', NULL, NULL, NULL, NULL, '2016-06-04 17:37:10', '2016-06-05 20:30:25', '46c0ee2b-cdcd-416a-9759-bcff694286c7'),
 ('54', '54', 'en_us', 'T4T390', NULL, NULL, NULL, NULL, '2016-06-04 17:37:10', '2016-06-05 20:30:26', '704cdc5a-14b2-47d3-9237-5ff612f04860'),
 ('55', '55', 'en_us', 'Bd 390', NULL, NULL, NULL, NULL, '2016-06-04 17:39:12', '2016-06-05 20:30:19', '19d3f5c7-7212-49c4-bc84-9b013eed7410'),
 ('56', '56', 'en_us', 'Bd 390', NULL, NULL, NULL, NULL, '2016-06-04 17:39:39', '2016-06-05 20:30:23', '78b073ec-1853-49e9-880a-0f94e1a47bc1'),
 ('57', '57', 'en_us', 'Camel', NULL, NULL, NULL, NULL, '2016-06-04 17:40:06', '2016-06-05 20:30:19', 'ea2aa7b5-440f-4c31-bd6e-0cc2767229c5'),
 ('58', '58', 'en_us', 'Campari', NULL, NULL, NULL, NULL, '2016-06-04 17:41:21', '2016-06-05 20:30:20', 'e57f42b5-6ea9-4a84-9515-907333ad7021'),
 ('59', '59', 'en_us', 'Capsulestory', NULL, NULL, NULL, NULL, '2016-06-04 17:41:27', '2016-06-05 20:30:20', 'b0699478-8392-4d53-9f78-3bcc42fed44a'),
 ('60', '60', 'en_us', 'Codykresta', NULL, NULL, NULL, NULL, '2016-06-04 17:43:35', '2016-06-05 20:30:20', '668e6d1d-e59e-4ffc-8e96-8ea6bf7c6977'),
 ('61', '61', 'en_us', 'Discover Sc', NULL, NULL, NULL, NULL, '2016-06-04 17:43:42', '2016-06-05 20:30:20', '8e7650d9-fbe2-415d-b32a-cd89a8e60fb0'),
 ('62', '62', 'en_us', 'Ggb', NULL, NULL, NULL, NULL, '2016-06-04 17:43:48', '2016-06-05 20:30:19', '50876ad2-3c23-42f4-98ec-efce7f7369cc'),
 ('63', '63', 'en_us', 'Inside Groove', NULL, NULL, NULL, NULL, '2016-06-04 17:44:20', '2016-06-05 20:30:20', 'a7d974be-b8a4-4ad9-94a9-5accfa930280'),
 ('64', '64', 'en_us', 'Liveplayer', NULL, NULL, NULL, NULL, '2016-06-04 17:44:32', '2016-06-05 20:30:20', '8947d725-772e-4d76-be77-90b39753d6dd'),
 ('65', '65', 'en_us', 'Logstolumber', NULL, NULL, NULL, NULL, '2016-06-04 17:45:07', '2016-06-05 20:30:20', '00177adb-fcba-4415-93c1-5f9da77dbdae'),
 ('66', '66', 'en_us', 'Melloyello', NULL, NULL, NULL, NULL, '2016-06-04 17:45:12', '2016-06-05 20:30:20', 'c4f3357f-bf16-4451-a569-6598781e608a'),
 ('67', '67', 'en_us', 'Digital Repeater', NULL, NULL, NULL, NULL, '2016-06-04 17:46:18', '2016-06-05 20:30:23', '61a411eb-e4b5-4165-a834-cd4bcf27dec5'),
 ('68', '68', 'en_us', 'Digital Top', NULL, NULL, NULL, NULL, '2016-06-04 17:46:25', '2016-06-05 20:30:22', '712bb36a-391a-4c03-a5e8-fd5840568059'),
 ('69', '69', 'en_us', 'Logo', NULL, NULL, NULL, NULL, '2016-06-04 17:46:30', '2016-06-05 20:30:22', '2e6d0039-ed7d-404e-b9df-bf295d3918a0'),
 ('70', '70', 'en_us', 'Threads', NULL, NULL, NULL, NULL, '2016-06-04 17:46:39', '2016-06-05 20:30:26', '357c8056-379a-407e-9d9f-429bce867187'),
 ('71', '71', 'en_us', 'Mark', NULL, NULL, NULL, NULL, '2016-06-04 17:46:45', '2016-06-05 20:30:22', 'eeeeb04e-2551-4bef-966c-503966f636f3'),
 ('72', '72', 'en_us', 'Tothetop', NULL, NULL, NULL, NULL, '2016-06-04 17:46:50', '2016-06-05 20:30:26', '891c89ef-cb7e-4b3c-b156-d8d05dffb3a2'),
 ('73', '73', 'en_us', 'We\'re Adding a New Portfolio Page to the CMS', '<p>Pulled a classic when I deleted a folder without grabbing a DB backup. How you may ask? Transitioning from a PC to a Mac and thoroughly believed I backed that bad boy up. </p>', NULL, NULL, NULL, '2016-06-05 20:23:09', '2016-06-05 20:24:54', '72df5415-cca7-45b7-a852-20723767f87d'),
 ('74', '74', 'en_us', 'Mobile Logo', NULL, NULL, NULL, NULL, '2016-06-05 20:30:23', '2016-06-05 20:30:23', 'e14620dd-22cd-4ec8-9c63-bd82c078334e'),
 ('75', '75', 'en_us', 'Ggb', NULL, NULL, NULL, NULL, '2016-06-05 20:30:23', '2016-06-05 20:30:23', 'aad0c589-c587-4d36-9a9c-264f0a04d908'),
 ('76', '76', 'en_us', 'Camel', NULL, NULL, NULL, NULL, '2016-06-05 20:30:23', '2016-06-05 20:30:23', '1d343f4e-c6e5-4cf8-9842-5a5bf7512bb6'),
 ('77', '77', 'en_us', 'Campari', NULL, NULL, NULL, NULL, '2016-06-05 20:30:23', '2016-06-05 20:30:23', '5a04e2bb-c32e-4bec-a312-451378b99f07'),
 ('78', '78', 'en_us', 'Capsulestory', NULL, NULL, NULL, NULL, '2016-06-05 20:30:23', '2016-06-05 20:30:23', 'c0c7ca6f-1f4b-42f2-bfb4-ee49850a8c0a'),
 ('79', '79', 'en_us', 'Codykresta', NULL, NULL, NULL, NULL, '2016-06-05 20:30:23', '2016-06-05 20:30:23', 'aac1efd4-6c25-4709-bbd5-d911de98e9e5'),
 ('80', '80', 'en_us', 'Discover Sc', NULL, NULL, NULL, NULL, '2016-06-05 20:30:24', '2016-06-05 20:30:24', '04f43014-eefc-4d07-94b4-f50f65335070'),
 ('81', '81', 'en_us', 'Inside Groove', NULL, NULL, NULL, NULL, '2016-06-05 20:30:24', '2016-06-05 20:30:24', '2fbd3edd-9949-4d0c-abee-ad0ee6f455a6'),
 ('82', '82', 'en_us', 'Liveplayer', NULL, NULL, NULL, NULL, '2016-06-05 20:30:24', '2016-06-05 20:30:24', 'b59bd884-4160-4dcc-bd22-803a1f16afe3'),
 ('83', '83', 'en_us', 'Logstolumber', NULL, NULL, NULL, NULL, '2016-06-05 20:30:24', '2016-06-05 20:30:24', '35d7838a-3330-43a3-ae4c-b00a4f4f19a4'),
 ('84', '84', 'en_us', 'Melloyello', NULL, NULL, NULL, NULL, '2016-06-05 20:30:24', '2016-06-05 20:30:24', 'e3a7a9eb-e912-4962-b0b9-940007893699'),
 ('85', '85', 'en_us', 'INSIDE GROOVE', NULL, 'Inside Groove', 'Front-End Web Developer', 'HTML5, CSS2/3, Js/jQuery', '2016-06-06 01:14:52', '2016-06-06 01:14:52', '7e06aadd-8046-4763-8092-84dcca920747');



DROP TABLE IF EXISTS `craft_deprecationerrors`;


--
-- Schema for table `craft_deprecationerrors`
--
CREATE TABLE `craft_deprecationerrors` (
  `id` int(11) NOT NULL AUTO_INCREMENT,
  `key` varchar(255) COLLATE utf8_unicode_ci NOT NULL,
  `fingerprint` varchar(255) COLLATE utf8_unicode_ci NOT NULL,
  `lastOccurrence` datetime NOT NULL,
  `file` varchar(255) COLLATE utf8_unicode_ci NOT NULL,
  `line` smallint(6) unsigned NOT NULL,
  `class` varchar(255) COLLATE utf8_unicode_ci DEFAULT NULL,
  `method` varchar(255) COLLATE utf8_unicode_ci DEFAULT NULL,
  `template` varchar(255) COLLATE utf8_unicode_ci DEFAULT NULL,
  `templateLine` smallint(6) unsigned DEFAULT NULL,
  `message` varchar(255) COLLATE utf8_unicode_ci DEFAULT NULL,
  `traces` text COLLATE utf8_unicode_ci,
  `dateCreated` datetime NOT NULL,
  `dateUpdated` datetime NOT NULL,
  `uid` char(36) COLLATE utf8_unicode_ci NOT NULL DEFAULT '0',
  PRIMARY KEY (`id`),
  UNIQUE KEY `craft_deprecationerrors_key_fingerprint_unq_idx` (`key`,`fingerprint`)
) ENGINE=InnoDB DEFAULT CHARSET=utf8 COLLATE=utf8_unicode_ci;

DROP TABLE IF EXISTS `craft_elementindexsettings`;


--
-- Schema for table `craft_elementindexsettings`
--
CREATE TABLE `craft_elementindexsettings` (
  `id` int(11) NOT NULL AUTO_INCREMENT,
  `type` varchar(150) COLLATE utf8_unicode_ci NOT NULL,
  `settings` text COLLATE utf8_unicode_ci,
  `dateCreated` datetime NOT NULL,
  `dateUpdated` datetime NOT NULL,
  `uid` char(36) COLLATE utf8_unicode_ci NOT NULL DEFAULT '0',
  PRIMARY KEY (`id`),
  UNIQUE KEY `craft_elementindexsettings_type_unq_idx` (`type`)
) ENGINE=InnoDB AUTO_INCREMENT=3 DEFAULT CHARSET=utf8 COLLATE=utf8_unicode_ci;

--
-- Data for table `craft_elementindexsettings`
--

INSERT INTO `craft_elementindexsettings` (`id`, `type`, `settings`, `dateCreated`, `dateUpdated`, `uid`) VALUES
 ('1', 'Asset', '{\"sources\":{\"folder:6\":{\"tableAttributes\":{\"1\":\"filename\",\"2\":\"size\",\"3\":\"dateModified\",\"4\":\"imageSize\"}}}}', '2016-06-04 02:54:44', '2016-06-04 16:55:45', 'f21b8069-8e5e-43e1-b339-a2b3f2b43492'),
 ('2', 'Entry', '{\"sources\":{\"section:3\":{\"tableAttributes\":{\"1\":\"postDate\",\"2\":\"expiryDate\",\"3\":\"link\",\"4\":\"dateCreated\",\"5\":\"field:4\",\"6\":\"field:3\"}}}}', '2016-06-04 02:56:00', '2016-06-04 02:56:00', 'cc265c49-c33c-4619-bb47-12590459c6b1');



DROP TABLE IF EXISTS `craft_elements`;


--
-- Schema for table `craft_elements`
--
CREATE TABLE `craft_elements` (
  `id` int(11) NOT NULL AUTO_INCREMENT,
  `type` varchar(150) COLLATE utf8_unicode_ci NOT NULL,
  `enabled` tinyint(1) unsigned NOT NULL DEFAULT '1',
  `archived` tinyint(1) unsigned NOT NULL DEFAULT '0',
  `dateCreated` datetime NOT NULL,
  `dateUpdated` datetime NOT NULL,
  `uid` char(36) COLLATE utf8_unicode_ci NOT NULL DEFAULT '0',
  PRIMARY KEY (`id`),
  KEY `craft_elements_type_idx` (`type`),
  KEY `craft_elements_enabled_idx` (`enabled`),
  KEY `craft_elements_archived_dateCreated_idx` (`archived`,`dateCreated`)
) ENGINE=InnoDB AUTO_INCREMENT=86 DEFAULT CHARSET=utf8 COLLATE=utf8_unicode_ci;

--
-- Data for table `craft_elements`
--

INSERT INTO `craft_elements` (`id`, `type`, `enabled`, `archived`, `dateCreated`, `dateUpdated`, `uid`) VALUES
 ('1', 'User', '1', '0', '2016-06-02 16:01:32', '2016-06-02 16:01:32', '63bf8d87-fb86-4c48-aa0d-ac55be550809'),
 ('2', 'Entry', '1', '0', '2016-06-02 16:01:34', '2016-06-02 16:01:34', 'eeece991-ab9c-41c4-8e34-b2f2209d3dcb'),
 ('3', 'Entry', '1', '0', '2016-06-02 16:01:34', '2016-06-02 16:01:34', 'fa3e1eed-90c6-466b-a04e-c3f73ea08573'),
 ('18', 'Asset', '1', '0', '2016-06-04 17:01:25', '2016-06-05 20:30:20', '161a7953-4558-4593-8bef-9f1f829213c6'),
 ('19', 'Asset', '1', '0', '2016-06-04 17:01:33', '2016-06-05 20:30:21', 'fcc05fcf-5833-4ca8-9329-8ae2fa8f67d2'),
 ('20', 'Asset', '1', '0', '2016-06-04 17:01:40', '2016-06-05 20:30:21', 'b8ddc0c7-1511-4957-9939-80ba2e09e37c'),
 ('21', 'Asset', '1', '0', '2016-06-04 17:01:45', '2016-06-05 20:30:21', '00668b2d-e32b-4af6-a475-dc3f0e25ac9e'),
 ('22', 'Asset', '1', '0', '2016-06-04 17:01:53', '2016-06-05 20:30:21', '9595661c-0f81-4809-be52-b34f8d46e89b'),
 ('23', 'Asset', '1', '0', '2016-06-04 17:01:58', '2016-06-05 20:30:21', 'd96fcc2c-a954-4563-bdd6-86c7a229990d'),
 ('24', 'Asset', '1', '0', '2016-06-04 17:02:04', '2016-06-05 20:30:21', 'a4c63325-45f6-4687-a137-39b233c5a034'),
 ('25', 'Asset', '1', '0', '2016-06-04 17:02:17', '2016-06-05 20:30:21', 'a5ef7d9e-8788-4c67-955d-2bebbedf01d6'),
 ('26', 'Asset', '1', '0', '2016-06-04 17:02:32', '2016-06-05 20:30:21', '11d27ca5-2a88-411c-80be-10ad59765d3c'),
 ('27', 'Asset', '1', '0', '2016-06-04 17:02:41', '2016-06-05 20:30:22', 'fe9ecbf0-ad17-473a-a3d3-c35da371fa9d'),
 ('28', 'Asset', '1', '0', '2016-06-04 17:02:50', '2016-06-05 20:30:22', '3e1c22d1-2f00-43df-bade-bb0ae5838e8c'),
 ('29', 'Asset', '1', '0', '2016-06-04 17:02:57', '2016-06-05 20:30:22', '036d96f4-190b-43f9-81a9-acea78df3fb3'),
 ('30', 'Asset', '1', '0', '2016-06-04 17:03:03', '2016-06-05 20:30:22', '76b9b5ae-0a87-4d70-ab61-99f231ef9e78'),
 ('42', 'Asset', '1', '0', '2016-06-04 17:37:09', '2016-06-05 20:30:24', '0f778ce0-1c48-4c16-9c50-6e89802d7e96'),
 ('43', 'Asset', '1', '0', '2016-06-04 17:37:09', '2016-06-05 20:30:24', 'f43601c1-20e7-49e0-b477-62632fbe713c'),
 ('44', 'Asset', '1', '0', '2016-06-04 17:37:09', '2016-06-05 20:30:24', 'd905c850-13d0-428b-928f-7c3f3520e226'),
 ('45', 'Asset', '1', '0', '2016-06-04 17:37:09', '2016-06-05 20:30:25', '503a8d10-1a4c-4a5b-9dae-96a3fa7346a6'),
 ('46', 'Asset', '1', '0', '2016-06-04 17:37:09', '2016-06-05 20:30:25', '8af61820-3942-4c71-b8f7-cd0cc0042946'),
 ('47', 'Asset', '1', '0', '2016-06-04 17:37:10', '2016-06-05 20:30:25', '7c832ea0-ba45-4939-995b-a4ba0c135bb4'),
 ('48', 'Asset', '1', '0', '2016-06-04 17:37:10', '2016-06-05 20:30:25', '8a2a72c5-8737-42d2-b7f9-99b036437c48'),
 ('49', 'Asset', '1', '0', '2016-06-04 17:37:10', '2016-06-05 20:30:25', 'e3e77cce-0f89-433d-8a42-3b5f4f7c3485'),
 ('50', 'Asset', '1', '0', '2016-06-04 17:37:10', '2016-06-05 20:30:25', 'c1762a06-be3f-4807-a34b-a430034b13e0'),
 ('51', 'Asset', '1', '0', '2016-06-04 17:37:10', '2016-06-05 20:30:25', '8eb48ad9-bb2b-4ea7-b5ef-b5c667ad4c28'),
 ('52', 'Asset', '1', '0', '2016-06-04 17:37:10', '2016-06-05 20:30:25', 'c3e33511-0f0b-4b7b-897b-2099ff563a89'),
 ('53', 'Asset', '1', '0', '2016-06-04 17:37:10', '2016-06-05 20:30:25', 'e83c5b01-269d-4070-af38-fdc9818a6fb4'),
 ('54', 'Asset', '1', '0', '2016-06-04 17:37:10', '2016-06-05 20:30:26', 'a9e6d8ef-fa96-4c8e-b48a-a319296ebe95'),
 ('55', 'Asset', '1', '0', '2016-06-04 17:39:12', '2016-06-05 20:30:19', '73dcd8a5-ff91-4ad3-b3a9-fff13553e471'),
 ('56', 'Asset', '1', '0', '2016-06-04 17:39:39', '2016-06-05 20:30:23', '0b84fd29-c451-499e-9b67-dfaa84012c16'),
 ('57', 'Asset', '1', '0', '2016-06-04 17:40:06', '2016-06-05 20:30:19', '8e828999-734e-424d-96b7-e94d6a8dc87a'),
 ('58', 'Asset', '1', '0', '2016-06-04 17:41:21', '2016-06-05 20:30:20', 'f4e2511b-7740-47c2-8e82-22b1d15d6924'),
 ('59', 'Asset', '1', '0', '2016-06-04 17:41:27', '2016-06-05 20:30:20', 'd58a7c43-788b-4491-bb12-d12da936d0f3'),
 ('60', 'Asset', '1', '0', '2016-06-04 17:43:35', '2016-06-05 20:30:20', '0317d00d-d9cd-449a-b161-787e8b4bb4b0'),
 ('61', 'Asset', '1', '0', '2016-06-04 17:43:42', '2016-06-05 20:30:20', 'fdf2bc2c-00b0-453a-951b-08ffa02a43cf'),
 ('62', 'Asset', '1', '0', '2016-06-04 17:43:48', '2016-06-05 20:30:19', 'fcb83569-3659-4a62-94e1-c89ca4ec35ce'),
 ('63', 'Asset', '1', '0', '2016-06-04 17:44:20', '2016-06-05 20:30:20', 'c576622f-106f-426d-b45e-8d76caae6252'),
 ('64', 'Asset', '1', '0', '2016-06-04 17:44:32', '2016-06-05 20:30:20', '3bbb7014-4ecc-412b-9f92-b87a361a3c80'),
 ('65', 'Asset', '1', '0', '2016-06-04 17:45:07', '2016-06-05 20:30:20', '3cddfe74-9704-4898-8d82-7adfbd9ca4d9'),
 ('66', 'Asset', '1', '0', '2016-06-04 17:45:12', '2016-06-05 20:30:20', '6ca19c82-f2d8-4185-b982-c5c66e3172cc'),
 ('67', 'Asset', '1', '0', '2016-06-04 17:46:18', '2016-06-05 20:30:23', 'db2b4a80-ccf3-4d31-8257-336ef201e94a'),
 ('68', 'Asset', '1', '0', '2016-06-04 17:46:25', '2016-06-05 20:30:22', 'd38dc572-7ac0-40a0-9918-54e6bc2c0d94'),
 ('69', 'Asset', '1', '0', '2016-06-04 17:46:30', '2016-06-05 20:30:22', 'c255b9f2-11b1-4a8c-8a6c-9b1604aaceb5'),
 ('70', 'Asset', '1', '0', '2016-06-04 17:46:39', '2016-06-05 20:30:26', '08b99219-75b1-4dd4-b0a3-815a95fa3590'),
 ('71', 'Asset', '1', '0', '2016-06-04 17:46:45', '2016-06-05 20:30:22', 'd1023679-0567-4b71-b843-b897db4d8700'),
 ('72', 'Asset', '1', '0', '2016-06-04 17:46:50', '2016-06-05 20:30:26', '367f6c85-4b24-46d0-922b-b669c38004ab'),
 ('73', 'Entry', '1', '0', '2016-06-05 20:23:09', '2016-06-05 20:24:54', 'd065d97e-39b3-4f1a-83d8-d4a3db183fa1'),
 ('74', 'Asset', '1', '0', '2016-06-05 20:30:23', '2016-06-05 20:30:23', '89b0d2c5-3b49-466f-aa18-36ef2b2b6558'),
 ('75', 'Asset', '1', '0', '2016-06-05 20:30:23', '2016-06-05 20:30:23', 'c0490e8a-1f50-44b9-bc8c-4639d3e55426'),
 ('76', 'Asset', '1', '0', '2016-06-05 20:30:23', '2016-06-05 20:30:23', '6bee13ad-389f-405b-83fd-5acdceabb742'),
 ('77', 'Asset', '1', '0', '2016-06-05 20:30:23', '2016-06-05 20:30:23', 'c30f5a12-4f97-4026-b75e-9c74b08caad4'),
 ('78', 'Asset', '1', '0', '2016-06-05 20:30:23', '2016-06-05 20:30:23', 'e52af0b1-52bb-42be-b3af-53e7f8f4a99c'),
 ('79', 'Asset', '1', '0', '2016-06-05 20:30:23', '2016-06-05 20:30:23', 'df7f657a-fb9d-425a-b446-2dc8b1582a0c'),
 ('80', 'Asset', '1', '0', '2016-06-05 20:30:24', '2016-06-05 20:30:24', 'ea539296-8fbd-40be-85f3-089b85c91dba'),
 ('81', 'Asset', '1', '0', '2016-06-05 20:30:24', '2016-06-05 20:30:24', '5e5b6940-9ffe-4ce1-b091-0a93a5863050'),
 ('82', 'Asset', '1', '0', '2016-06-05 20:30:24', '2016-06-05 20:30:24', '52246fc9-9c95-4bba-8331-39def1a41b75'),
 ('83', 'Asset', '1', '0', '2016-06-05 20:30:24', '2016-06-05 20:30:24', '896f2681-8192-4a48-a71d-31ba99438181'),
 ('84', 'Asset', '1', '0', '2016-06-05 20:30:24', '2016-06-05 20:30:24', '5c7d32d1-db2a-45fe-b1ec-9ad5cd93194f'),
 ('85', 'Entry', '1', '0', '2016-06-06 01:14:52', '2016-06-06 01:14:52', '43d079c3-6a3a-4c8a-82a7-ce6f2eb6a274');



DROP TABLE IF EXISTS `craft_elements_i18n`;


--
-- Schema for table `craft_elements_i18n`
--
CREATE TABLE `craft_elements_i18n` (
  `id` int(11) NOT NULL AUTO_INCREMENT,
  `elementId` int(11) NOT NULL,
  `locale` char(12) COLLATE utf8_unicode_ci NOT NULL,
  `slug` varchar(255) COLLATE utf8_unicode_ci DEFAULT NULL,
  `uri` varchar(255) COLLATE utf8_unicode_ci DEFAULT NULL,
  `enabled` tinyint(1) unsigned NOT NULL DEFAULT '1',
  `dateCreated` datetime NOT NULL,
  `dateUpdated` datetime NOT NULL,
  `uid` char(36) COLLATE utf8_unicode_ci NOT NULL DEFAULT '0',
  PRIMARY KEY (`id`),
  UNIQUE KEY `craft_elements_i18n_elementId_locale_unq_idx` (`elementId`,`locale`),
  UNIQUE KEY `craft_elements_i18n_uri_locale_unq_idx` (`uri`,`locale`),
  KEY `craft_elements_i18n_slug_locale_idx` (`slug`,`locale`),
  KEY `craft_elements_i18n_enabled_idx` (`enabled`),
  KEY `craft_elements_i18n_locale_fk` (`locale`)
) ENGINE=InnoDB AUTO_INCREMENT=86 DEFAULT CHARSET=utf8 COLLATE=utf8_unicode_ci;

--
-- Data for table `craft_elements_i18n`
--

INSERT INTO `craft_elements_i18n` (`id`, `elementId`, `locale`, `slug`, `uri`, `enabled`, `dateCreated`, `dateUpdated`, `uid`) VALUES
 ('1', '1', 'en_us', '', NULL, '1', '2016-06-02 16:01:32', '2016-06-02 16:01:32', '6e51f4a0-5e16-49f4-9534-dea20b73677c'),
 ('2', '2', 'en_us', 'homepage', '__home__', '1', '2016-06-02 16:01:34', '2016-06-02 16:01:34', 'e8d52263-fbbb-4420-9057-4450549a088f'),
 ('3', '3', 'en_us', 'we-just-installed-craft', 'news/2016/we-just-installed-craft', '1', '2016-06-02 16:01:34', '2016-06-02 16:01:34', 'c701882b-1a51-4592-8fc6-3dad868d0a0f'),
 ('18', '18', 'en_us', 'nascar-footer', NULL, '1', '2016-06-04 17:01:25', '2016-06-05 20:30:20', 'e82b692f-c8d8-4dab-8fa7-e1df9335c022'),
 ('19', '19', 'en_us', 'nascar', NULL, '1', '2016-06-04 17:01:33', '2016-06-05 20:30:21', 'bff6ca37-50cb-474d-9329-7a03802d33d4'),
 ('20', '20', 'en_us', 'nascigs', NULL, '1', '2016-06-04 17:01:40', '2016-06-05 20:30:21', 'f3526003-aec9-4617-b76c-b4785b0af91f'),
 ('21', '21', 'en_us', 'patches', NULL, '1', '2016-06-04 17:01:45', '2016-06-05 20:30:21', 'f893161f-2f7e-48e9-b8a3-a7f24c8faffd'),
 ('22', '22', 'en_us', 'placeholder', NULL, '1', '2016-06-04 17:01:53', '2016-06-05 20:30:21', '9ace8145-1d58-41db-a4b8-d8d2d612d467'),
 ('23', '23', 'en_us', 'racebar', NULL, '1', '2016-06-04 17:01:58', '2016-06-05 20:30:21', 'd15076e4-51dd-40b0-90c6-4d67a0b23e45'),
 ('24', '24', 'en_us', 'raceview', NULL, '1', '2016-06-04 17:02:04', '2016-06-05 20:30:21', '9a844c62-1a87-498f-a67b-757de658fc88'),
 ('25', '25', 'en_us', 'redkamel', NULL, '1', '2016-06-04 17:02:17', '2016-06-05 20:30:21', 'bcbba10b-eae2-497b-9521-23207387c736'),
 ('26', '26', 'en_us', 'restore390', NULL, '1', '2016-06-04 17:02:32', '2016-06-05 20:30:21', 'b4594406-5f2c-43d1-9789-50d88f94fbac'),
 ('27', '27', 'en_us', 'search4records', NULL, '1', '2016-06-04 17:02:41', '2016-06-05 20:30:22', 'dd4032a8-f5a3-41bf-9424-47cbfb6fb199'),
 ('28', '28', 'en_us', 'sfntc', NULL, '1', '2016-06-04 17:02:50', '2016-06-05 20:30:22', '6c055b70-64be-439b-8c28-c45aa6c96a61'),
 ('29', '29', 'en_us', 'snus', NULL, '1', '2016-06-04 17:02:57', '2016-06-05 20:30:22', 'e8259b17-fd3c-42ce-af33-5dd8b4c19d50'),
 ('30', '30', 'en_us', 't4t390', NULL, '1', '2016-06-04 17:03:03', '2016-06-05 20:30:22', 'd7637812-3877-4cb4-809c-723835d5cb0f'),
 ('42', '42', 'en_us', 'nascar-footer', NULL, '1', '2016-06-04 17:37:09', '2016-06-05 20:30:24', '69beefdc-2870-49df-840b-1e859c59bad2'),
 ('43', '43', 'en_us', 'nascar', NULL, '1', '2016-06-04 17:37:09', '2016-06-05 20:30:24', '22f74971-b33d-40ec-8cf3-9385991e0b6e'),
 ('44', '44', 'en_us', 'nascigs', NULL, '1', '2016-06-04 17:37:09', '2016-06-05 20:30:24', '188838fd-d177-4d6c-a496-239c463f0e83'),
 ('45', '45', 'en_us', 'patches', NULL, '1', '2016-06-04 17:37:09', '2016-06-05 20:30:25', '2c57fde2-5faf-49f6-b454-e0bdbf249f83'),
 ('46', '46', 'en_us', 'placeholder', NULL, '1', '2016-06-04 17:37:09', '2016-06-05 20:30:25', '42186353-c026-47d0-8a78-9c069801d29a'),
 ('47', '47', 'en_us', 'racebar', NULL, '1', '2016-06-04 17:37:10', '2016-06-05 20:30:25', '045e66ea-dd2b-4656-b96d-47a99ebe70e6'),
 ('48', '48', 'en_us', 'raceview', NULL, '1', '2016-06-04 17:37:10', '2016-06-05 20:30:25', '34772ff2-5627-4873-87b3-af97b4e11f15'),
 ('49', '49', 'en_us', 'redkamel', NULL, '1', '2016-06-04 17:37:10', '2016-06-05 20:30:25', 'f32db2b7-9c80-43e5-a441-d38c096d8c57'),
 ('50', '50', 'en_us', 'restore390', NULL, '1', '2016-06-04 17:37:10', '2016-06-05 20:30:25', '53d7cd80-0633-4d12-ad06-147cc626040c'),
 ('51', '51', 'en_us', 'search4records', NULL, '1', '2016-06-04 17:37:10', '2016-06-05 20:30:25', 'b26048aa-a423-45ee-a6eb-4a77947f683a'),
 ('52', '52', 'en_us', 'sfntc', NULL, '1', '2016-06-04 17:37:10', '2016-06-05 20:30:25', '8e30af1d-8433-433b-b8b2-5897bf13bc6c'),
 ('53', '53', 'en_us', 'snus', NULL, '1', '2016-06-04 17:37:10', '2016-06-05 20:30:26', '0ab886fd-fa77-42ad-b881-8d3d0b778cf7'),
 ('54', '54', 'en_us', 't4t390', NULL, '1', '2016-06-04 17:37:10', '2016-06-05 20:30:26', '016a34b5-cc62-4e19-884b-b8d9311075f0'),
 ('55', '55', 'en_us', 'bd-390', NULL, '1', '2016-06-04 17:39:12', '2016-06-05 20:30:19', '0b9a30e4-34b8-494a-8b1e-9d3f9ead4fda'),
 ('56', '56', 'en_us', 'bd-390', NULL, '1', '2016-06-04 17:39:39', '2016-06-05 20:30:23', '0afd7b2a-cbbe-4f38-ab9f-883521dd0552'),
 ('57', '57', 'en_us', 'camel', NULL, '1', '2016-06-04 17:40:06', '2016-06-05 20:30:19', 'b101f13f-675b-46f4-8c85-f861b4acbea0'),
 ('58', '58', 'en_us', 'campari', NULL, '1', '2016-06-04 17:41:21', '2016-06-05 20:30:20', '715777e5-171c-4266-af3e-c8fd1222d96c'),
 ('59', '59', 'en_us', 'capsulestory', NULL, '1', '2016-06-04 17:41:27', '2016-06-05 20:30:20', 'afc3c47a-5cdd-4f80-972f-9c09903330bb'),
 ('60', '60', 'en_us', 'codykresta', NULL, '1', '2016-06-04 17:43:35', '2016-06-05 20:30:20', '77248839-143d-4ff3-8fdf-4212ffcb73ce'),
 ('61', '61', 'en_us', 'discover-sc', NULL, '1', '2016-06-04 17:43:42', '2016-06-05 20:30:20', 'b45b66a2-fc26-444a-b79c-dfd4007a1002'),
 ('62', '62', 'en_us', 'ggb', NULL, '1', '2016-06-04 17:43:48', '2016-06-05 20:30:19', '2d6dd462-8810-45fe-8f86-b212fad2ca71'),
 ('63', '63', 'en_us', 'inside-groove', NULL, '1', '2016-06-04 17:44:20', '2016-06-05 20:30:20', '1b9a61d9-44b6-4d95-aa17-4b158f3583a8'),
 ('64', '64', 'en_us', 'liveplayer', NULL, '1', '2016-06-04 17:44:32', '2016-06-05 20:30:20', '4f8e3f96-e0d5-4dc0-b031-0e2dfa2ef224'),
 ('65', '65', 'en_us', 'logstolumber', NULL, '1', '2016-06-04 17:45:07', '2016-06-05 20:30:20', '7c737913-e53e-43ed-b244-a0caaeb4cc49'),
 ('66', '66', 'en_us', 'melloyello', NULL, '1', '2016-06-04 17:45:12', '2016-06-05 20:30:20', '0397dad5-494b-4c2d-b136-9ac790558c32'),
 ('67', '67', 'en_us', 'digital-repeater', NULL, '1', '2016-06-04 17:46:18', '2016-06-05 20:30:23', '26759c51-78f1-4b80-8318-64d68243c6b8'),
 ('68', '68', 'en_us', 'digital-top', NULL, '1', '2016-06-04 17:46:25', '2016-06-05 20:30:22', '2f60accc-d1a8-4b25-bc93-5810e8a4e932'),
 ('69', '69', 'en_us', 'logo', NULL, '1', '2016-06-04 17:46:30', '2016-06-05 20:30:22', '086a5d98-5130-4d71-8195-51a2fefd3344'),
 ('70', '70', 'en_us', 'threads', NULL, '1', '2016-06-04 17:46:39', '2016-06-05 20:30:26', '03d0c0d0-a36d-45ea-ab13-1ca6a34f7f34'),
 ('71', '71', 'en_us', 'mark', NULL, '1', '2016-06-04 17:46:45', '2016-06-05 20:30:22', 'a7e024fd-5a77-47d1-b77d-12c1d3e7c149'),
 ('72', '72', 'en_us', 'tothetop', NULL, '1', '2016-06-04 17:46:50', '2016-06-05 20:30:26', '9302bf9b-9a96-4ecb-9335-12d50c8090e6'),
 ('73', '73', 'en_us', 'were-adding-a-new-portfolio-page-to-the-cms', 'news/2016/were-adding-a-new-portfolio-page-to-the-cms', '1', '2016-06-05 20:23:09', '2016-06-05 20:24:54', 'ca226c2c-750b-4b8b-9bee-17c953cc9cb2'),
 ('74', '74', 'en_us', 'mobile-logo', NULL, '1', '2016-06-05 20:30:23', '2016-06-05 20:30:23', '1ad0dbdb-cef9-468f-996d-f474f683e288'),
 ('75', '75', 'en_us', 'ggb', NULL, '1', '2016-06-05 20:30:23', '2016-06-05 20:30:23', 'c652e3ef-9cb6-4e4d-abcd-37e7649a40b5'),
 ('76', '76', 'en_us', 'camel', NULL, '1', '2016-06-05 20:30:23', '2016-06-05 20:30:23', '2326a439-c7d3-49dc-bd34-4f77ae676be3'),
 ('77', '77', 'en_us', 'campari', NULL, '1', '2016-06-05 20:30:23', '2016-06-05 20:30:23', '149766f9-3a40-4ec1-91ef-2423efb38848'),
 ('78', '78', 'en_us', 'capsulestory', NULL, '1', '2016-06-05 20:30:23', '2016-06-05 20:30:23', '9108f745-5b4d-4fd0-a730-df1fe6d7ca47'),
 ('79', '79', 'en_us', 'codykresta', NULL, '1', '2016-06-05 20:30:23', '2016-06-05 20:30:23', '09c2a6c4-5801-469e-9b0e-9765dbd97b53'),
 ('80', '80', 'en_us', 'discover-sc', NULL, '1', '2016-06-05 20:30:24', '2016-06-05 20:30:24', '2907bf38-a8aa-4d60-9d51-2a0d2b28b603'),
 ('81', '81', 'en_us', 'inside-groove', NULL, '1', '2016-06-05 20:30:24', '2016-06-05 20:30:24', '71a40a31-2951-40f4-9e86-2123c14d1eb9'),
 ('82', '82', 'en_us', 'liveplayer', NULL, '1', '2016-06-05 20:30:24', '2016-06-05 20:30:24', '1d6b3236-a598-44ba-8d6b-28b361c813c1'),
 ('83', '83', 'en_us', 'logstolumber', NULL, '1', '2016-06-05 20:30:24', '2016-06-05 20:30:24', 'eaa557b3-eea8-43f6-8a39-02360c809a0b'),
 ('84', '84', 'en_us', 'melloyello', NULL, '1', '2016-06-05 20:30:24', '2016-06-05 20:30:24', 'f0b3ae15-04dc-443f-91cc-4011caf0afa9'),
 ('85', '85', 'en_us', 'inside-groove', 'portfolio/inside-groove', '1', '2016-06-06 01:14:52', '2016-06-06 01:14:52', '1003a3b2-2ae5-456f-8ad8-11bb0ba9be52');



DROP TABLE IF EXISTS `craft_emailmessages`;


--
-- Schema for table `craft_emailmessages`
--
CREATE TABLE `craft_emailmessages` (
  `id` int(11) NOT NULL AUTO_INCREMENT,
  `key` char(150) COLLATE utf8_unicode_ci NOT NULL,
  `locale` char(12) COLLATE utf8_unicode_ci NOT NULL,
  `subject` varchar(1000) COLLATE utf8_unicode_ci NOT NULL,
  `body` text COLLATE utf8_unicode_ci NOT NULL,
  `dateCreated` datetime NOT NULL,
  `dateUpdated` datetime NOT NULL,
  `uid` char(36) COLLATE utf8_unicode_ci NOT NULL DEFAULT '0',
  PRIMARY KEY (`id`),
  UNIQUE KEY `craft_emailmessages_key_locale_unq_idx` (`key`,`locale`),
  KEY `craft_emailmessages_locale_fk` (`locale`)
) ENGINE=InnoDB DEFAULT CHARSET=utf8 COLLATE=utf8_unicode_ci;

DROP TABLE IF EXISTS `craft_entries`;


--
-- Schema for table `craft_entries`
--
CREATE TABLE `craft_entries` (
  `id` int(11) NOT NULL,
  `sectionId` int(11) NOT NULL,
  `typeId` int(11) DEFAULT NULL,
  `authorId` int(11) DEFAULT NULL,
  `postDate` datetime DEFAULT NULL,
  `expiryDate` datetime DEFAULT NULL,
  `dateCreated` datetime NOT NULL,
  `dateUpdated` datetime NOT NULL,
  `uid` char(36) COLLATE utf8_unicode_ci NOT NULL DEFAULT '0',
  PRIMARY KEY (`id`),
  KEY `craft_entries_sectionId_idx` (`sectionId`),
  KEY `craft_entries_typeId_idx` (`typeId`),
  KEY `craft_entries_postDate_idx` (`postDate`),
  KEY `craft_entries_expiryDate_idx` (`expiryDate`),
  KEY `craft_entries_authorId_fk` (`authorId`)
) ENGINE=InnoDB DEFAULT CHARSET=utf8 COLLATE=utf8_unicode_ci;

--
-- Data for table `craft_entries`
--

INSERT INTO `craft_entries` (`id`, `sectionId`, `typeId`, `authorId`, `postDate`, `expiryDate`, `dateCreated`, `dateUpdated`, `uid`) VALUES
 ('2', '1', NULL, NULL, '2016-06-02 16:01:34', NULL, '2016-06-02 16:01:34', '2016-06-02 16:01:34', 'aea3ffe5-2c8b-42ac-ba11-0d5f19f2dbf4'),
 ('3', '2', '2', '1', '2016-06-02 16:01:34', NULL, '2016-06-02 16:01:34', '2016-06-02 16:01:34', '7d20e304-9226-47f5-9551-1a2e1f40fd06'),
 ('73', '2', '2', '1', '2016-06-05 20:23:00', NULL, '2016-06-05 20:23:09', '2016-06-05 20:24:54', '64b11f51-d365-4e6a-936a-fa8c5a29d4c5'),
 ('85', '3', '6', '1', '2016-06-06 01:14:52', NULL, '2016-06-06 01:14:52', '2016-06-06 01:14:52', 'adff3980-9fad-41c8-8ca3-ee63bef0841d');



DROP TABLE IF EXISTS `craft_entrydrafts`;


--
-- Schema for table `craft_entrydrafts`
--
CREATE TABLE `craft_entrydrafts` (
  `id` int(11) NOT NULL AUTO_INCREMENT,
  `entryId` int(11) NOT NULL,
  `sectionId` int(11) NOT NULL,
  `creatorId` int(11) NOT NULL,
  `locale` char(12) COLLATE utf8_unicode_ci NOT NULL,
  `name` varchar(255) COLLATE utf8_unicode_ci NOT NULL,
  `notes` tinytext COLLATE utf8_unicode_ci,
  `data` mediumtext COLLATE utf8_unicode_ci NOT NULL,
  `dateCreated` datetime NOT NULL,
  `dateUpdated` datetime NOT NULL,
  `uid` char(36) COLLATE utf8_unicode_ci NOT NULL DEFAULT '0',
  PRIMARY KEY (`id`),
  KEY `craft_entrydrafts_entryId_locale_idx` (`entryId`,`locale`),
  KEY `craft_entrydrafts_sectionId_fk` (`sectionId`),
  KEY `craft_entrydrafts_creatorId_fk` (`creatorId`),
  KEY `craft_entrydrafts_locale_fk` (`locale`)
) ENGINE=InnoDB DEFAULT CHARSET=utf8 COLLATE=utf8_unicode_ci;

DROP TABLE IF EXISTS `craft_entrytypes`;


--
-- Schema for table `craft_entrytypes`
--
CREATE TABLE `craft_entrytypes` (
  `id` int(11) NOT NULL AUTO_INCREMENT,
  `sectionId` int(11) NOT NULL,
  `fieldLayoutId` int(11) DEFAULT NULL,
  `name` varchar(255) COLLATE utf8_unicode_ci NOT NULL,
  `handle` varchar(255) COLLATE utf8_unicode_ci NOT NULL,
  `hasTitleField` tinyint(1) unsigned NOT NULL DEFAULT '1',
  `titleLabel` varchar(255) COLLATE utf8_unicode_ci DEFAULT 'Title',
  `titleFormat` varchar(255) COLLATE utf8_unicode_ci DEFAULT NULL,
  `sortOrder` smallint(6) unsigned DEFAULT NULL,
  `dateCreated` datetime NOT NULL,
  `dateUpdated` datetime NOT NULL,
  `uid` char(36) COLLATE utf8_unicode_ci NOT NULL DEFAULT '0',
  PRIMARY KEY (`id`),
  UNIQUE KEY `craft_entrytypes_name_sectionId_unq_idx` (`name`,`sectionId`),
  UNIQUE KEY `craft_entrytypes_handle_sectionId_unq_idx` (`handle`,`sectionId`),
  KEY `craft_entrytypes_sectionId_fk` (`sectionId`),
  KEY `craft_entrytypes_fieldLayoutId_fk` (`fieldLayoutId`)
) ENGINE=InnoDB AUTO_INCREMENT=10 DEFAULT CHARSET=utf8 COLLATE=utf8_unicode_ci;

--
-- Data for table `craft_entrytypes`
--

INSERT INTO `craft_entrytypes` (`id`, `sectionId`, `fieldLayoutId`, `name`, `handle`, `hasTitleField`, `titleLabel`, `titleFormat`, `sortOrder`, `dateCreated`, `dateUpdated`, `uid`) VALUES
 ('1', '1', '3', 'Homepage', 'homepage', '1', 'Title', NULL, NULL, '2016-06-02 16:01:34', '2016-06-02 16:01:34', '513b4efc-ce5a-41de-8e19-de386b86a43f'),
 ('2', '2', '5', 'News', 'news', '1', 'Title', NULL, NULL, '2016-06-02 16:01:34', '2016-06-02 16:01:34', '4143023a-ccc4-4245-8645-c9c91bf84d34'),
 ('6', '3', '10', 'Portfolio', 'portfolio', '1', 'Title', NULL, NULL, '2016-06-02 23:20:44', '2016-06-04 02:35:41', 'b600f01d-f412-443f-b8b4-ed148899e611'),
 ('7', '4', '27', 'NASCAR', 'nascar', '1', 'Title', NULL, NULL, '2016-06-06 02:07:04', '2016-06-06 02:07:04', 'd259addc-88b1-4cdb-b166-a22aa9091edc'),
 ('8', '5', '28', 'BFG', 'bfg', '1', 'Title', NULL, NULL, '2016-06-06 02:07:52', '2016-06-06 02:07:52', '0543a165-4557-4a4f-b374-6b6844519e0a'),
 ('9', '6', '29', 'Freelance', 'freelance', '1', 'Title', NULL, NULL, '2016-06-06 02:08:13', '2016-06-06 02:08:13', 'aebc4cda-0bf9-41dd-9ab3-fe45d7183337');



DROP TABLE IF EXISTS `craft_entryversions`;


--
-- Schema for table `craft_entryversions`
--
CREATE TABLE `craft_entryversions` (
  `id` int(11) NOT NULL AUTO_INCREMENT,
  `entryId` int(11) NOT NULL,
  `sectionId` int(11) NOT NULL,
  `creatorId` int(11) DEFAULT NULL,
  `locale` char(12) COLLATE utf8_unicode_ci NOT NULL,
  `num` smallint(6) unsigned NOT NULL,
  `notes` tinytext COLLATE utf8_unicode_ci,
  `data` mediumtext COLLATE utf8_unicode_ci NOT NULL,
  `dateCreated` datetime NOT NULL,
  `dateUpdated` datetime NOT NULL,
  `uid` char(36) COLLATE utf8_unicode_ci NOT NULL DEFAULT '0',
  PRIMARY KEY (`id`),
  KEY `craft_entryversions_entryId_locale_idx` (`entryId`,`locale`),
  KEY `craft_entryversions_sectionId_fk` (`sectionId`),
  KEY `craft_entryversions_creatorId_fk` (`creatorId`),
  KEY `craft_entryversions_locale_fk` (`locale`)
) ENGINE=InnoDB AUTO_INCREMENT=11 DEFAULT CHARSET=utf8 COLLATE=utf8_unicode_ci;

--
-- Data for table `craft_entryversions`
--

INSERT INTO `craft_entryversions` (`id`, `entryId`, `sectionId`, `creatorId`, `locale`, `num`, `notes`, `data`, `dateCreated`, `dateUpdated`, `uid`) VALUES
 ('1', '2', '1', '1', 'en_us', '1', NULL, '{\"typeId\":\"1\",\"authorId\":null,\"title\":\"Homepage\",\"slug\":\"homepage\",\"postDate\":1464883294,\"expiryDate\":null,\"enabled\":1,\"parentId\":null,\"fields\":[]}', '2016-06-02 16:01:34', '2016-06-02 16:01:34', '484e8191-841f-490c-ab51-76abcd608ed5'),
 ('2', '2', '1', '1', 'en_us', '2', NULL, '{\"typeId\":null,\"authorId\":null,\"title\":\"Welcome to Localhost!\",\"slug\":\"homepage\",\"postDate\":1464883294,\"expiryDate\":null,\"enabled\":\"1\",\"parentId\":null,\"fields\":{\"1\":\"<p>It\\u2019s true, this site doesn\\u2019t have a whole lot of content yet, but don\\u2019t worry. Our web developers have just installed the CMS, and they\\u2019re setting things up for the content editors this very moment. Soon Localhost will be an oasis of fresh perspectives, sharp analyses, and astute opinions that will keep you coming back again and again.<\\/p>\"}}', '2016-06-02 16:01:34', '2016-06-02 16:01:34', '4054c55c-5a21-4be3-af5b-1d99cb18872c'),
 ('3', '3', '2', '1', 'en_us', '1', NULL, '{\"typeId\":\"2\",\"authorId\":\"1\",\"title\":\"We just installed Craft!\",\"slug\":\"we-just-installed-craft\",\"postDate\":1464883294,\"expiryDate\":null,\"enabled\":1,\"parentId\":null,\"fields\":[]}', '2016-06-02 16:01:34', '2016-06-02 16:01:34', '483f803e-87fb-4f2a-8cb3-71e91208e74d'),
 ('8', '73', '2', '1', 'en_us', '1', '', '{\"typeId\":null,\"authorId\":\"1\",\"title\":\"We\'re Adding a New Portfolio Page to the CMS\",\"slug\":\"were-adding-a-new-portfolio-page-to-the-cms\",\"postDate\":1465158189,\"expiryDate\":null,\"enabled\":1,\"parentId\":null,\"fields\":{\"1\":\"<p>Pulled a classic when I deleted a folder without grabbing a DB backup so let\'s see how this goes.<\\/p>\",\"2\":\"\"}}', '2016-06-05 20:23:09', '2016-06-05 20:23:09', '7325e495-a2c4-4c65-904e-9b116c9648d6'),
 ('9', '73', '2', '1', 'en_us', '2', '', '{\"typeId\":\"2\",\"authorId\":\"1\",\"title\":\"We\'re Adding a New Portfolio Page to the CMS\",\"slug\":\"were-adding-a-new-portfolio-page-to-the-cms\",\"postDate\":1465158180,\"expiryDate\":null,\"enabled\":1,\"parentId\":null,\"fields\":{\"1\":\"<p>Pulled a classic when I deleted a folder without grabbing a DB backup. How you may ask? Transitioning from a PC to a Mac and thoroughly believed I backed that bad boy up.&nbsp;<\\/p>\",\"2\":\"\"}}', '2016-06-05 20:24:54', '2016-06-05 20:24:54', 'c87fc3de-1c4f-4c72-ac92-74846faddd72'),
 ('10', '85', '3', '1', 'en_us', '1', '', '{\"typeId\":null,\"authorId\":\"1\",\"title\":\"INSIDE GROOVE\",\"slug\":\"inside-groove\",\"postDate\":1465175692,\"expiryDate\":null,\"enabled\":1,\"parentId\":null,\"fields\":{\"4\":\"\",\"3\":\"Inside Groove\",\"5\":\"Front-End Web Developer\",\"6\":\"HTML5, CSS2\\/3, Js\\/jQuery\"}}', '2016-06-06 01:14:52', '2016-06-06 01:14:52', '14299a6c-46a4-4fd8-bd8c-653f898545a6');



DROP TABLE IF EXISTS `craft_fieldgroups`;


--
-- Schema for table `craft_fieldgroups`
--
CREATE TABLE `craft_fieldgroups` (
  `id` int(11) NOT NULL AUTO_INCREMENT,
  `name` varchar(255) COLLATE utf8_unicode_ci NOT NULL,
  `dateCreated` datetime NOT NULL,
  `dateUpdated` datetime NOT NULL,
  `uid` char(36) COLLATE utf8_unicode_ci NOT NULL DEFAULT '0',
  PRIMARY KEY (`id`),
  UNIQUE KEY `craft_fieldgroups_name_unq_idx` (`name`)
) ENGINE=InnoDB AUTO_INCREMENT=3 DEFAULT CHARSET=utf8 COLLATE=utf8_unicode_ci;

--
-- Data for table `craft_fieldgroups`
--

INSERT INTO `craft_fieldgroups` (`id`, `name`, `dateCreated`, `dateUpdated`, `uid`) VALUES
 ('1', 'Default', '2016-06-02 16:01:34', '2016-06-02 16:01:34', 'd53de8ce-be5d-47f9-a3db-0e78e6537e2b'),
 ('2', 'Portfolio', '2016-06-04 02:06:59', '2016-06-04 02:06:59', '2017ef6f-9948-4d84-8e00-c03c5a1bd570');



DROP TABLE IF EXISTS `craft_fieldlayoutfields`;


--
-- Schema for table `craft_fieldlayoutfields`
--
CREATE TABLE `craft_fieldlayoutfields` (
  `id` int(11) NOT NULL AUTO_INCREMENT,
  `layoutId` int(11) NOT NULL,
  `tabId` int(11) NOT NULL,
  `fieldId` int(11) NOT NULL,
  `required` tinyint(1) unsigned NOT NULL DEFAULT '0',
  `sortOrder` smallint(6) unsigned DEFAULT NULL,
  `dateCreated` datetime NOT NULL,
  `dateUpdated` datetime NOT NULL,
  `uid` char(36) COLLATE utf8_unicode_ci NOT NULL DEFAULT '0',
  PRIMARY KEY (`id`),
  UNIQUE KEY `craft_fieldlayoutfields_layoutId_fieldId_unq_idx` (`layoutId`,`fieldId`),
  KEY `craft_fieldlayoutfields_sortOrder_idx` (`sortOrder`),
  KEY `craft_fieldlayoutfields_tabId_fk` (`tabId`),
  KEY `craft_fieldlayoutfields_fieldId_fk` (`fieldId`)
) ENGINE=InnoDB AUTO_INCREMENT=9 DEFAULT CHARSET=utf8 COLLATE=utf8_unicode_ci;

--
-- Data for table `craft_fieldlayoutfields`
--

INSERT INTO `craft_fieldlayoutfields` (`id`, `layoutId`, `tabId`, `fieldId`, `required`, `sortOrder`, `dateCreated`, `dateUpdated`, `uid`) VALUES
 ('1', '3', '1', '1', '1', '1', '2016-06-02 16:01:34', '2016-06-02 16:01:34', '3cdce621-903f-439d-91e1-f98035cacd2a'),
 ('2', '5', '2', '1', '1', '1', '2016-06-02 16:01:34', '2016-06-02 16:01:34', '36558e11-9118-4b48-91e8-609bed1528a6'),
 ('3', '5', '2', '2', '0', '2', '2016-06-02 16:01:34', '2016-06-02 16:01:34', '2f71de3a-8bb2-463c-a896-5336c58c1767'),
 ('4', '10', '3', '4', '0', '1', '2016-06-04 02:35:41', '2016-06-04 02:35:41', 'd09da286-8977-4286-b692-7d78b704ef58'),
 ('5', '10', '3', '3', '0', '2', '2016-06-04 02:35:41', '2016-06-04 02:35:41', 'b1ea2777-847d-49ad-b44b-bb94869abef1'),
 ('6', '10', '3', '5', '0', '3', '2016-06-04 02:35:41', '2016-06-04 02:35:41', 'f50138a2-06ee-48ce-8b48-808e49e8213e'),
 ('7', '10', '3', '6', '0', '4', '2016-06-04 02:35:41', '2016-06-04 02:35:41', '9757b62b-c851-4b90-a068-08ca264857bf'),
 ('8', '12', '4', '4', '0', '1', '2016-06-04 02:45:35', '2016-06-04 02:45:35', '1fb49075-bd16-47f8-bea3-2e299e2d926d');



DROP TABLE IF EXISTS `craft_fieldlayouts`;


--
-- Schema for table `craft_fieldlayouts`
--
CREATE TABLE `craft_fieldlayouts` (
  `id` int(11) NOT NULL AUTO_INCREMENT,
  `type` varchar(150) COLLATE utf8_unicode_ci NOT NULL,
  `dateCreated` datetime NOT NULL,
  `dateUpdated` datetime NOT NULL,
  `uid` char(36) COLLATE utf8_unicode_ci NOT NULL DEFAULT '0',
  PRIMARY KEY (`id`),
  KEY `craft_fieldlayouts_type_idx` (`type`)
) ENGINE=InnoDB AUTO_INCREMENT=30 DEFAULT CHARSET=utf8 COLLATE=utf8_unicode_ci;

--
-- Data for table `craft_fieldlayouts`
--

INSERT INTO `craft_fieldlayouts` (`id`, `type`, `dateCreated`, `dateUpdated`, `uid`) VALUES
 ('1', 'Tag', '2016-06-02 16:01:34', '2016-06-02 16:01:34', '31e5901e-9744-47b4-848f-baba8cf5c2f5'),
 ('3', 'Entry', '2016-06-02 16:01:34', '2016-06-02 16:01:34', '81e2d788-e112-4b2b-be8c-eaa93df9de60'),
 ('5', 'Entry', '2016-06-02 16:01:34', '2016-06-02 16:01:34', 'a9e8bff8-9242-48dc-85e0-f611222a84b3'),
 ('10', 'Entry', '2016-06-04 02:35:41', '2016-06-04 02:35:41', '5397db75-5a4f-457c-b3b5-a615c6d1f345'),
 ('12', 'Asset', '2016-06-04 02:45:35', '2016-06-04 02:45:35', 'a2f2845d-af3a-4534-9c04-bf5902672fa0'),
 ('17', 'Asset', '2016-06-04 15:12:30', '2016-06-04 15:12:30', '5e65f347-3ad2-4076-9fae-c9a322a117e3'),
 ('24', 'Asset', '2016-06-04 17:00:15', '2016-06-04 17:00:15', '566f70d4-7dea-49fc-baad-16eb4c7110c4'),
 ('26', 'Asset', '2016-06-04 17:36:42', '2016-06-04 17:36:42', '3787508b-c4f2-4b48-b946-cd24494629c4'),
 ('27', 'Entry', '2016-06-06 02:07:04', '2016-06-06 02:07:04', 'ddcd7cfa-6c2a-43e8-b511-4dd6023bd6b7'),
 ('28', 'Entry', '2016-06-06 02:07:52', '2016-06-06 02:07:52', 'c6e44adc-8f66-4fea-ab70-63b79ef96120'),
 ('29', 'Entry', '2016-06-06 02:08:13', '2016-06-06 02:08:13', '94ae2a85-3dec-43ca-acdc-f4ee8ec647c3');



DROP TABLE IF EXISTS `craft_fieldlayouttabs`;


--
-- Schema for table `craft_fieldlayouttabs`
--
CREATE TABLE `craft_fieldlayouttabs` (
  `id` int(11) NOT NULL AUTO_INCREMENT,
  `layoutId` int(11) NOT NULL,
  `name` varchar(255) COLLATE utf8_unicode_ci NOT NULL,
  `sortOrder` smallint(6) unsigned DEFAULT NULL,
  `dateCreated` datetime NOT NULL,
  `dateUpdated` datetime NOT NULL,
  `uid` char(36) COLLATE utf8_unicode_ci NOT NULL DEFAULT '0',
  PRIMARY KEY (`id`),
  KEY `craft_fieldlayouttabs_sortOrder_idx` (`sortOrder`),
  KEY `craft_fieldlayouttabs_layoutId_fk` (`layoutId`)
) ENGINE=InnoDB AUTO_INCREMENT=5 DEFAULT CHARSET=utf8 COLLATE=utf8_unicode_ci;

--
-- Data for table `craft_fieldlayouttabs`
--

INSERT INTO `craft_fieldlayouttabs` (`id`, `layoutId`, `name`, `sortOrder`, `dateCreated`, `dateUpdated`, `uid`) VALUES
 ('1', '3', 'Content', '1', '2016-06-02 16:01:34', '2016-06-02 16:01:34', 'a220823d-dd13-416b-8cde-317a2fbea90a'),
 ('2', '5', 'Content', '1', '2016-06-02 16:01:34', '2016-06-02 16:01:34', '911ed999-c51a-4555-966b-bebf9928fd86'),
 ('3', '10', 'Portfolio', '1', '2016-06-04 02:35:41', '2016-06-04 02:35:41', '35a14bd4-0724-4641-ab37-4a0603fdc926'),
 ('4', '12', 'Content', '1', '2016-06-04 02:45:35', '2016-06-04 02:45:35', 'bb5628df-b0d0-49a9-93c3-2f742d4f7545');



DROP TABLE IF EXISTS `craft_fields`;


--
-- Schema for table `craft_fields`
--
CREATE TABLE `craft_fields` (
  `id` int(11) NOT NULL AUTO_INCREMENT,
  `groupId` int(11) DEFAULT NULL,
  `name` varchar(255) COLLATE utf8_unicode_ci NOT NULL,
  `handle` varchar(58) COLLATE utf8_unicode_ci NOT NULL,
  `context` varchar(255) COLLATE utf8_unicode_ci NOT NULL DEFAULT 'global',
  `instructions` text COLLATE utf8_unicode_ci,
  `translatable` tinyint(1) unsigned NOT NULL DEFAULT '0',
  `type` varchar(150) COLLATE utf8_unicode_ci NOT NULL,
  `settings` text COLLATE utf8_unicode_ci,
  `dateCreated` datetime NOT NULL,
  `dateUpdated` datetime NOT NULL,
  `uid` char(36) COLLATE utf8_unicode_ci NOT NULL DEFAULT '0',
  PRIMARY KEY (`id`),
  UNIQUE KEY `craft_fields_handle_context_unq_idx` (`handle`,`context`),
  KEY `craft_fields_context_idx` (`context`),
  KEY `craft_fields_groupId_fk` (`groupId`)
) ENGINE=InnoDB AUTO_INCREMENT=7 DEFAULT CHARSET=utf8 COLLATE=utf8_unicode_ci;

--
-- Data for table `craft_fields`
--

INSERT INTO `craft_fields` (`id`, `groupId`, `name`, `handle`, `context`, `instructions`, `translatable`, `type`, `settings`, `dateCreated`, `dateUpdated`, `uid`) VALUES
 ('1', '1', 'Body', 'body', 'global', NULL, '1', 'RichText', '{\"configFile\":\"Standard.json\",\"columnType\":\"text\"}', '2016-06-02 16:01:34', '2016-06-02 16:01:34', '2cc98ab9-efdd-499f-81d8-b0cd5f2e295e'),
 ('2', '1', 'Tags', 'tags', 'global', NULL, '0', 'Tags', '{\"source\":\"taggroup:1\"}', '2016-06-02 16:01:34', '2016-06-02 16:01:34', 'ffa755fb-85a4-4920-9cb8-1a87566f5954'),
 ('3', '2', 'Project Title', 'projectTitle', 'global', '', '0', 'PlainText', '{\"placeholder\":\"\",\"maxLength\":\"\",\"multiline\":\"\",\"initialRows\":\"4\"}', '2016-06-04 02:10:20', '2016-06-04 02:10:20', 'b6634ef8-3371-4873-a93c-62a4b6acb12b'),
 ('4', '2', 'Project Image', 'projectImage', 'global', '', '0', 'Assets', '{\"useSingleFolder\":\"1\",\"defaultUploadLocationSubpath\":\"\",\"singleUploadLocationSubpath\":\"assets\\/images\",\"restrictFiles\":\"1\",\"allowedKinds\":[\"image\"],\"limit\":\"1\",\"viewMode\":\"large\",\"selectionLabel\":\"Add an image\"}', '2016-06-04 02:12:20', '2016-06-04 02:12:20', '46a4164a-620a-4a8d-83e2-e52876d18034'),
 ('5', '2', 'Role', 'role', 'global', '', '0', 'PlainText', '{\"placeholder\":\"\",\"maxLength\":\"\",\"multiline\":\"\",\"initialRows\":\"4\"}', '2016-06-04 02:12:51', '2016-06-04 02:12:51', '45b18f31-d8a2-4033-89ec-1bd6e9908d5c'),
 ('6', '2', 'Technologies', 'technologies', 'global', '', '0', 'PlainText', '{\"placeholder\":\"\",\"maxLength\":\"\",\"multiline\":\"\",\"initialRows\":\"4\"}', '2016-06-04 02:14:00', '2016-06-04 02:14:00', '412523fe-7166-4623-b1ba-37f5f0b2e386');



DROP TABLE IF EXISTS `craft_globalsets`;


--
-- Schema for table `craft_globalsets`
--
CREATE TABLE `craft_globalsets` (
  `id` int(11) NOT NULL,
  `name` varchar(255) COLLATE utf8_unicode_ci NOT NULL,
  `handle` varchar(255) COLLATE utf8_unicode_ci NOT NULL,
  `fieldLayoutId` int(10) DEFAULT NULL,
  `dateCreated` datetime NOT NULL,
  `dateUpdated` datetime NOT NULL,
  `uid` char(36) COLLATE utf8_unicode_ci NOT NULL DEFAULT '0',
  PRIMARY KEY (`id`),
  UNIQUE KEY `craft_globalsets_name_unq_idx` (`name`),
  UNIQUE KEY `craft_globalsets_handle_unq_idx` (`handle`),
  KEY `craft_globalsets_fieldLayoutId_fk` (`fieldLayoutId`)
) ENGINE=InnoDB DEFAULT CHARSET=utf8 COLLATE=utf8_unicode_ci;

DROP TABLE IF EXISTS `craft_info`;


--
-- Schema for table `craft_info`
--
CREATE TABLE `craft_info` (
  `id` int(11) NOT NULL AUTO_INCREMENT,
  `version` varchar(15) COLLATE utf8_unicode_ci NOT NULL,
  `build` int(11) unsigned NOT NULL,
  `schemaVersion` varchar(15) COLLATE utf8_unicode_ci NOT NULL,
  `releaseDate` datetime NOT NULL,
  `edition` tinyint(1) unsigned NOT NULL DEFAULT '0',
  `siteName` varchar(100) COLLATE utf8_unicode_ci NOT NULL,
  `siteUrl` varchar(255) COLLATE utf8_unicode_ci NOT NULL,
  `timezone` varchar(30) COLLATE utf8_unicode_ci DEFAULT NULL,
  `on` tinyint(1) unsigned NOT NULL DEFAULT '0',
  `maintenance` tinyint(1) unsigned NOT NULL DEFAULT '0',
  `track` varchar(40) COLLATE utf8_unicode_ci NOT NULL,
  `dateCreated` datetime NOT NULL,
  `dateUpdated` datetime NOT NULL,
  `uid` char(36) COLLATE utf8_unicode_ci NOT NULL DEFAULT '0',
  PRIMARY KEY (`id`)
) ENGINE=InnoDB AUTO_INCREMENT=2 DEFAULT CHARSET=utf8 COLLATE=utf8_unicode_ci;

--
-- Data for table `craft_info`
--

INSERT INTO `craft_info` (`id`, `version`, `build`, `schemaVersion`, `releaseDate`, `edition`, `siteName`, `siteUrl`, `timezone`, `on`, `maintenance`, `track`, `dateCreated`, `dateUpdated`, `uid`) VALUES
 ('1', '2.6', '2789', '2.6.5', '2016-05-26 08:10:05', '0', 'markjmoyer.com', 'http://localhost:8888/', 'UTC', '1', '0', 'stable', '2016-06-02 16:01:30', '2016-06-02 21:50:13', 'f1ba8890-f6c7-449c-b4ec-05d73866f2b8');



DROP TABLE IF EXISTS `craft_locales`;


--
-- Schema for table `craft_locales`
--
CREATE TABLE `craft_locales` (
  `locale` char(12) COLLATE utf8_unicode_ci NOT NULL,
  `sortOrder` smallint(6) unsigned DEFAULT NULL,
  `dateCreated` datetime NOT NULL,
  `dateUpdated` datetime NOT NULL,
  `uid` char(36) COLLATE utf8_unicode_ci NOT NULL DEFAULT '0',
  PRIMARY KEY (`locale`),
  KEY `craft_locales_sortOrder_idx` (`sortOrder`)
) ENGINE=InnoDB DEFAULT CHARSET=utf8 COLLATE=utf8_unicode_ci;

--
-- Data for table `craft_locales`
--

INSERT INTO `craft_locales` (`locale`, `sortOrder`, `dateCreated`, `dateUpdated`, `uid`) VALUES
 ('en_us', '1', '2016-06-02 16:01:30', '2016-06-02 16:01:30', 'f49f94b4-9192-4a00-895a-8cd5e7d5dd99');



DROP TABLE IF EXISTS `craft_matrixblocks`;


--
-- Schema for table `craft_matrixblocks`
--
CREATE TABLE `craft_matrixblocks` (
  `id` int(11) NOT NULL,
  `ownerId` int(11) NOT NULL,
  `fieldId` int(11) NOT NULL,
  `typeId` int(11) DEFAULT NULL,
  `sortOrder` smallint(6) unsigned DEFAULT NULL,
  `ownerLocale` char(12) COLLATE utf8_unicode_ci DEFAULT NULL,
  `dateCreated` datetime NOT NULL,
  `dateUpdated` datetime NOT NULL,
  `uid` char(36) COLLATE utf8_unicode_ci NOT NULL DEFAULT '0',
  PRIMARY KEY (`id`),
  KEY `craft_matrixblocks_ownerId_idx` (`ownerId`),
  KEY `craft_matrixblocks_fieldId_idx` (`fieldId`),
  KEY `craft_matrixblocks_typeId_idx` (`typeId`),
  KEY `craft_matrixblocks_sortOrder_idx` (`sortOrder`),
  KEY `craft_matrixblocks_ownerLocale_fk` (`ownerLocale`)
) ENGINE=InnoDB DEFAULT CHARSET=utf8 COLLATE=utf8_unicode_ci;

DROP TABLE IF EXISTS `craft_matrixblocktypes`;


--
-- Schema for table `craft_matrixblocktypes`
--
CREATE TABLE `craft_matrixblocktypes` (
  `id` int(11) NOT NULL AUTO_INCREMENT,
  `fieldId` int(11) NOT NULL,
  `fieldLayoutId` int(11) DEFAULT NULL,
  `name` varchar(255) COLLATE utf8_unicode_ci NOT NULL,
  `handle` varchar(255) COLLATE utf8_unicode_ci NOT NULL,
  `sortOrder` smallint(6) unsigned DEFAULT NULL,
  `dateCreated` datetime NOT NULL,
  `dateUpdated` datetime NOT NULL,
  `uid` char(36) COLLATE utf8_unicode_ci NOT NULL DEFAULT '0',
  PRIMARY KEY (`id`),
  UNIQUE KEY `craft_matrixblocktypes_name_fieldId_unq_idx` (`name`,`fieldId`),
  UNIQUE KEY `craft_matrixblocktypes_handle_fieldId_unq_idx` (`handle`,`fieldId`),
  KEY `craft_matrixblocktypes_fieldId_fk` (`fieldId`),
  KEY `craft_matrixblocktypes_fieldLayoutId_fk` (`fieldLayoutId`)
) ENGINE=InnoDB DEFAULT CHARSET=utf8 COLLATE=utf8_unicode_ci;

DROP TABLE IF EXISTS `craft_migrations`;


--
-- Schema for table `craft_migrations`
--
CREATE TABLE `craft_migrations` (
  `id` int(11) NOT NULL AUTO_INCREMENT,
  `pluginId` int(11) DEFAULT NULL,
  `version` varchar(255) COLLATE utf8_unicode_ci NOT NULL,
  `applyTime` datetime NOT NULL,
  `dateCreated` datetime NOT NULL,
  `dateUpdated` datetime NOT NULL,
  `uid` char(36) COLLATE utf8_unicode_ci NOT NULL DEFAULT '0',
  PRIMARY KEY (`id`),
  UNIQUE KEY `craft_migrations_version_unq_idx` (`version`),
  KEY `craft_migrations_pluginId_fk` (`pluginId`)
) ENGINE=InnoDB AUTO_INCREMENT=34 DEFAULT CHARSET=utf8 COLLATE=utf8_unicode_ci;

--
-- Data for table `craft_migrations`
--

INSERT INTO `craft_migrations` (`id`, `pluginId`, `version`, `applyTime`, `dateCreated`, `dateUpdated`, `uid`) VALUES
 ('1', NULL, 'm000000_000000_base', '2016-06-02 16:01:30', '2016-06-02 16:01:30', '2016-06-02 16:01:30', '80bdc9ec-7894-458d-bef6-431966e187df'),
 ('2', NULL, 'm140730_000001_add_filename_and_format_to_transformindex', '2016-06-02 16:01:30', '2016-06-02 16:01:30', '2016-06-02 16:01:30', 'b9b231ae-808b-4d83-92c8-64fa0c0c8869'),
 ('3', NULL, 'm140815_000001_add_format_to_transforms', '2016-06-02 16:01:30', '2016-06-02 16:01:30', '2016-06-02 16:01:30', '5b5e35ca-8914-43a8-82f8-38cf5d02fc3b'),
 ('4', NULL, 'm140822_000001_allow_more_than_128_items_per_field', '2016-06-02 16:01:30', '2016-06-02 16:01:30', '2016-06-02 16:01:30', '30213e0d-a08b-4cb4-911a-293619b29181'),
 ('5', NULL, 'm140829_000001_single_title_formats', '2016-06-02 16:01:30', '2016-06-02 16:01:30', '2016-06-02 16:01:30', '14297cf6-10a6-41e4-97a2-dde0168441fd'),
 ('6', NULL, 'm140831_000001_extended_cache_keys', '2016-06-02 16:01:30', '2016-06-02 16:01:30', '2016-06-02 16:01:30', '6f12c432-686f-4c90-9361-d3746635630b'),
 ('7', NULL, 'm140922_000001_delete_orphaned_matrix_blocks', '2016-06-02 16:01:30', '2016-06-02 16:01:30', '2016-06-02 16:01:30', '18284a17-5607-4e9f-af90-0be1c801f8ef'),
 ('8', NULL, 'm141008_000001_elements_index_tune', '2016-06-02 16:01:30', '2016-06-02 16:01:30', '2016-06-02 16:01:30', '87d8e066-0713-41f3-82cd-7633804c2c1f'),
 ('9', NULL, 'm141009_000001_assets_source_handle', '2016-06-02 16:01:30', '2016-06-02 16:01:30', '2016-06-02 16:01:30', '8521e7b5-a587-46ac-b9a2-cf7326f29b56'),
 ('10', NULL, 'm141024_000001_field_layout_tabs', '2016-06-02 16:01:30', '2016-06-02 16:01:30', '2016-06-02 16:01:30', 'c58a45c2-17bb-4d23-b090-1f26a1caa011'),
 ('11', NULL, 'm141030_000000_plugin_schema_versions', '2016-06-02 16:01:30', '2016-06-02 16:01:30', '2016-06-02 16:01:30', '9ee9b97f-fd6d-4f85-ae2d-6c1de4db594e'),
 ('12', NULL, 'm141030_000001_drop_structure_move_permission', '2016-06-02 16:01:30', '2016-06-02 16:01:30', '2016-06-02 16:01:30', '51014135-6dd2-4a3e-99d5-1adfe46b695f'),
 ('13', NULL, 'm141103_000001_tag_titles', '2016-06-02 16:01:30', '2016-06-02 16:01:30', '2016-06-02 16:01:30', 'fddcc92d-db8e-4f56-9cc9-87ec1d2c9e3f'),
 ('14', NULL, 'm141109_000001_user_status_shuffle', '2016-06-02 16:01:30', '2016-06-02 16:01:30', '2016-06-02 16:01:30', '4275eb60-1aa1-4d56-9000-7aea2fa83fa5'),
 ('15', NULL, 'm141126_000001_user_week_start_day', '2016-06-02 16:01:30', '2016-06-02 16:01:30', '2016-06-02 16:01:30', 'f05ecb5d-5c91-4f41-8c59-8dcbb3e2a9da'),
 ('16', NULL, 'm150210_000001_adjust_user_photo_size', '2016-06-02 16:01:30', '2016-06-02 16:01:30', '2016-06-02 16:01:30', '3b55f917-1808-46d1-b87c-fddfdcb49f05'),
 ('17', NULL, 'm150724_000001_adjust_quality_settings', '2016-06-02 16:01:30', '2016-06-02 16:01:30', '2016-06-02 16:01:30', '92c3ddf7-e1b2-46a8-bac1-e65355de182c'),
 ('18', NULL, 'm150827_000000_element_index_settings', '2016-06-02 16:01:30', '2016-06-02 16:01:30', '2016-06-02 16:01:30', 'e6fb47e8-9af1-4268-8f0c-08b9957841a6'),
 ('19', NULL, 'm150918_000001_add_colspan_to_widgets', '2016-06-02 16:01:30', '2016-06-02 16:01:30', '2016-06-02 16:01:30', 'e3760b28-07cb-4235-aeea-7612fc778dfd'),
 ('20', NULL, 'm151007_000000_clear_asset_caches', '2016-06-02 16:01:30', '2016-06-02 16:01:30', '2016-06-02 16:01:30', 'b13fb289-ad7e-49db-88f2-6bced7918465'),
 ('21', NULL, 'm151109_000000_text_url_formats', '2016-06-02 16:01:30', '2016-06-02 16:01:30', '2016-06-02 16:01:30', '915b2061-8581-4b77-b921-43512e2caf1c'),
 ('22', NULL, 'm151110_000000_move_logo', '2016-06-02 16:01:30', '2016-06-02 16:01:30', '2016-06-02 16:01:30', 'afc81908-ab45-493a-bc53-24eb8a020c2e'),
 ('23', NULL, 'm151117_000000_adjust_image_widthheight', '2016-06-02 16:01:30', '2016-06-02 16:01:30', '2016-06-02 16:01:30', '2a128e39-65c0-4286-b01d-bbf6c42f4dff'),
 ('24', NULL, 'm151127_000000_clear_license_key_status', '2016-06-02 16:01:30', '2016-06-02 16:01:30', '2016-06-02 16:01:30', 'c57fd442-ac97-4920-ba7c-7be16665a4b5'),
 ('25', NULL, 'm151127_000000_plugin_license_keys', '2016-06-02 16:01:30', '2016-06-02 16:01:30', '2016-06-02 16:01:30', 'a335e846-1210-4210-8564-fc52a083c45c'),
 ('26', NULL, 'm151130_000000_update_pt_widget_feeds', '2016-06-02 16:01:30', '2016-06-02 16:01:30', '2016-06-02 16:01:30', '286f8938-a9c5-4011-b375-8695ae9ceaee'),
 ('27', NULL, 'm160114_000000_asset_sources_public_url_default_true', '2016-06-02 16:01:30', '2016-06-02 16:01:30', '2016-06-02 16:01:30', '94560e3c-951f-4f92-b8b1-0b503833570d'),
 ('28', NULL, 'm160223_000000_sortorder_to_smallint', '2016-06-02 16:01:30', '2016-06-02 16:01:30', '2016-06-02 16:01:30', '99e52b13-b9af-4eee-b50a-71be3ce7e4ed'),
 ('29', NULL, 'm160229_000000_set_default_entry_statuses', '2016-06-02 16:01:30', '2016-06-02 16:01:30', '2016-06-02 16:01:30', 'ca3cfc88-c2bd-4b18-aecc-d9165beb1881'),
 ('30', NULL, 'm160304_000000_client_permissions', '2016-06-02 16:01:30', '2016-06-02 16:01:30', '2016-06-02 16:01:30', '3798c1d4-5fdd-4cac-901b-9b6cd06fbfb8'),
 ('31', NULL, 'm160322_000000_asset_filesize', '2016-06-02 16:01:30', '2016-06-02 16:01:30', '2016-06-02 16:01:30', '20df150d-6dfb-439a-a353-f1e9650f72ed'),
 ('32', NULL, 'm160503_000000_orphaned_fieldlayouts', '2016-06-02 16:01:30', '2016-06-02 16:01:30', '2016-06-02 16:01:30', '85cdaf22-c6b7-419b-b880-3dbcfa5faebf'),
 ('33', NULL, 'm160510_000000_tasksettings', '2016-06-02 16:01:30', '2016-06-02 16:01:30', '2016-06-02 16:01:30', '375abbad-19d9-4df9-abed-ac7ee8175403');



DROP TABLE IF EXISTS `craft_plugins`;


--
-- Schema for table `craft_plugins`
--
CREATE TABLE `craft_plugins` (
  `id` int(11) NOT NULL AUTO_INCREMENT,
  `class` varchar(150) COLLATE utf8_unicode_ci NOT NULL,
  `version` varchar(15) COLLATE utf8_unicode_ci NOT NULL,
  `schemaVersion` varchar(15) COLLATE utf8_unicode_ci DEFAULT NULL,
  `licenseKey` char(24) COLLATE utf8_unicode_ci DEFAULT NULL,
  `licenseKeyStatus` enum('valid','invalid','mismatched','unknown') COLLATE utf8_unicode_ci NOT NULL DEFAULT 'unknown',
  `enabled` tinyint(1) unsigned NOT NULL DEFAULT '0',
  `settings` text COLLATE utf8_unicode_ci,
  `installDate` datetime NOT NULL,
  `dateCreated` datetime NOT NULL,
  `dateUpdated` datetime NOT NULL,
  `uid` char(36) COLLATE utf8_unicode_ci NOT NULL DEFAULT '0',
  PRIMARY KEY (`id`)
) ENGINE=InnoDB DEFAULT CHARSET=utf8 COLLATE=utf8_unicode_ci;

DROP TABLE IF EXISTS `craft_rackspaceaccess`;


--
-- Schema for table `craft_rackspaceaccess`
--
CREATE TABLE `craft_rackspaceaccess` (
  `id` int(11) NOT NULL AUTO_INCREMENT,
  `connectionKey` varchar(255) COLLATE utf8_unicode_ci NOT NULL,
  `token` varchar(255) COLLATE utf8_unicode_ci NOT NULL,
  `storageUrl` varchar(255) COLLATE utf8_unicode_ci NOT NULL,
  `cdnUrl` varchar(255) COLLATE utf8_unicode_ci NOT NULL,
  `dateCreated` datetime NOT NULL,
  `dateUpdated` datetime NOT NULL,
  `uid` char(36) COLLATE utf8_unicode_ci NOT NULL DEFAULT '0',
  PRIMARY KEY (`id`),
  UNIQUE KEY `craft_rackspaceaccess_connectionKey_unq_idx` (`connectionKey`)
) ENGINE=InnoDB DEFAULT CHARSET=utf8 COLLATE=utf8_unicode_ci;

DROP TABLE IF EXISTS `craft_relations`;


--
-- Schema for table `craft_relations`
--
CREATE TABLE `craft_relations` (
  `id` int(11) NOT NULL AUTO_INCREMENT,
  `fieldId` int(11) NOT NULL,
  `sourceId` int(11) NOT NULL,
  `sourceLocale` char(12) COLLATE utf8_unicode_ci DEFAULT NULL,
  `targetId` int(11) NOT NULL,
  `sortOrder` smallint(6) DEFAULT NULL,
  `dateCreated` datetime NOT NULL,
  `dateUpdated` datetime NOT NULL,
  `uid` char(36) COLLATE utf8_unicode_ci NOT NULL DEFAULT '0',
  PRIMARY KEY (`id`),
  UNIQUE KEY `craft_relations_fieldId_sourceId_sourceLocale_targetId_unq_idx` (`fieldId`,`sourceId`,`sourceLocale`,`targetId`),
  KEY `craft_relations_sourceId_fk` (`sourceId`),
  KEY `craft_relations_sourceLocale_fk` (`sourceLocale`),
  KEY `craft_relations_targetId_fk` (`targetId`)
) ENGINE=InnoDB DEFAULT CHARSET=utf8 COLLATE=utf8_unicode_ci;

DROP TABLE IF EXISTS `craft_routes`;


--
-- Schema for table `craft_routes`
--
CREATE TABLE `craft_routes` (
  `id` int(11) NOT NULL AUTO_INCREMENT,
  `locale` char(12) COLLATE utf8_unicode_ci DEFAULT NULL,
  `urlParts` varchar(255) COLLATE utf8_unicode_ci NOT NULL,
  `urlPattern` varchar(255) COLLATE utf8_unicode_ci NOT NULL,
  `template` varchar(255) COLLATE utf8_unicode_ci NOT NULL,
  `sortOrder` smallint(6) unsigned DEFAULT NULL,
  `dateCreated` datetime NOT NULL,
  `dateUpdated` datetime NOT NULL,
  `uid` char(36) COLLATE utf8_unicode_ci NOT NULL DEFAULT '0',
  PRIMARY KEY (`id`),
  UNIQUE KEY `craft_routes_urlPattern_unq_idx` (`urlPattern`),
  KEY `craft_routes_locale_idx` (`locale`)
) ENGINE=InnoDB DEFAULT CHARSET=utf8 COLLATE=utf8_unicode_ci;

DROP TABLE IF EXISTS `craft_searchindex`;


--
-- Schema for table `craft_searchindex`
--
CREATE TABLE `craft_searchindex` (
  `elementId` int(11) NOT NULL,
  `attribute` varchar(25) COLLATE utf8_unicode_ci NOT NULL,
  `fieldId` int(11) NOT NULL,
  `locale` char(12) COLLATE utf8_unicode_ci NOT NULL,
  `keywords` text COLLATE utf8_unicode_ci NOT NULL,
  PRIMARY KEY (`elementId`,`attribute`,`fieldId`,`locale`),
  FULLTEXT KEY `craft_searchindex_keywords_idx` (`keywords`)
) ENGINE=MyISAM DEFAULT CHARSET=utf8 COLLATE=utf8_unicode_ci;

--
-- Data for table `craft_searchindex`
--

INSERT INTO `craft_searchindex` (`elementId`, `attribute`, `fieldId`, `locale`, `keywords`) VALUES
 ('1', 'username', '0', 'en_us', ' mark markjmoyer com '),
 ('1', 'firstname', '0', 'en_us', ''),
 ('1', 'lastname', '0', 'en_us', ''),
 ('1', 'fullname', '0', 'en_us', ''),
 ('1', 'email', '0', 'en_us', ' mark markjmoyer com '),
 ('1', 'slug', '0', 'en_us', ''),
 ('2', 'slug', '0', 'en_us', ' homepage '),
 ('2', 'title', '0', 'en_us', ' welcome to localhost '),
 ('2', 'field', '1', 'en_us', ' it s true this site doesn t have a whole lot of content yet but don t worry our web developers have just installed the cms and they re setting things up for the content editors this very moment soon localhost will be an oasis of fresh perspectives sharp analyses and astute opinions that will keep you coming back again and again '),
 ('3', 'field', '1', 'en_us', ' craft is the cms that s powering localhost it s beautiful powerful flexible and easy to use and it s made by pixel tonic we can t wait to dive in and see what it s capable of this is even more captivating content which you couldn t see on the news index page because it was entered after a page break and the news index template only likes to show the content on the first page craft a nice alternative to word if you re making a website '),
 ('3', 'field', '2', 'en_us', ''),
 ('3', 'slug', '0', 'en_us', ''),
 ('3', 'title', '0', 'en_us', ' we just installed craft '),
 ('85', 'slug', '0', 'en_us', ' inside groove '),
 ('85', 'title', '0', 'en_us', ' inside groove '),
 ('85', 'field', '6', 'en_us', ' html5 css2 3 js jquery '),
 ('85', 'field', '4', 'en_us', ''),
 ('85', 'field', '3', 'en_us', ' inside groove '),
 ('85', 'field', '5', 'en_us', ' front end web developer '),
 ('70', 'slug', '0', 'en_us', ' threads '),
 ('70', 'title', '0', 'en_us', ' threads '),
 ('70', 'kind', '0', 'en_us', ' image '),
 ('70', 'extension', '0', 'en_us', ' jpg '),
 ('70', 'filename', '0', 'en_us', ' threads jpg '),
 ('69', 'title', '0', 'en_us', ' logo '),
 ('69', 'slug', '0', 'en_us', ' logo '),
 ('69', 'kind', '0', 'en_us', ' image '),
 ('69', 'extension', '0', 'en_us', ' png '),
 ('69', 'filename', '0', 'en_us', ' logo png '),
 ('68', 'title', '0', 'en_us', ' digital top '),
 ('68', 'kind', '0', 'en_us', ' image '),
 ('68', 'slug', '0', 'en_us', ' digital top '),
 ('68', 'extension', '0', 'en_us', ' png '),
 ('68', 'filename', '0', 'en_us', ' digital top png '),
 ('67', 'slug', '0', 'en_us', ' digital repeater '),
 ('67', 'title', '0', 'en_us', ' digital repeater '),
 ('67', 'kind', '0', 'en_us', ' image '),
 ('67', 'extension', '0', 'en_us', ' png '),
 ('67', 'filename', '0', 'en_us', ' digital repeater png '),
 ('66', 'title', '0', 'en_us', ' melloyello '),
 ('66', 'slug', '0', 'en_us', ' melloyello '),
 ('66', 'kind', '0', 'en_us', ' image '),
 ('66', 'extension', '0', 'en_us', ' jpg '),
 ('66', 'filename', '0', 'en_us', ' melloyello jpg '),
 ('65', 'slug', '0', 'en_us', ' logstolumber '),
 ('65', 'title', '0', 'en_us', ' logstolumber '),
 ('65', 'kind', '0', 'en_us', ' image '),
 ('65', 'extension', '0', 'en_us', ' jpg '),
 ('65', 'filename', '0', 'en_us', ' logstolumber jpg '),
 ('64', 'slug', '0', 'en_us', ' liveplayer '),
 ('64', 'title', '0', 'en_us', ' liveplayer '),
 ('64', 'kind', '0', 'en_us', ' image '),
 ('64', 'extension', '0', 'en_us', ' jpg '),
 ('64', 'filename', '0', 'en_us', ' liveplayer jpg '),
 ('63', 'title', '0', 'en_us', ' inside groove '),
 ('63', 'kind', '0', 'en_us', ' image '),
 ('63', 'extension', '0', 'en_us', ' jpg '),
 ('62', 'slug', '0', 'en_us', ' ggb '),
 ('62', 'title', '0', 'en_us', ' ggb '),
 ('63', 'slug', '0', 'en_us', ' inside groove '),
 ('63', 'filename', '0', 'en_us', ' insidegroove jpg '),
 ('18', 'filename', '0', 'en_us', ' nascar footer jpg '),
 ('18', 'extension', '0', 'en_us', ' jpg '),
 ('18', 'kind', '0', 'en_us', ' image '),
 ('18', 'slug', '0', 'en_us', ' nascar footer '),
 ('18', 'title', '0', 'en_us', ' nascar footer '),
 ('19', 'filename', '0', 'en_us', ' nascar jpg '),
 ('19', 'extension', '0', 'en_us', ' jpg '),
 ('19', 'kind', '0', 'en_us', ' image '),
 ('19', 'slug', '0', 'en_us', ' nascar '),
 ('19', 'title', '0', 'en_us', ' nascar '),
 ('20', 'filename', '0', 'en_us', ' nascigs jpg '),
 ('20', 'extension', '0', 'en_us', ' jpg '),
 ('20', 'kind', '0', 'en_us', ' image '),
 ('20', 'slug', '0', 'en_us', ' nascigs '),
 ('20', 'title', '0', 'en_us', ' nascigs '),
 ('21', 'filename', '0', 'en_us', ' patches jpg '),
 ('21', 'extension', '0', 'en_us', ' jpg '),
 ('21', 'kind', '0', 'en_us', ' image '),
 ('21', 'slug', '0', 'en_us', ' patches '),
 ('21', 'title', '0', 'en_us', ' patches '),
 ('22', 'filename', '0', 'en_us', ' placeholder jpg '),
 ('22', 'extension', '0', 'en_us', ' jpg '),
 ('22', 'kind', '0', 'en_us', ' image '),
 ('22', 'slug', '0', 'en_us', ' placeholder '),
 ('22', 'title', '0', 'en_us', ' placeholder '),
 ('23', 'filename', '0', 'en_us', ' racebar jpg '),
 ('23', 'extension', '0', 'en_us', ' jpg '),
 ('23', 'kind', '0', 'en_us', ' image '),
 ('23', 'slug', '0', 'en_us', ' racebar '),
 ('23', 'title', '0', 'en_us', ' racebar '),
 ('24', 'filename', '0', 'en_us', ' raceview jpg '),
 ('24', 'extension', '0', 'en_us', ' jpg '),
 ('24', 'kind', '0', 'en_us', ' image '),
 ('24', 'slug', '0', 'en_us', ' raceview '),
 ('24', 'title', '0', 'en_us', ' raceview '),
 ('25', 'filename', '0', 'en_us', ' redkamel jpg '),
 ('25', 'extension', '0', 'en_us', ' jpg '),
 ('25', 'kind', '0', 'en_us', ' image '),
 ('25', 'slug', '0', 'en_us', ' redkamel ');
INSERT INTO `craft_searchindex` (`elementId`, `attribute`, `fieldId`, `locale`, `keywords`) VALUES
 ('25', 'title', '0', 'en_us', ' redkamel '),
 ('26', 'filename', '0', 'en_us', ' restore390 jpg '),
 ('26', 'extension', '0', 'en_us', ' jpg '),
 ('26', 'kind', '0', 'en_us', ' image '),
 ('26', 'slug', '0', 'en_us', ' restore390 '),
 ('26', 'title', '0', 'en_us', ' restore390 '),
 ('27', 'filename', '0', 'en_us', ' search4records jpg '),
 ('27', 'extension', '0', 'en_us', ' jpg '),
 ('27', 'kind', '0', 'en_us', ' image '),
 ('27', 'slug', '0', 'en_us', ' search4records '),
 ('27', 'title', '0', 'en_us', ' search4records '),
 ('28', 'filename', '0', 'en_us', ' sfntc jpg '),
 ('28', 'extension', '0', 'en_us', ' jpg '),
 ('28', 'kind', '0', 'en_us', ' image '),
 ('28', 'slug', '0', 'en_us', ' sfntc '),
 ('28', 'title', '0', 'en_us', ' sfntc '),
 ('29', 'filename', '0', 'en_us', ' snus jpg '),
 ('29', 'extension', '0', 'en_us', ' jpg '),
 ('29', 'kind', '0', 'en_us', ' image '),
 ('29', 'slug', '0', 'en_us', ' snus '),
 ('29', 'title', '0', 'en_us', ' snus '),
 ('30', 'filename', '0', 'en_us', ' t4t390 jpg '),
 ('30', 'extension', '0', 'en_us', ' jpg '),
 ('30', 'kind', '0', 'en_us', ' image '),
 ('30', 'slug', '0', 'en_us', ' t4t390 '),
 ('30', 'title', '0', 'en_us', ' t4t390 '),
 ('62', 'kind', '0', 'en_us', ' image '),
 ('62', 'extension', '0', 'en_us', ' jpg '),
 ('62', 'filename', '0', 'en_us', ' ggb jpg '),
 ('61', 'slug', '0', 'en_us', ' discover sc '),
 ('61', 'title', '0', 'en_us', ' discover sc '),
 ('61', 'kind', '0', 'en_us', ' image '),
 ('61', 'extension', '0', 'en_us', ' jpg '),
 ('61', 'filename', '0', 'en_us', ' discoversc jpg '),
 ('60', 'title', '0', 'en_us', ' codykresta '),
 ('60', 'slug', '0', 'en_us', ' codykresta '),
 ('60', 'kind', '0', 'en_us', ' image '),
 ('60', 'extension', '0', 'en_us', ' jpg '),
 ('60', 'filename', '0', 'en_us', ' codykresta jpg '),
 ('59', 'slug', '0', 'en_us', ' capsulestory '),
 ('59', 'title', '0', 'en_us', ' capsulestory '),
 ('59', 'kind', '0', 'en_us', ' image '),
 ('59', 'extension', '0', 'en_us', ' jpg '),
 ('59', 'filename', '0', 'en_us', ' capsulestory jpg '),
 ('58', 'title', '0', 'en_us', ' campari '),
 ('58', 'slug', '0', 'en_us', ' campari '),
 ('58', 'kind', '0', 'en_us', ' image '),
 ('58', 'extension', '0', 'en_us', ' jpg '),
 ('58', 'filename', '0', 'en_us', ' campari jpg '),
 ('57', 'title', '0', 'en_us', ' camel '),
 ('57', 'kind', '0', 'en_us', ' image '),
 ('57', 'slug', '0', 'en_us', ' camel '),
 ('57', 'extension', '0', 'en_us', ' jpg '),
 ('57', 'filename', '0', 'en_us', ' camel jpg '),
 ('56', 'title', '0', 'en_us', ' bd 390 '),
 ('56', 'slug', '0', 'en_us', ' bd 390 '),
 ('56', 'kind', '0', 'en_us', ' image '),
 ('56', 'extension', '0', 'en_us', ' jpg '),
 ('56', 'filename', '0', 'en_us', ' bd 390 jpg '),
 ('55', 'title', '0', 'en_us', ' bd 390 '),
 ('55', 'kind', '0', 'en_us', ' image '),
 ('55', 'slug', '0', 'en_us', ' bd 390 '),
 ('55', 'extension', '0', 'en_us', ' jpg '),
 ('55', 'filename', '0', 'en_us', ' bd 390 jpg '),
 ('42', 'filename', '0', 'en_us', ' nascar footer jpg '),
 ('42', 'extension', '0', 'en_us', ' jpg '),
 ('42', 'kind', '0', 'en_us', ' image '),
 ('42', 'slug', '0', 'en_us', ' nascar footer '),
 ('42', 'title', '0', 'en_us', ' nascar footer '),
 ('43', 'filename', '0', 'en_us', ' nascar jpg '),
 ('43', 'extension', '0', 'en_us', ' jpg '),
 ('43', 'kind', '0', 'en_us', ' image '),
 ('43', 'slug', '0', 'en_us', ' nascar '),
 ('43', 'title', '0', 'en_us', ' nascar '),
 ('44', 'filename', '0', 'en_us', ' nascigs jpg '),
 ('44', 'extension', '0', 'en_us', ' jpg '),
 ('44', 'kind', '0', 'en_us', ' image '),
 ('44', 'slug', '0', 'en_us', ' nascigs '),
 ('44', 'title', '0', 'en_us', ' nascigs '),
 ('45', 'filename', '0', 'en_us', ' patches jpg '),
 ('45', 'extension', '0', 'en_us', ' jpg '),
 ('45', 'kind', '0', 'en_us', ' image '),
 ('45', 'slug', '0', 'en_us', ' patches '),
 ('45', 'title', '0', 'en_us', ' patches '),
 ('46', 'filename', '0', 'en_us', ' placeholder jpg '),
 ('46', 'extension', '0', 'en_us', ' jpg '),
 ('46', 'kind', '0', 'en_us', ' image '),
 ('46', 'slug', '0', 'en_us', ' placeholder '),
 ('46', 'title', '0', 'en_us', ' placeholder '),
 ('47', 'filename', '0', 'en_us', ' racebar jpg '),
 ('47', 'extension', '0', 'en_us', ' jpg '),
 ('47', 'kind', '0', 'en_us', ' image '),
 ('47', 'slug', '0', 'en_us', ' racebar '),
 ('47', 'title', '0', 'en_us', ' racebar '),
 ('48', 'filename', '0', 'en_us', ' raceview jpg '),
 ('48', 'extension', '0', 'en_us', ' jpg '),
 ('48', 'kind', '0', 'en_us', ' image '),
 ('48', 'slug', '0', 'en_us', ' raceview '),
 ('48', 'title', '0', 'en_us', ' raceview '),
 ('49', 'filename', '0', 'en_us', ' redkamel jpg ');
INSERT INTO `craft_searchindex` (`elementId`, `attribute`, `fieldId`, `locale`, `keywords`) VALUES
 ('49', 'extension', '0', 'en_us', ' jpg '),
 ('49', 'kind', '0', 'en_us', ' image '),
 ('49', 'slug', '0', 'en_us', ' redkamel '),
 ('49', 'title', '0', 'en_us', ' redkamel '),
 ('50', 'filename', '0', 'en_us', ' restore390 jpg '),
 ('50', 'extension', '0', 'en_us', ' jpg '),
 ('50', 'kind', '0', 'en_us', ' image '),
 ('50', 'slug', '0', 'en_us', ' restore390 '),
 ('50', 'title', '0', 'en_us', ' restore390 '),
 ('51', 'filename', '0', 'en_us', ' search4records jpg '),
 ('51', 'extension', '0', 'en_us', ' jpg '),
 ('51', 'kind', '0', 'en_us', ' image '),
 ('51', 'slug', '0', 'en_us', ' search4records '),
 ('51', 'title', '0', 'en_us', ' search4records '),
 ('52', 'filename', '0', 'en_us', ' sfntc jpg '),
 ('52', 'extension', '0', 'en_us', ' jpg '),
 ('52', 'kind', '0', 'en_us', ' image '),
 ('52', 'slug', '0', 'en_us', ' sfntc '),
 ('52', 'title', '0', 'en_us', ' sfntc '),
 ('53', 'filename', '0', 'en_us', ' snus jpg '),
 ('53', 'extension', '0', 'en_us', ' jpg '),
 ('53', 'kind', '0', 'en_us', ' image '),
 ('53', 'slug', '0', 'en_us', ' snus '),
 ('53', 'title', '0', 'en_us', ' snus '),
 ('54', 'filename', '0', 'en_us', ' t4t390 jpg '),
 ('54', 'extension', '0', 'en_us', ' jpg '),
 ('54', 'kind', '0', 'en_us', ' image '),
 ('54', 'slug', '0', 'en_us', ' t4t390 '),
 ('54', 'title', '0', 'en_us', ' t4t390 '),
 ('71', 'filename', '0', 'en_us', ' mark jpg '),
 ('71', 'extension', '0', 'en_us', ' jpg '),
 ('71', 'kind', '0', 'en_us', ' image '),
 ('71', 'slug', '0', 'en_us', ' mark '),
 ('71', 'title', '0', 'en_us', ' mark '),
 ('72', 'filename', '0', 'en_us', ' tothetop png '),
 ('72', 'extension', '0', 'en_us', ' png '),
 ('72', 'kind', '0', 'en_us', ' image '),
 ('72', 'slug', '0', 'en_us', ' tothetop '),
 ('72', 'title', '0', 'en_us', ' tothetop '),
 ('73', 'field', '1', 'en_us', ' pulled a classic when i deleted a folder without grabbing a db backup how you may ask transitioning from a pc to a mac and thoroughly believed i backed that bad boy up '),
 ('73', 'field', '2', 'en_us', ''),
 ('73', 'slug', '0', 'en_us', ' were adding a new portfolio page to the cms '),
 ('73', 'title', '0', 'en_us', ' we re adding a new portfolio page to the cms '),
 ('74', 'filename', '0', 'en_us', ' mobile logo png '),
 ('74', 'extension', '0', 'en_us', ' png '),
 ('74', 'kind', '0', 'en_us', ' image '),
 ('74', 'slug', '0', 'en_us', ' mobile logo '),
 ('74', 'title', '0', 'en_us', ' mobile logo '),
 ('75', 'filename', '0', 'en_us', ' ggb jpg '),
 ('75', 'extension', '0', 'en_us', ' jpg '),
 ('75', 'kind', '0', 'en_us', ' image '),
 ('75', 'slug', '0', 'en_us', ' ggb '),
 ('75', 'title', '0', 'en_us', ' ggb '),
 ('76', 'filename', '0', 'en_us', ' camel jpg '),
 ('76', 'extension', '0', 'en_us', ' jpg '),
 ('76', 'kind', '0', 'en_us', ' image '),
 ('76', 'slug', '0', 'en_us', ' camel '),
 ('76', 'title', '0', 'en_us', ' camel '),
 ('77', 'filename', '0', 'en_us', ' campari jpg '),
 ('77', 'extension', '0', 'en_us', ' jpg '),
 ('77', 'kind', '0', 'en_us', ' image '),
 ('77', 'slug', '0', 'en_us', ' campari '),
 ('77', 'title', '0', 'en_us', ' campari '),
 ('78', 'filename', '0', 'en_us', ' capsulestory jpg '),
 ('78', 'extension', '0', 'en_us', ' jpg '),
 ('78', 'kind', '0', 'en_us', ' image '),
 ('78', 'slug', '0', 'en_us', ' capsulestory '),
 ('78', 'title', '0', 'en_us', ' capsulestory '),
 ('79', 'filename', '0', 'en_us', ' codykresta jpg '),
 ('79', 'extension', '0', 'en_us', ' jpg '),
 ('79', 'kind', '0', 'en_us', ' image '),
 ('79', 'slug', '0', 'en_us', ' codykresta '),
 ('79', 'title', '0', 'en_us', ' codykresta '),
 ('80', 'filename', '0', 'en_us', ' discoversc jpg '),
 ('80', 'extension', '0', 'en_us', ' jpg '),
 ('80', 'kind', '0', 'en_us', ' image '),
 ('80', 'slug', '0', 'en_us', ' discover sc '),
 ('80', 'title', '0', 'en_us', ' discover sc '),
 ('81', 'filename', '0', 'en_us', ' insidegroove jpg '),
 ('81', 'extension', '0', 'en_us', ' jpg '),
 ('81', 'kind', '0', 'en_us', ' image '),
 ('81', 'slug', '0', 'en_us', ' inside groove '),
 ('81', 'title', '0', 'en_us', ' inside groove '),
 ('82', 'filename', '0', 'en_us', ' liveplayer jpg '),
 ('82', 'extension', '0', 'en_us', ' jpg '),
 ('82', 'kind', '0', 'en_us', ' image '),
 ('82', 'slug', '0', 'en_us', ' liveplayer '),
 ('82', 'title', '0', 'en_us', ' liveplayer '),
 ('83', 'filename', '0', 'en_us', ' logstolumber jpg '),
 ('83', 'extension', '0', 'en_us', ' jpg '),
 ('83', 'kind', '0', 'en_us', ' image '),
 ('83', 'slug', '0', 'en_us', ' logstolumber '),
 ('83', 'title', '0', 'en_us', ' logstolumber '),
 ('84', 'filename', '0', 'en_us', ' melloyello jpg '),
 ('84', 'extension', '0', 'en_us', ' jpg '),
 ('84', 'kind', '0', 'en_us', ' image '),
 ('84', 'slug', '0', 'en_us', ' melloyello '),
 ('84', 'title', '0', 'en_us', ' melloyello ');



DROP TABLE IF EXISTS `craft_sections`;


--
-- Schema for table `craft_sections`
--
CREATE TABLE `craft_sections` (
  `id` int(11) NOT NULL AUTO_INCREMENT,
  `structureId` int(11) DEFAULT NULL,
  `name` varchar(255) COLLATE utf8_unicode_ci NOT NULL,
  `handle` varchar(255) COLLATE utf8_unicode_ci NOT NULL,
  `type` enum('single','channel','structure') COLLATE utf8_unicode_ci NOT NULL DEFAULT 'channel',
  `hasUrls` tinyint(1) unsigned NOT NULL DEFAULT '1',
  `template` varchar(500) COLLATE utf8_unicode_ci DEFAULT NULL,
  `enableVersioning` tinyint(1) unsigned NOT NULL DEFAULT '0',
  `dateCreated` datetime NOT NULL,
  `dateUpdated` datetime NOT NULL,
  `uid` char(36) COLLATE utf8_unicode_ci NOT NULL DEFAULT '0',
  PRIMARY KEY (`id`),
  UNIQUE KEY `craft_sections_name_unq_idx` (`name`),
  UNIQUE KEY `craft_sections_handle_unq_idx` (`handle`),
  KEY `craft_sections_structureId_fk` (`structureId`)
) ENGINE=InnoDB AUTO_INCREMENT=7 DEFAULT CHARSET=utf8 COLLATE=utf8_unicode_ci;

--
-- Data for table `craft_sections`
--

INSERT INTO `craft_sections` (`id`, `structureId`, `name`, `handle`, `type`, `hasUrls`, `template`, `enableVersioning`, `dateCreated`, `dateUpdated`, `uid`) VALUES
 ('1', NULL, 'Homepage', 'homepage', 'single', '1', 'index', '1', '2016-06-02 16:01:34', '2016-06-02 16:01:34', '33c99326-ec9e-4521-936d-b5b457b17d78'),
 ('2', NULL, 'News', 'news', 'channel', '1', 'news/_entry', '1', '2016-06-02 16:01:34', '2016-06-02 16:01:34', 'eae0122f-5e41-4dba-9fd0-0d76f4437f01'),
 ('3', NULL, 'Portfolio', 'portfolio', 'channel', '1', 'portfolio/_entry', '1', '2016-06-02 23:20:44', '2016-06-02 23:20:44', '65e53791-0ae6-4fa4-8903-6b3001838fad'),
 ('4', '1', 'nascar', 'nascar', 'structure', '1', 'nascar/_entry', '1', '2016-06-06 02:07:04', '2016-06-06 02:10:35', '36ab56bd-8c76-450a-9a15-3ac81c488eec'),
 ('5', '2', 'bfg', 'bfg', 'structure', '1', 'bfg/_entry', '1', '2016-06-06 02:07:52', '2016-06-06 02:10:46', 'd51f1785-7e12-4278-ae2c-29ef392064a7'),
 ('6', '3', 'Freelance', 'freelance', 'structure', '1', 'freelance/_entry', '1', '2016-06-06 02:08:13', '2016-06-06 02:08:13', '30b311fb-3ec9-4aaf-a1d3-897b7889d168');



DROP TABLE IF EXISTS `craft_sections_i18n`;


--
-- Schema for table `craft_sections_i18n`
--
CREATE TABLE `craft_sections_i18n` (
  `id` int(11) NOT NULL AUTO_INCREMENT,
  `sectionId` int(11) NOT NULL,
  `locale` char(12) COLLATE utf8_unicode_ci NOT NULL,
  `enabledByDefault` tinyint(1) unsigned NOT NULL DEFAULT '1',
  `urlFormat` text COLLATE utf8_unicode_ci,
  `nestedUrlFormat` text COLLATE utf8_unicode_ci,
  `dateCreated` datetime NOT NULL,
  `dateUpdated` datetime NOT NULL,
  `uid` char(36) COLLATE utf8_unicode_ci NOT NULL DEFAULT '0',
  PRIMARY KEY (`id`),
  UNIQUE KEY `craft_sections_i18n_sectionId_locale_unq_idx` (`sectionId`,`locale`),
  KEY `craft_sections_i18n_locale_fk` (`locale`)
) ENGINE=InnoDB AUTO_INCREMENT=7 DEFAULT CHARSET=utf8 COLLATE=utf8_unicode_ci;

--
-- Data for table `craft_sections_i18n`
--

INSERT INTO `craft_sections_i18n` (`id`, `sectionId`, `locale`, `enabledByDefault`, `urlFormat`, `nestedUrlFormat`, `dateCreated`, `dateUpdated`, `uid`) VALUES
 ('1', '1', 'en_us', '1', '__home__', NULL, '2016-06-02 16:01:34', '2016-06-02 16:01:34', 'ab8aad24-1cdf-40bd-a8ca-d4e87e9ad4fb'),
 ('2', '2', 'en_us', '1', 'news/{postDate.year}/{slug}', NULL, '2016-06-02 16:01:34', '2016-06-02 16:01:34', 'da14f450-6690-4541-a258-a7b347a330bd'),
 ('3', '3', 'en_us', '1', 'portfolio/{slug}', NULL, '2016-06-02 23:20:44', '2016-06-02 23:20:44', '26a90cd6-da30-4e6f-95b1-78c254ad6f79'),
 ('4', '4', 'en_us', '1', 'nascar/{slug}', '{parent.uri}/{slug}', '2016-06-06 02:07:04', '2016-06-06 02:07:04', '443f6758-f98f-4a47-aabc-94702ce657c8'),
 ('5', '5', 'en_us', '1', 'bfg/{slug}', '{parent.uri}/{slug}', '2016-06-06 02:07:52', '2016-06-06 02:07:52', 'e417356e-d58b-4315-bd67-f5216312eb02'),
 ('6', '6', 'en_us', '1', 'freelance/{slug}', '{parent.uri}/{slug}', '2016-06-06 02:08:13', '2016-06-06 02:08:13', '7e8c3e02-4f49-424d-8167-696d3e2d0831');



DROP TABLE IF EXISTS `craft_sessions`;


--
-- Schema for table `craft_sessions`
--
CREATE TABLE `craft_sessions` (
  `id` int(11) NOT NULL AUTO_INCREMENT,
  `userId` int(11) NOT NULL,
  `token` char(100) COLLATE utf8_unicode_ci NOT NULL,
  `dateCreated` datetime NOT NULL,
  `dateUpdated` datetime NOT NULL,
  `uid` char(36) COLLATE utf8_unicode_ci NOT NULL DEFAULT '0',
  PRIMARY KEY (`id`),
  KEY `craft_sessions_uid_idx` (`uid`),
  KEY `craft_sessions_token_idx` (`token`),
  KEY `craft_sessions_dateUpdated_idx` (`dateUpdated`),
  KEY `craft_sessions_userId_fk` (`userId`)
) ENGINE=InnoDB AUTO_INCREMENT=4 DEFAULT CHARSET=utf8 COLLATE=utf8_unicode_ci;

DROP TABLE IF EXISTS `craft_shunnedmessages`;


--
-- Schema for table `craft_shunnedmessages`
--
CREATE TABLE `craft_shunnedmessages` (
  `id` int(11) NOT NULL AUTO_INCREMENT,
  `userId` int(11) NOT NULL,
  `message` varchar(255) COLLATE utf8_unicode_ci NOT NULL,
  `expiryDate` datetime DEFAULT NULL,
  `dateCreated` datetime NOT NULL,
  `dateUpdated` datetime NOT NULL,
  `uid` char(36) COLLATE utf8_unicode_ci NOT NULL DEFAULT '0',
  PRIMARY KEY (`id`),
  UNIQUE KEY `craft_shunnedmessages_userId_message_unq_idx` (`userId`,`message`)
) ENGINE=InnoDB DEFAULT CHARSET=utf8 COLLATE=utf8_unicode_ci;

DROP TABLE IF EXISTS `craft_structureelements`;


--
-- Schema for table `craft_structureelements`
--
CREATE TABLE `craft_structureelements` (
  `id` int(11) NOT NULL AUTO_INCREMENT,
  `structureId` int(11) NOT NULL,
  `elementId` int(11) DEFAULT NULL,
  `root` int(11) unsigned DEFAULT NULL,
  `lft` int(11) unsigned NOT NULL,
  `rgt` int(11) unsigned NOT NULL,
  `level` smallint(6) unsigned NOT NULL,
  `dateCreated` datetime NOT NULL,
  `dateUpdated` datetime NOT NULL,
  `uid` char(36) COLLATE utf8_unicode_ci NOT NULL DEFAULT '0',
  PRIMARY KEY (`id`),
  UNIQUE KEY `craft_structureelements_structureId_elementId_unq_idx` (`structureId`,`elementId`),
  KEY `craft_structureelements_root_idx` (`root`),
  KEY `craft_structureelements_lft_idx` (`lft`),
  KEY `craft_structureelements_rgt_idx` (`rgt`),
  KEY `craft_structureelements_level_idx` (`level`),
  KEY `craft_structureelements_elementId_fk` (`elementId`)
) ENGINE=InnoDB DEFAULT CHARSET=utf8 COLLATE=utf8_unicode_ci;

DROP TABLE IF EXISTS `craft_structures`;


--
-- Schema for table `craft_structures`
--
CREATE TABLE `craft_structures` (
  `id` int(11) NOT NULL AUTO_INCREMENT,
  `maxLevels` smallint(6) unsigned DEFAULT NULL,
  `dateCreated` datetime NOT NULL,
  `dateUpdated` datetime NOT NULL,
  `uid` char(36) COLLATE utf8_unicode_ci NOT NULL DEFAULT '0',
  PRIMARY KEY (`id`)
) ENGINE=InnoDB AUTO_INCREMENT=4 DEFAULT CHARSET=utf8 COLLATE=utf8_unicode_ci;

--
-- Data for table `craft_structures`
--

INSERT INTO `craft_structures` (`id`, `maxLevels`, `dateCreated`, `dateUpdated`, `uid`) VALUES
 ('1', NULL, '2016-06-06 02:07:04', '2016-06-06 02:10:35', 'e971c0af-ddb4-494e-b35f-9600ad4d6d22'),
 ('2', NULL, '2016-06-06 02:07:52', '2016-06-06 02:10:46', '67d34d14-f2f6-46e4-90c5-e97f23b3d6d6'),
 ('3', NULL, '2016-06-06 02:08:13', '2016-06-06 02:08:13', '41c995fd-240c-4f2c-b86b-a685c8f2a513');



DROP TABLE IF EXISTS `craft_systemsettings`;


--
-- Schema for table `craft_systemsettings`
--
CREATE TABLE `craft_systemsettings` (
  `id` int(11) NOT NULL AUTO_INCREMENT,
  `category` varchar(15) COLLATE utf8_unicode_ci NOT NULL,
  `settings` text COLLATE utf8_unicode_ci,
  `dateCreated` datetime NOT NULL,
  `dateUpdated` datetime NOT NULL,
  `uid` char(36) COLLATE utf8_unicode_ci NOT NULL DEFAULT '0',
  PRIMARY KEY (`id`),
  UNIQUE KEY `craft_systemsettings_category_unq_idx` (`category`)
) ENGINE=InnoDB AUTO_INCREMENT=2 DEFAULT CHARSET=utf8 COLLATE=utf8_unicode_ci;

--
-- Data for table `craft_systemsettings`
--

INSERT INTO `craft_systemsettings` (`id`, `category`, `settings`, `dateCreated`, `dateUpdated`, `uid`) VALUES
 ('1', 'email', '{\"protocol\":\"php\",\"emailAddress\":\"mark@markjmoyer.com\",\"senderName\":\"MJM - Craft Cms\"}', '2016-06-02 16:01:34', '2016-06-04 16:16:56', '62ae3efe-0c0d-4594-a5a8-e079bf820565');



DROP TABLE IF EXISTS `craft_taggroups`;


--
-- Schema for table `craft_taggroups`
--
CREATE TABLE `craft_taggroups` (
  `id` int(11) NOT NULL AUTO_INCREMENT,
  `name` varchar(255) COLLATE utf8_unicode_ci NOT NULL,
  `handle` varchar(255) COLLATE utf8_unicode_ci NOT NULL,
  `fieldLayoutId` int(10) DEFAULT NULL,
  `dateCreated` datetime NOT NULL,
  `dateUpdated` datetime NOT NULL,
  `uid` char(36) COLLATE utf8_unicode_ci NOT NULL DEFAULT '0',
  PRIMARY KEY (`id`),
  UNIQUE KEY `craft_taggroups_name_unq_idx` (`name`),
  UNIQUE KEY `craft_taggroups_handle_unq_idx` (`handle`),
  KEY `craft_taggroups_fieldLayoutId_fk` (`fieldLayoutId`)
) ENGINE=InnoDB AUTO_INCREMENT=2 DEFAULT CHARSET=utf8 COLLATE=utf8_unicode_ci;

--
-- Data for table `craft_taggroups`
--

INSERT INTO `craft_taggroups` (`id`, `name`, `handle`, `fieldLayoutId`, `dateCreated`, `dateUpdated`, `uid`) VALUES
 ('1', 'Default', 'default', '1', '2016-06-02 16:01:34', '2016-06-02 16:01:34', 'dac4357f-9d52-4d4e-888e-982afc7977ea');



DROP TABLE IF EXISTS `craft_tags`;


--
-- Schema for table `craft_tags`
--
CREATE TABLE `craft_tags` (
  `id` int(11) NOT NULL,
  `groupId` int(11) NOT NULL,
  `dateCreated` datetime NOT NULL,
  `dateUpdated` datetime NOT NULL,
  `uid` char(36) COLLATE utf8_unicode_ci NOT NULL DEFAULT '0',
  PRIMARY KEY (`id`),
  KEY `craft_tags_groupId_fk` (`groupId`)
) ENGINE=InnoDB DEFAULT CHARSET=utf8 COLLATE=utf8_unicode_ci;

DROP TABLE IF EXISTS `craft_tasks`;


--
-- Schema for table `craft_tasks`
--
CREATE TABLE `craft_tasks` (
  `id` int(11) NOT NULL AUTO_INCREMENT,
  `root` int(11) unsigned DEFAULT NULL,
  `lft` int(11) unsigned NOT NULL,
  `rgt` int(11) unsigned NOT NULL,
  `level` smallint(6) unsigned NOT NULL,
  `currentStep` int(11) unsigned DEFAULT NULL,
  `totalSteps` int(11) unsigned DEFAULT NULL,
  `status` enum('pending','error','running') COLLATE utf8_unicode_ci DEFAULT NULL,
  `type` varchar(150) COLLATE utf8_unicode_ci NOT NULL,
  `description` varchar(255) COLLATE utf8_unicode_ci DEFAULT NULL,
  `settings` mediumtext COLLATE utf8_unicode_ci,
  `dateCreated` datetime NOT NULL,
  `dateUpdated` datetime NOT NULL,
  `uid` char(36) COLLATE utf8_unicode_ci NOT NULL DEFAULT '0',
  PRIMARY KEY (`id`),
  KEY `craft_tasks_root_idx` (`root`),
  KEY `craft_tasks_lft_idx` (`lft`),
  KEY `craft_tasks_rgt_idx` (`rgt`),
  KEY `craft_tasks_level_idx` (`level`)
) ENGINE=InnoDB AUTO_INCREMENT=4 DEFAULT CHARSET=utf8 COLLATE=utf8_unicode_ci;

DROP TABLE IF EXISTS `craft_templatecachecriteria`;


--
-- Schema for table `craft_templatecachecriteria`
--
CREATE TABLE `craft_templatecachecriteria` (
  `id` int(11) NOT NULL AUTO_INCREMENT,
  `cacheId` int(11) NOT NULL,
  `type` varchar(150) COLLATE utf8_unicode_ci NOT NULL,
  `criteria` text COLLATE utf8_unicode_ci NOT NULL,
  PRIMARY KEY (`id`),
  KEY `craft_templatecachecriteria_cacheId_fk` (`cacheId`),
  KEY `craft_templatecachecriteria_type_idx` (`type`)
) ENGINE=InnoDB DEFAULT CHARSET=utf8 COLLATE=utf8_unicode_ci;

DROP TABLE IF EXISTS `craft_templatecacheelements`;


--
-- Schema for table `craft_templatecacheelements`
--
CREATE TABLE `craft_templatecacheelements` (
  `cacheId` int(11) NOT NULL,
  `elementId` int(11) NOT NULL,
  KEY `craft_templatecacheelements_cacheId_fk` (`cacheId`),
  KEY `craft_templatecacheelements_elementId_fk` (`elementId`)
) ENGINE=InnoDB DEFAULT CHARSET=utf8 COLLATE=utf8_unicode_ci;

DROP TABLE IF EXISTS `craft_templatecaches`;


--
-- Schema for table `craft_templatecaches`
--
CREATE TABLE `craft_templatecaches` (
  `id` int(11) NOT NULL AUTO_INCREMENT,
  `cacheKey` varchar(255) COLLATE utf8_unicode_ci NOT NULL,
  `locale` char(12) COLLATE utf8_unicode_ci NOT NULL,
  `path` varchar(255) COLLATE utf8_unicode_ci DEFAULT NULL,
  `expiryDate` datetime NOT NULL,
  `body` mediumtext COLLATE utf8_unicode_ci NOT NULL,
  PRIMARY KEY (`id`),
  KEY `craft_templatecaches_expiryDate_cacheKey_locale_path_idx` (`expiryDate`,`cacheKey`,`locale`,`path`),
  KEY `craft_templatecaches_locale_fk` (`locale`)
) ENGINE=InnoDB DEFAULT CHARSET=utf8 COLLATE=utf8_unicode_ci;

DROP TABLE IF EXISTS `craft_tokens`;


--
-- Schema for table `craft_tokens`
--
CREATE TABLE `craft_tokens` (
  `id` int(11) NOT NULL AUTO_INCREMENT,
  `token` char(32) COLLATE utf8_unicode_ci NOT NULL,
  `route` text COLLATE utf8_unicode_ci,
  `usageLimit` tinyint(3) unsigned DEFAULT NULL,
  `usageCount` tinyint(3) unsigned DEFAULT NULL,
  `expiryDate` datetime NOT NULL,
  `dateCreated` datetime NOT NULL,
  `dateUpdated` datetime NOT NULL,
  `uid` char(36) COLLATE utf8_unicode_ci NOT NULL DEFAULT '0',
  PRIMARY KEY (`id`),
  UNIQUE KEY `craft_tokens_token_unq_idx` (`token`),
  KEY `craft_tokens_expiryDate_idx` (`expiryDate`)
) ENGINE=InnoDB DEFAULT CHARSET=utf8 COLLATE=utf8_unicode_ci;

DROP TABLE IF EXISTS `craft_usergroups`;


--
-- Schema for table `craft_usergroups`
--
CREATE TABLE `craft_usergroups` (
  `id` int(11) NOT NULL AUTO_INCREMENT,
  `name` varchar(255) COLLATE utf8_unicode_ci NOT NULL,
  `handle` varchar(255) COLLATE utf8_unicode_ci NOT NULL,
  `dateCreated` datetime NOT NULL,
  `dateUpdated` datetime NOT NULL,
  `uid` char(36) COLLATE utf8_unicode_ci NOT NULL DEFAULT '0',
  PRIMARY KEY (`id`)
) ENGINE=InnoDB DEFAULT CHARSET=utf8 COLLATE=utf8_unicode_ci;

DROP TABLE IF EXISTS `craft_usergroups_users`;


--
-- Schema for table `craft_usergroups_users`
--
CREATE TABLE `craft_usergroups_users` (
  `id` int(11) NOT NULL AUTO_INCREMENT,
  `groupId` int(11) NOT NULL,
  `userId` int(11) NOT NULL,
  `dateCreated` datetime NOT NULL,
  `dateUpdated` datetime NOT NULL,
  `uid` char(36) COLLATE utf8_unicode_ci NOT NULL DEFAULT '0',
  PRIMARY KEY (`id`),
  UNIQUE KEY `craft_usergroups_users_groupId_userId_unq_idx` (`groupId`,`userId`),
  KEY `craft_usergroups_users_userId_fk` (`userId`)
) ENGINE=InnoDB DEFAULT CHARSET=utf8 COLLATE=utf8_unicode_ci;

DROP TABLE IF EXISTS `craft_userpermissions`;


--
-- Schema for table `craft_userpermissions`
--
CREATE TABLE `craft_userpermissions` (
  `id` int(11) NOT NULL AUTO_INCREMENT,
  `name` varchar(255) COLLATE utf8_unicode_ci NOT NULL,
  `dateCreated` datetime NOT NULL,
  `dateUpdated` datetime NOT NULL,
  `uid` char(36) COLLATE utf8_unicode_ci NOT NULL DEFAULT '0',
  PRIMARY KEY (`id`),
  UNIQUE KEY `craft_userpermissions_name_unq_idx` (`name`)
) ENGINE=InnoDB DEFAULT CHARSET=utf8 COLLATE=utf8_unicode_ci;

DROP TABLE IF EXISTS `craft_userpermissions_usergroups`;


--
-- Schema for table `craft_userpermissions_usergroups`
--
CREATE TABLE `craft_userpermissions_usergroups` (
  `id` int(11) NOT NULL AUTO_INCREMENT,
  `permissionId` int(11) NOT NULL,
  `groupId` int(11) NOT NULL,
  `dateCreated` datetime NOT NULL,
  `dateUpdated` datetime NOT NULL,
  `uid` char(36) COLLATE utf8_unicode_ci NOT NULL DEFAULT '0',
  PRIMARY KEY (`id`),
  UNIQUE KEY `craft_userpermissions_usergroups_permissionId_groupId_unq_idx` (`permissionId`,`groupId`),
  KEY `craft_userpermissions_usergroups_groupId_fk` (`groupId`)
) ENGINE=InnoDB DEFAULT CHARSET=utf8 COLLATE=utf8_unicode_ci;

DROP TABLE IF EXISTS `craft_userpermissions_users`;


--
-- Schema for table `craft_userpermissions_users`
--
CREATE TABLE `craft_userpermissions_users` (
  `id` int(11) NOT NULL AUTO_INCREMENT,
  `permissionId` int(11) NOT NULL,
  `userId` int(11) NOT NULL,
  `dateCreated` datetime NOT NULL,
  `dateUpdated` datetime NOT NULL,
  `uid` char(36) COLLATE utf8_unicode_ci NOT NULL DEFAULT '0',
  PRIMARY KEY (`id`),
  UNIQUE KEY `craft_userpermissions_users_permissionId_userId_unq_idx` (`permissionId`,`userId`),
  KEY `craft_userpermissions_users_userId_fk` (`userId`)
) ENGINE=InnoDB DEFAULT CHARSET=utf8 COLLATE=utf8_unicode_ci;

DROP TABLE IF EXISTS `craft_users`;


--
-- Schema for table `craft_users`
--
CREATE TABLE `craft_users` (
  `id` int(11) NOT NULL,
  `username` varchar(100) COLLATE utf8_unicode_ci NOT NULL,
  `photo` varchar(100) COLLATE utf8_unicode_ci DEFAULT NULL,
  `firstName` varchar(100) COLLATE utf8_unicode_ci DEFAULT NULL,
  `lastName` varchar(100) COLLATE utf8_unicode_ci DEFAULT NULL,
  `email` varchar(255) COLLATE utf8_unicode_ci NOT NULL,
  `password` char(255) COLLATE utf8_unicode_ci DEFAULT NULL,
  `preferredLocale` char(12) COLLATE utf8_unicode_ci DEFAULT NULL,
  `weekStartDay` tinyint(1) unsigned NOT NULL DEFAULT '0',
  `admin` tinyint(1) unsigned NOT NULL DEFAULT '0',
  `client` tinyint(1) unsigned NOT NULL DEFAULT '0',
  `locked` tinyint(1) unsigned NOT NULL DEFAULT '0',
  `suspended` tinyint(1) unsigned NOT NULL DEFAULT '0',
  `pending` tinyint(1) unsigned NOT NULL DEFAULT '0',
  `archived` tinyint(1) unsigned NOT NULL DEFAULT '0',
  `lastLoginDate` datetime DEFAULT NULL,
  `lastLoginAttemptIPAddress` varchar(45) COLLATE utf8_unicode_ci DEFAULT NULL,
  `invalidLoginWindowStart` datetime DEFAULT NULL,
  `invalidLoginCount` tinyint(4) unsigned DEFAULT NULL,
  `lastInvalidLoginDate` datetime DEFAULT NULL,
  `lockoutDate` datetime DEFAULT NULL,
  `verificationCode` char(100) COLLATE utf8_unicode_ci DEFAULT NULL,
  `verificationCodeIssuedDate` datetime DEFAULT NULL,
  `unverifiedEmail` varchar(255) COLLATE utf8_unicode_ci DEFAULT NULL,
  `passwordResetRequired` tinyint(1) unsigned NOT NULL DEFAULT '0',
  `lastPasswordChangeDate` datetime DEFAULT NULL,
  `dateCreated` datetime NOT NULL,
  `dateUpdated` datetime NOT NULL,
  `uid` char(36) COLLATE utf8_unicode_ci NOT NULL DEFAULT '0',
  PRIMARY KEY (`id`),
  UNIQUE KEY `craft_users_username_unq_idx` (`username`),
  UNIQUE KEY `craft_users_email_unq_idx` (`email`),
  KEY `craft_users_verificationCode_idx` (`verificationCode`),
  KEY `craft_users_uid_idx` (`uid`),
  KEY `craft_users_preferredLocale_fk` (`preferredLocale`)
) ENGINE=InnoDB DEFAULT CHARSET=utf8 COLLATE=utf8_unicode_ci;

--
-- Data for table `craft_users`
--

INSERT INTO `craft_users` (`id`, `username`, `photo`, `firstName`, `lastName`, `email`, `password`, `preferredLocale`, `weekStartDay`, `admin`, `client`, `locked`, `suspended`, `pending`, `archived`, `lastLoginDate`, `lastLoginAttemptIPAddress`, `invalidLoginWindowStart`, `invalidLoginCount`, `lastInvalidLoginDate`, `lockoutDate`, `verificationCode`, `verificationCodeIssuedDate`, `unverifiedEmail`, `passwordResetRequired`, `lastPasswordChangeDate`, `dateCreated`, `dateUpdated`, `uid`) VALUES
 ('1', 'mark@markjmoyer.com', NULL, NULL, NULL, 'mark@markjmoyer.com', '$2y$13$coyrNmhyiln6W.7wo.BBR.WqVfUUEHlhrM3M7H35d3caZO6s0pvzy', NULL, '0', '1', '0', '0', '0', '0', '0', '2016-06-02 18:30:27', '::1', NULL, NULL, NULL, NULL, NULL, NULL, NULL, '0', '2016-06-02 16:01:32', '2016-06-02 16:01:32', '2016-06-02 18:30:27', '11b874b8-befd-4292-b019-37127d5c9496');



DROP TABLE IF EXISTS `craft_widgets`;


--
-- Schema for table `craft_widgets`
--
CREATE TABLE `craft_widgets` (
  `id` int(11) NOT NULL AUTO_INCREMENT,
  `userId` int(11) NOT NULL,
  `type` varchar(150) COLLATE utf8_unicode_ci NOT NULL,
  `sortOrder` smallint(6) unsigned DEFAULT NULL,
  `colspan` tinyint(4) unsigned DEFAULT NULL,
  `settings` text COLLATE utf8_unicode_ci,
  `enabled` tinyint(1) unsigned NOT NULL DEFAULT '1',
  `dateCreated` datetime NOT NULL,
  `dateUpdated` datetime NOT NULL,
  `uid` char(36) COLLATE utf8_unicode_ci NOT NULL DEFAULT '0',
  PRIMARY KEY (`id`),
  KEY `craft_widgets_userId_fk` (`userId`)
) ENGINE=InnoDB AUTO_INCREMENT=5 DEFAULT CHARSET=utf8 COLLATE=utf8_unicode_ci;

--
-- Data for table `craft_widgets`
--

INSERT INTO `craft_widgets` (`id`, `userId`, `type`, `sortOrder`, `colspan`, `settings`, `enabled`, `dateCreated`, `dateUpdated`, `uid`) VALUES
 ('1', '1', 'RecentEntries', '1', NULL, NULL, '1', '2016-06-02 16:01:38', '2016-06-02 16:01:38', 'b99ab951-567b-4b55-ba81-50cf9f4a30d4'),
 ('2', '1', 'GetHelp', '2', NULL, NULL, '1', '2016-06-02 16:01:38', '2016-06-02 16:01:38', 'a0a4f941-0a5e-4248-b262-92ecaa91ded8'),
 ('3', '1', 'Updates', '3', NULL, NULL, '1', '2016-06-02 16:01:38', '2016-06-02 16:01:38', '228cb12b-033f-4803-8e83-1906fdb8fdc2'),
 ('4', '1', 'Feed', '4', NULL, '{\"url\":\"https:\\/\\/craftcms.com\\/news.rss\",\"title\":\"Craft News\"}', '1', '2016-06-02 16:01:38', '2016-06-02 16:01:38', '982af73b-0f17-4227-94e6-7ed4dcdc64be');


--
-- Constraints for tables
--


--
-- Constraints for table `craft_assetfiles`
--
ALTER TABLE `craft_assetfiles`
	ADD CONSTRAINT `craft_assetfiles_folderId_fk` FOREIGN KEY (`folderId`) REFERENCES `craft_assetfolders` (`id`) ON DELETE CASCADE,
	ADD CONSTRAINT `craft_assetfiles_id_fk` FOREIGN KEY (`id`) REFERENCES `craft_elements` (`id`) ON DELETE CASCADE,
	ADD CONSTRAINT `craft_assetfiles_sourceId_fk` FOREIGN KEY (`sourceId`) REFERENCES `craft_assetsources` (`id`) ON DELETE CASCADE;

--
-- Constraints for table `craft_assetfolders`
--
ALTER TABLE `craft_assetfolders`
	ADD CONSTRAINT `craft_assetfolders_parentId_fk` FOREIGN KEY (`parentId`) REFERENCES `craft_assetfolders` (`id`) ON DELETE CASCADE,
	ADD CONSTRAINT `craft_assetfolders_sourceId_fk` FOREIGN KEY (`sourceId`) REFERENCES `craft_assetsources` (`id`) ON DELETE CASCADE;

--
-- Constraints for table `craft_assetindexdata`
--
ALTER TABLE `craft_assetindexdata`
	ADD CONSTRAINT `craft_assetindexdata_sourceId_fk` FOREIGN KEY (`sourceId`) REFERENCES `craft_assetsources` (`id`) ON DELETE CASCADE;

--
-- Constraints for table `craft_assetsources`
--
ALTER TABLE `craft_assetsources`
	ADD CONSTRAINT `craft_assetsources_fieldLayoutId_fk` FOREIGN KEY (`fieldLayoutId`) REFERENCES `craft_fieldlayouts` (`id`) ON DELETE SET NULL;

--
-- Constraints for table `craft_categories`
--
ALTER TABLE `craft_categories`
	ADD CONSTRAINT `craft_categories_groupId_fk` FOREIGN KEY (`groupId`) REFERENCES `craft_categorygroups` (`id`) ON DELETE CASCADE,
	ADD CONSTRAINT `craft_categories_id_fk` FOREIGN KEY (`id`) REFERENCES `craft_elements` (`id`) ON DELETE CASCADE;

--
-- Constraints for table `craft_categorygroups`
--
ALTER TABLE `craft_categorygroups`
	ADD CONSTRAINT `craft_categorygroups_fieldLayoutId_fk` FOREIGN KEY (`fieldLayoutId`) REFERENCES `craft_fieldlayouts` (`id`) ON DELETE SET NULL,
	ADD CONSTRAINT `craft_categorygroups_structureId_fk` FOREIGN KEY (`structureId`) REFERENCES `craft_structures` (`id`) ON DELETE CASCADE;

--
-- Constraints for table `craft_categorygroups_i18n`
--
ALTER TABLE `craft_categorygroups_i18n`
	ADD CONSTRAINT `craft_categorygroups_i18n_groupId_fk` FOREIGN KEY (`groupId`) REFERENCES `craft_categorygroups` (`id`) ON DELETE CASCADE,
	ADD CONSTRAINT `craft_categorygroups_i18n_locale_fk` FOREIGN KEY (`locale`) REFERENCES `craft_locales` (`locale`) ON DELETE CASCADE ON UPDATE CASCADE;

--
-- Constraints for table `craft_content`
--
ALTER TABLE `craft_content`
	ADD CONSTRAINT `craft_content_elementId_fk` FOREIGN KEY (`elementId`) REFERENCES `craft_elements` (`id`) ON DELETE CASCADE,
	ADD CONSTRAINT `craft_content_locale_fk` FOREIGN KEY (`locale`) REFERENCES `craft_locales` (`locale`) ON DELETE CASCADE ON UPDATE CASCADE;

--
-- Constraints for table `craft_elements_i18n`
--
ALTER TABLE `craft_elements_i18n`
	ADD CONSTRAINT `craft_elements_i18n_elementId_fk` FOREIGN KEY (`elementId`) REFERENCES `craft_elements` (`id`) ON DELETE CASCADE,
	ADD CONSTRAINT `craft_elements_i18n_locale_fk` FOREIGN KEY (`locale`) REFERENCES `craft_locales` (`locale`) ON DELETE CASCADE ON UPDATE CASCADE;

--
-- Constraints for table `craft_emailmessages`
--
ALTER TABLE `craft_emailmessages`
	ADD CONSTRAINT `craft_emailmessages_locale_fk` FOREIGN KEY (`locale`) REFERENCES `craft_locales` (`locale`) ON DELETE CASCADE ON UPDATE CASCADE;

--
-- Constraints for table `craft_entries`
--
ALTER TABLE `craft_entries`
	ADD CONSTRAINT `craft_entries_authorId_fk` FOREIGN KEY (`authorId`) REFERENCES `craft_users` (`id`) ON DELETE CASCADE,
	ADD CONSTRAINT `craft_entries_id_fk` FOREIGN KEY (`id`) REFERENCES `craft_elements` (`id`) ON DELETE CASCADE,
	ADD CONSTRAINT `craft_entries_sectionId_fk` FOREIGN KEY (`sectionId`) REFERENCES `craft_sections` (`id`) ON DELETE CASCADE,
	ADD CONSTRAINT `craft_entries_typeId_fk` FOREIGN KEY (`typeId`) REFERENCES `craft_entrytypes` (`id`) ON DELETE CASCADE;

--
-- Constraints for table `craft_entrydrafts`
--
ALTER TABLE `craft_entrydrafts`
	ADD CONSTRAINT `craft_entrydrafts_creatorId_fk` FOREIGN KEY (`creatorId`) REFERENCES `craft_users` (`id`) ON DELETE CASCADE,
	ADD CONSTRAINT `craft_entrydrafts_entryId_fk` FOREIGN KEY (`entryId`) REFERENCES `craft_entries` (`id`) ON DELETE CASCADE,
	ADD CONSTRAINT `craft_entrydrafts_locale_fk` FOREIGN KEY (`locale`) REFERENCES `craft_locales` (`locale`) ON DELETE CASCADE ON UPDATE CASCADE,
	ADD CONSTRAINT `craft_entrydrafts_sectionId_fk` FOREIGN KEY (`sectionId`) REFERENCES `craft_sections` (`id`) ON DELETE CASCADE;

--
-- Constraints for table `craft_entrytypes`
--
ALTER TABLE `craft_entrytypes`
	ADD CONSTRAINT `craft_entrytypes_fieldLayoutId_fk` FOREIGN KEY (`fieldLayoutId`) REFERENCES `craft_fieldlayouts` (`id`) ON DELETE SET NULL,
	ADD CONSTRAINT `craft_entrytypes_sectionId_fk` FOREIGN KEY (`sectionId`) REFERENCES `craft_sections` (`id`) ON DELETE CASCADE;

--
-- Constraints for table `craft_entryversions`
--
ALTER TABLE `craft_entryversions`
	ADD CONSTRAINT `craft_entryversions_creatorId_fk` FOREIGN KEY (`creatorId`) REFERENCES `craft_users` (`id`) ON DELETE SET NULL,
	ADD CONSTRAINT `craft_entryversions_entryId_fk` FOREIGN KEY (`entryId`) REFERENCES `craft_entries` (`id`) ON DELETE CASCADE,
	ADD CONSTRAINT `craft_entryversions_locale_fk` FOREIGN KEY (`locale`) REFERENCES `craft_locales` (`locale`) ON DELETE CASCADE ON UPDATE CASCADE,
	ADD CONSTRAINT `craft_entryversions_sectionId_fk` FOREIGN KEY (`sectionId`) REFERENCES `craft_sections` (`id`) ON DELETE CASCADE;

--
-- Constraints for table `craft_fieldlayoutfields`
--
ALTER TABLE `craft_fieldlayoutfields`
	ADD CONSTRAINT `craft_fieldlayoutfields_fieldId_fk` FOREIGN KEY (`fieldId`) REFERENCES `craft_fields` (`id`) ON DELETE CASCADE,
	ADD CONSTRAINT `craft_fieldlayoutfields_layoutId_fk` FOREIGN KEY (`layoutId`) REFERENCES `craft_fieldlayouts` (`id`) ON DELETE CASCADE,
	ADD CONSTRAINT `craft_fieldlayoutfields_tabId_fk` FOREIGN KEY (`tabId`) REFERENCES `craft_fieldlayouttabs` (`id`) ON DELETE CASCADE;

--
-- Constraints for table `craft_fieldlayouttabs`
--
ALTER TABLE `craft_fieldlayouttabs`
	ADD CONSTRAINT `craft_fieldlayouttabs_layoutId_fk` FOREIGN KEY (`layoutId`) REFERENCES `craft_fieldlayouts` (`id`) ON DELETE CASCADE;

--
-- Constraints for table `craft_fields`
--
ALTER TABLE `craft_fields`
	ADD CONSTRAINT `craft_fields_groupId_fk` FOREIGN KEY (`groupId`) REFERENCES `craft_fieldgroups` (`id`) ON DELETE CASCADE;

--
-- Constraints for table `craft_globalsets`
--
ALTER TABLE `craft_globalsets`
	ADD CONSTRAINT `craft_globalsets_fieldLayoutId_fk` FOREIGN KEY (`fieldLayoutId`) REFERENCES `craft_fieldlayouts` (`id`) ON DELETE SET NULL,
	ADD CONSTRAINT `craft_globalsets_id_fk` FOREIGN KEY (`id`) REFERENCES `craft_elements` (`id`) ON DELETE CASCADE;

--
-- Constraints for table `craft_matrixblocks`
--
ALTER TABLE `craft_matrixblocks`
	ADD CONSTRAINT `craft_matrixblocks_fieldId_fk` FOREIGN KEY (`fieldId`) REFERENCES `craft_fields` (`id`) ON DELETE CASCADE,
	ADD CONSTRAINT `craft_matrixblocks_id_fk` FOREIGN KEY (`id`) REFERENCES `craft_elements` (`id`) ON DELETE CASCADE,
	ADD CONSTRAINT `craft_matrixblocks_ownerId_fk` FOREIGN KEY (`ownerId`) REFERENCES `craft_elements` (`id`) ON DELETE CASCADE,
	ADD CONSTRAINT `craft_matrixblocks_ownerLocale_fk` FOREIGN KEY (`ownerLocale`) REFERENCES `craft_locales` (`locale`) ON DELETE CASCADE ON UPDATE CASCADE,
	ADD CONSTRAINT `craft_matrixblocks_typeId_fk` FOREIGN KEY (`typeId`) REFERENCES `craft_matrixblocktypes` (`id`) ON DELETE CASCADE;

--
-- Constraints for table `craft_matrixblocktypes`
--
ALTER TABLE `craft_matrixblocktypes`
	ADD CONSTRAINT `craft_matrixblocktypes_fieldId_fk` FOREIGN KEY (`fieldId`) REFERENCES `craft_fields` (`id`) ON DELETE CASCADE,
	ADD CONSTRAINT `craft_matrixblocktypes_fieldLayoutId_fk` FOREIGN KEY (`fieldLayoutId`) REFERENCES `craft_fieldlayouts` (`id`) ON DELETE SET NULL;

--
-- Constraints for table `craft_migrations`
--
ALTER TABLE `craft_migrations`
	ADD CONSTRAINT `craft_migrations_pluginId_fk` FOREIGN KEY (`pluginId`) REFERENCES `craft_plugins` (`id`) ON DELETE CASCADE;

--
-- Constraints for table `craft_relations`
--
ALTER TABLE `craft_relations`
	ADD CONSTRAINT `craft_relations_fieldId_fk` FOREIGN KEY (`fieldId`) REFERENCES `craft_fields` (`id`) ON DELETE CASCADE,
	ADD CONSTRAINT `craft_relations_sourceId_fk` FOREIGN KEY (`sourceId`) REFERENCES `craft_elements` (`id`) ON DELETE CASCADE,
	ADD CONSTRAINT `craft_relations_sourceLocale_fk` FOREIGN KEY (`sourceLocale`) REFERENCES `craft_locales` (`locale`) ON DELETE CASCADE ON UPDATE CASCADE,
	ADD CONSTRAINT `craft_relations_targetId_fk` FOREIGN KEY (`targetId`) REFERENCES `craft_elements` (`id`) ON DELETE CASCADE;

--
-- Constraints for table `craft_routes`
--
ALTER TABLE `craft_routes`
	ADD CONSTRAINT `craft_routes_locale_fk` FOREIGN KEY (`locale`) REFERENCES `craft_locales` (`locale`) ON DELETE CASCADE ON UPDATE CASCADE;

--
-- Constraints for table `craft_sections`
--
ALTER TABLE `craft_sections`
	ADD CONSTRAINT `craft_sections_structureId_fk` FOREIGN KEY (`structureId`) REFERENCES `craft_structures` (`id`) ON DELETE SET NULL;

--
-- Constraints for table `craft_sections_i18n`
--
ALTER TABLE `craft_sections_i18n`
	ADD CONSTRAINT `craft_sections_i18n_locale_fk` FOREIGN KEY (`locale`) REFERENCES `craft_locales` (`locale`) ON DELETE CASCADE ON UPDATE CASCADE,
	ADD CONSTRAINT `craft_sections_i18n_sectionId_fk` FOREIGN KEY (`sectionId`) REFERENCES `craft_sections` (`id`) ON DELETE CASCADE;

--
-- Constraints for table `craft_sessions`
--
ALTER TABLE `craft_sessions`
	ADD CONSTRAINT `craft_sessions_userId_fk` FOREIGN KEY (`userId`) REFERENCES `craft_users` (`id`) ON DELETE CASCADE;

--
-- Constraints for table `craft_shunnedmessages`
--
ALTER TABLE `craft_shunnedmessages`
	ADD CONSTRAINT `craft_shunnedmessages_userId_fk` FOREIGN KEY (`userId`) REFERENCES `craft_users` (`id`) ON DELETE CASCADE;

--
-- Constraints for table `craft_structureelements`
--
ALTER TABLE `craft_structureelements`
	ADD CONSTRAINT `craft_structureelements_elementId_fk` FOREIGN KEY (`elementId`) REFERENCES `craft_elements` (`id`) ON DELETE CASCADE,
	ADD CONSTRAINT `craft_structureelements_structureId_fk` FOREIGN KEY (`structureId`) REFERENCES `craft_structures` (`id`) ON DELETE CASCADE;

--
-- Constraints for table `craft_taggroups`
--
ALTER TABLE `craft_taggroups`
	ADD CONSTRAINT `craft_taggroups_fieldLayoutId_fk` FOREIGN KEY (`fieldLayoutId`) REFERENCES `craft_fieldlayouts` (`id`) ON DELETE SET NULL;

--
-- Constraints for table `craft_tags`
--
ALTER TABLE `craft_tags`
	ADD CONSTRAINT `craft_tags_groupId_fk` FOREIGN KEY (`groupId`) REFERENCES `craft_taggroups` (`id`) ON DELETE CASCADE,
	ADD CONSTRAINT `craft_tags_id_fk` FOREIGN KEY (`id`) REFERENCES `craft_elements` (`id`) ON DELETE CASCADE;

--
-- Constraints for table `craft_templatecachecriteria`
--
ALTER TABLE `craft_templatecachecriteria`
	ADD CONSTRAINT `craft_templatecachecriteria_cacheId_fk` FOREIGN KEY (`cacheId`) REFERENCES `craft_templatecaches` (`id`) ON DELETE CASCADE;

--
-- Constraints for table `craft_templatecacheelements`
--
ALTER TABLE `craft_templatecacheelements`
	ADD CONSTRAINT `craft_templatecacheelements_cacheId_fk` FOREIGN KEY (`cacheId`) REFERENCES `craft_templatecaches` (`id`) ON DELETE CASCADE,
	ADD CONSTRAINT `craft_templatecacheelements_elementId_fk` FOREIGN KEY (`elementId`) REFERENCES `craft_elements` (`id`) ON DELETE CASCADE;

--
-- Constraints for table `craft_templatecaches`
--
ALTER TABLE `craft_templatecaches`
	ADD CONSTRAINT `craft_templatecaches_locale_fk` FOREIGN KEY (`locale`) REFERENCES `craft_locales` (`locale`) ON DELETE CASCADE ON UPDATE CASCADE;

--
-- Constraints for table `craft_usergroups_users`
--
ALTER TABLE `craft_usergroups_users`
	ADD CONSTRAINT `craft_usergroups_users_groupId_fk` FOREIGN KEY (`groupId`) REFERENCES `craft_usergroups` (`id`) ON DELETE CASCADE,
	ADD CONSTRAINT `craft_usergroups_users_userId_fk` FOREIGN KEY (`userId`) REFERENCES `craft_users` (`id`) ON DELETE CASCADE;

--
-- Constraints for table `craft_userpermissions_usergroups`
--
ALTER TABLE `craft_userpermissions_usergroups`
	ADD CONSTRAINT `craft_userpermissions_usergroups_groupId_fk` FOREIGN KEY (`groupId`) REFERENCES `craft_usergroups` (`id`) ON DELETE CASCADE,
	ADD CONSTRAINT `craft_userpermissions_usergroups_permissionId_fk` FOREIGN KEY (`permissionId`) REFERENCES `craft_userpermissions` (`id`) ON DELETE CASCADE;

--
-- Constraints for table `craft_userpermissions_users`
--
ALTER TABLE `craft_userpermissions_users`
	ADD CONSTRAINT `craft_userpermissions_users_permissionId_fk` FOREIGN KEY (`permissionId`) REFERENCES `craft_userpermissions` (`id`) ON DELETE CASCADE,
	ADD CONSTRAINT `craft_userpermissions_users_userId_fk` FOREIGN KEY (`userId`) REFERENCES `craft_users` (`id`) ON DELETE CASCADE;

--
-- Constraints for table `craft_users`
--
ALTER TABLE `craft_users`
	ADD CONSTRAINT `craft_users_id_fk` FOREIGN KEY (`id`) REFERENCES `craft_elements` (`id`) ON DELETE CASCADE,
	ADD CONSTRAINT `craft_users_preferredLocale_fk` FOREIGN KEY (`preferredLocale`) REFERENCES `craft_locales` (`locale`) ON DELETE SET NULL ON UPDATE CASCADE;

--
-- Constraints for table `craft_widgets`
--
ALTER TABLE `craft_widgets`
	ADD CONSTRAINT `craft_widgets_userId_fk` FOREIGN KEY (`userId`) REFERENCES `craft_users` (`id`) ON DELETE CASCADE;

SET FOREIGN_KEY_CHECKS = 1;
